FIPS,EDD_ssp585,EDD_ssp245,EDD_2000s,GDD_4_5_ssp585,GDD_4_5_ssp245,GDD_4_5_2000s,GDD_6_9_ssp585,GDD_6_9_ssp245,GDD_6_9_2000s,ppt_4_5_ssp585,ppt_4_5_ssp245,ppt_4_5_2000s,ppt_6_9_ssp585,ppt_6_9_ssp245,ppt_6_9_2000s
17001,130.70021004541883,104.96765730454975,40.54823042132465,630.320760358314,602.189688751035,503.067676766215,2128.5605941438416,2057.8005536716028,1828.432131895725,230.76086833425728,231.52270027324752,216.66795374592203,397.59011339526813,393.32297608276144,402.17134647587915
17003,202.3623248009119,175.7613590984493,83.23374856564125,773.9485046529525,755.1943367751974,652.603940082924,2268.7160120066337,2221.1496009074017,2028.433263610952,263.55400542017344,269.7376056581754,258.78834597675524,388.87957165645855,383.60333265725285,390.845038525834
17005,152.37164755030776,126.58071719883068,51.35751753995927,695.643618193781,676.4472185350672,571.6662938905993,2202.3724709525504,2141.9712944416533,1932.368187937377,228.96552839145352,236.55056237380876,220.12771351456155,361.97730624987776,353.81502275564424,358.78859921976164
17007,61.1494427816498,45.23069435989556,13.192070301451446,467.4594240280004,444.53684072315536,354.1400461575672,1916.1517376503045,1837.16697326728,1594.7120982392503,210.02993624406173,208.86721325169106,187.7089349519678,383.6373553176351,387.714936757617,397.12406450992177
17009,121.1168644665112,95.40808574150444,35.64165572697435,621.0265302625834,594.7066821139948,495.2456335729961,2124.783566271185,2053.0813445424533,1823.0193040557438,229.37325428990508,229.63299742551536,214.1708104353013,387.1885753906719,384.554686246967,392.0411796605748
17011,89.06097941955207,67.09433473952791,21.60604926056829,543.0489483294966,520.802443335545,426.4538416194109,2037.6140540531492,1957.8907752002901,1721.2881601418485,224.06090888889463,225.510686064212,201.75835244499106,388.47382591480897,387.0563508732876,390.5619928536404
17013,148.5710776300857,122.26673346739592,49.69791235438741,670.3587718193569,646.4001226351774,544.7790794947841,2195.333887884413,2133.0451206209423,1919.9605763389059,226.05813973353952,226.458865308768,212.581561513844,356.9263841559132,357.2975951648926,362.4286019061742
17015,74.45018624179012,55.090000909834316,16.665006911270474,509.5045857381805,488.8441354277652,396.770992378355,1973.352307963077,1891.567455756291,1647.6027818685957,222.35428586367365,221.81896795834427,198.31210955169644,402.1338193696594,402.8677909400638,407.4551958177375
17017,114.4515131740764,88.54760989293757,32.2513358123765,614.7985754424681,590.6619311177974,491.28967889595987,2113.505925219205,2039.9814279580328,1813.0971677678347,231.47872064071402,230.81878207242758,213.07829746455513,382.62435580531553,380.2551002642796,383.63881992307216
17019,98.10935550447029,75.15181422120506,25.75015314247137,603.0379513117995,580.2087271160991,481.0482017675771,2099.08231613489,2024.509505682589,1793.9475074941643,219.5533616195728,226.67434505268056,201.51583583667264,397.4459887949553,397.6138533808675,396.3419797681514
17021,124.7413061887494,99.18288363369197,37.604522907035644,656.1072639532238,633.7691332462603,532.5204554125611,2151.3456290097097,2080.5813402716853,1862.9024261075078,220.98141270161213,228.4880464905156,210.5929532022661,375.65476940572387,368.0537886842139,371.90582373494027
17023,125.59676749635764,98.33938084701956,38.891025006232795,663.3258979811346,640.0573024839496,538.686402494312,2173.6977600052155,2105.6762906316603,1887.4749982012959,224.63418141152906,237.53281469016855,218.61431193032894,395.0233013304793,390.4286237504482,395.78186213642175
17025,136.2308992394658,110.10708451861333,43.9490190476627,678.6771936694947,658.2574357505529,553.1157784213292,2192.5088468756794,2129.376738386645,1914.2272968863442,234.73212656494442,243.67239453079733,226.68902831724694,375.0625101945726,364.44328406702175,373.3933648564506
17027,162.73469529819116,138.31701865068402,57.38475517884532,710.414510691842,691.7856779342624,584.8671295107118,2220.8986518166403,2165.711385104864,1959.8314583576089,232.00046378042853,241.10019882501,224.77000756011884,359.7533687857025,349.6672826673795,355.7025370567441
17029,119.43049636284942,93.42497340090674,35.24485521553673,649.6451208072074,626.5411341954291,525.8614425617664,2154.3376089576623,2085.854490526686,1864.1846183182624,221.0971731013386,234.4998718034404,211.48530674298073,389.30313372401116,385.95347492402846,391.531533569326
17031,58.14789424210733,42.80187673982031,12.61425637246203,491.7951713798423,466.69147315117516,373.3216336641204,1968.9569089134607,1894.566348749087,1653.4536973126656,207.64210320043736,209.90137785486618,184.93929680683217,371.36316184877614,371.523704407366,378.7116359346977
17033,133.3702416206333,104.95032008084209,42.839359878861856,678.0916643361086,656.0213873295495,551.4831331040305,2194.9777470789545,2128.0745615791993,1911.9398824445398,234.6530566450503,247.60306309605727,229.74317490831572,395.4744878823341,389.8503417738031,395.5214645176391
17035,125.69010084400134,98.7640220006688,38.34361217820979,661.1926244051002,638.7491917804298,536.5244497975506,2169.434012146646,2101.215157884647,1882.254701329747,224.03875160621502,236.30464601189243,215.8727880216477,385.09805788869244,380.8406501369917,387.3079544137925
17037,69.1456058842036,50.97997061224388,14.96690711054831,496.32570689831965,473.8547083608367,381.59519380132235,1965.4046167465065,1883.391020657607,1640.557779425099,211.36998245539422,215.6841817166976,192.2566299361669,380.952468130518,385.74695506140444,390.8243584020561
17039,105.43333357339218,80.42784161794525,28.488801028856578,605.2069840349183,581.3302056899213,482.3174866266134,2095.9633085869295,2021.123898892579,1792.2440568162776,213.76418334855325,217.31991789176732,195.05155521878893,383.6080379674546,381.5370844154228,381.5660387181024
17041,112.38754016979703,87.79854053192767,32.12070112488983,635.0116661108581,612.008749871786,511.98753867262377,2137.31116891606,2067.49635196702,1842.4994504417057,219.5354383799547,230.25037485429294,208.1954778505226,393.4921364702509,391.65264079033943,394.72487092632235
17043,60.1041380196055,44.30253325542479,12.861478080940838,490.8975389036871,466.5264800967449,374.05628145499384,1963.1454651457836,1885.401494246867,1643.607983814773,210.12761631688903,213.36806973136018,187.80808051139732,375.6661724108372,377.65883648654096,384.2084930945988
17045,113.86911424204376,89.33836555080444,33.484819215093644,641.3137279514174,617.5727411997648,518.0068252680886,2142.9935168415213,2072.345598416254,1848.8074682641177,224.27391822282692,236.22657163399595,215.51330149781606,402.6427330473322,402.73464915322927,405.20935045328986
17047,140.72878481333768,115.26713057430871,47.0498103222275,689.976361312642,670.5729073413227,563.0714483691912,2209.606099669147,2149.893421461261,1937.1722976751273,243.60403771356488,252.9783470114145,240.52095730388146,379.4121541237235,373.0440818994594,377.7853760718557
17049,130.09746996853568,103.87696373496513,40.1434627612259,670.4711612285847,649.8103075052443,545.8838874855152,2180.189840933015,2112.563611625861,1895.0072693830818,226.5984794012414,238.4274339235837,218.74399283987563,374.6241292251945,364.2751847994849,374.1100897902684
17051,136.16313376776907,110.87319555591587,42.82368451478665,678.8457881954178,659.204798989371,554.7443475600328,2184.3724701698675,2118.342826334228,1904.0902796100968,226.11412361836838,237.50704596695104,218.72165834979918,365.61960190883474,357.50739746669433,364.48215328767196
17053,86.857606572564,64.47997637875028,20.710250185139316,567.7452401395064,545.0809442948216,449.6801654179445,2060.7354849203703,1983.15118777067,1744.8081703312357,215.75006713950378,220.6703456494312,196.43281161391235,390.5764873066435,389.88287125127283,382.9188052621429
17055,164.49164813475,138.86671148879665,58.98532899696289,713.5607801242351,693.3576867907635,589.7538223403442,2211.781315961241,2160.523898728551,1955.8492130276827,246.93536174595766,252.2256907365539,242.58768793763926,366.09755678762804,361.6336762178522,369.8075151019254
17057,109.0986764475019,82.64163815288484,28.727952412900702,596.414390013006,571.2617466697636,472.38782302988693,2100.0580448790333,2023.5198102042154,1790.761766528464,230.966917133344,227.8453055363581,207.8130546611972,385.9639483999595,382.4103292577771,385.86527224277665
17059,170.59711184275852,142.86871323424387,63.185544237141,729.1063042734885,710.4027214408709,604.8221539000441,2240.12596447775,2186.834528964493,1985.941552523768,251.03691540392137,250.81493829731602,246.4218783076351,366.1871531964535,364.3916542515826,372.4017021271082
17061,134.810717102553,109.44360422355071,42.613150732789656,654.0721065598689,630.2145365613862,529.3968832796592,2166.3245129960624,2100.167210177955,1881.1716719656147,226.23066321763153,227.76588364988748,212.93446837185238,360.5766747328827,360.2769719050476,363.1677066641373
17063,82.55203290982826,60.82701776183042,18.88415926284589,539.1680557135318,516.703291535773,423.2507587828744,2034.7109152562093,1955.2391590105094,1716.6921187453936,212.8051831393042,216.79979065180154,189.69803829016436,378.16092154071555,378.9301777786359,383.34607063729266
17065,158.09477208051015,132.24323611237511,55.64953147833107,705.490969514388,685.5134726345179,581.0913009063265,2212.046329652147,2158.4061536437703,1951.4935972431854,245.84000238744744,249.2564076051142,241.72515616402393,362.48455475354405,356.9965735176379,366.28594134665775
17067,123.61915527078165,98.77494263203138,36.351371852490345,614.1664090101406,586.6505854970084,487.6111770162609,2109.7228828825487,2034.607768210572,1802.6204864193114,231.77739118409983,231.0608965603984,213.72111201292842,404.41775300707934,401.7840179957957,406.9799000889093
17069,174.04438314435683,146.59153643461147,65.83830077717545,736.3309856693879,716.8051421874245,612.6695663572951,2240.8740826395488,2188.155371433341,1989.3236019739568,254.35801783106226,252.30509567397576,248.6542046751405,375.2838745786081,368.85547128383337,377.5478742402456
17071,116.31333659735405,90.32577912138281,31.850260137242977,598.8330515532114,573.1403543421815,472.89177211658864,2089.184246749567,2015.3419963559231,1782.9909472745244,227.9258822733036,224.48486962559906,207.8889524775846,402.0837597463907,403.4108191187584,406.4250543618852
17073,96.3534876359489,71.59476488237748,23.92432264381413,561.3957840932808,538.216295286655,441.95770921636677,2056.822216000066,1979.8606037334816,1741.7038437096664,226.01399882213485,226.3893235949293,204.09737764607857,394.66102562894196,394.28042889243784,398.5237988033276
17075,85.74575375726194,63.611250786400106,20.255660543700706,565.0737160194445,542.6339136797462,446.20737998707756,2054.4805406520795,1977.551654640901,1739.5156895276996,217.55216999279182,221.1642877181501,197.55596078265927,389.42766541066703,387.4201216037393,379.70950914862954
17077,174.79859963692567,148.46308831895493,64.89589907207952,730.5569511940996,709.9224664329337,606.8319953929189,2221.991287048272,2172.987080018397,1969.7779753181828,251.6507029602039,260.77297597746525,246.7490050138998,383.1232677938896,372.76205136683836,382.0987858995132
17079,132.88569269428305,105.15329286523782,42.16265253894055,673.3445717007337,651.6092694657169,547.5752676784875,2188.2158495437416,2120.9198899769253,1904.8054010871267,231.72397760720915,242.92754127474683,224.34206144588128,387.9924647890146,380.094675285972,386.4218696454044
17081,149.81820829767196,125.01144836026847,51.34699628045182,692.6112185326867,672.1629302139879,567.915691413903,2194.116161775717,2139.1070915213645,1929.5432087174827,237.57068229666612,246.39310287844484,234.891182912783,361.894641696201,353.7624557382662,359.8013440528008
17083,151.71364073157162,125.11435474867498,50.50900947458519,680.6959797501819,658.023745909285,556.052788717089,2208.14193712631,2146.3193434470086,1935.7891500064172,226.28957122744615,226.22501827074908,213.15613120761805,351.300599854595,355.3556861425914,355.5087328674373
17085,65.48641732322481,48.398382100457326,13.832423942339613,494.4608143593224,474.11880480103656,382.86951265306465,1948.440781908434,1869.5758345497902,1618.2926801632545,218.33293525172408,215.8497535384866,193.26251325129877,400.8543792954551,404.6297645033919,410.80706234949764
17087,186.78603433129916,160.2420131159241,73.60071115951554,752.2699053771873,732.0969273273863,630.2322369059008,2246.939015540514,2197.610850171504,2001.8494782842477,260.2681308814439,263.3133547391977,254.58019696332727,382.531153867225,376.5643417764778,383.5599640772203
17089,62.71439891381016,45.97189343701028,13.17642256292937,484.0326298714978,460.91104822683883,369.47274694698143,1946.8355565875354,1866.8737699132603,1624.6616251801024,209.45381858477225,213.43626088312212,189.9080910318698,375.5109470816713,383.7054161911077,387.7247595455464
17091,76.38583403473609,55.21093300694365,17.081229564379576,537.6525420738517,514.5933004467164,420.17786328641415,2026.6116571506172,1948.1829482948785,1705.71307700486,213.64135949989446,217.91793618143188,191.72878624569816,383.8991672043905,376.9222014202028,380.9451976452948
17093,75.75564175937544,55.71594248081468,16.79371101296291,520.3745888989539,499.41707833850944,404.1648706814426,2005.5013380628072,1926.0969519383768,1684.9382783773137,214.3392051781703,216.89338794712785,190.54556466076096,377.52301094196747,381.278132076003,383.79590144204514
17095,101.35137642521715,75.91501135536316,25.460621939478237,576.0840778596761,551.1722532567093,453.2153152758616,2074.8691248839214,1998.1792021761376,1761.581662532693,229.62847073417484,228.50560259841149,207.80516337953412,391.3107323845763,388.9384937304163,392.52537345510194
17097,46.55132567714561,33.460846581094,9.140492415185072,446.91694770344094,422.0211063915641,332.215470308894,1923.0355797372285,1849.2885824749421,1602.6129581137434,205.07123578419345,205.4737009674006,183.42589449754232,366.3184021060788,372.4525522913532,379.8611269910079
17099,87.39723809530226,64.94691269055821,20.593039713212853,540.9416220709207,519.3036825405414,424.82906677596947,2038.7492489074095,1958.0471058377207,1721.9620245898059,214.8992538962802,217.22691246090227,192.30200339753182,377.7982046329184,380.61166491738044,383.6737685672627
17101,135.0273847743794,107.9467121656998,44.119448147800924,685.6066038582237,664.4862062011892,557.8076091128476,2205.0206083168637,2139.7401262161,1925.4299257172781,243.3410423981336,255.9160795212284,239.57055216960742,398.5418283157926,390.61686080119864,395.55014635793384
17103,76.0403367468692,56.16841053768709,17.01572327848716,514.5495618216439,493.14040244466304,400.04083418435937,1993.358370762838,1910.7303107900618,1671.4081529156429,221.58138026458073,222.6807480011442,200.0495088747202,394.37568557561997,393.56025361071966,401.5503188016161
17105,88.26576936579958,65.14403214609804,21.064544559635905,554.67613265786,531.1247383486723,437.1276798659813,2050.680452877757,1971.3600258155202,1732.3460517356027,211.50924254509886,215.39990457932817,191.01297355422088,379.0057090075612,378.7694575064987,376.36342162235644
17107,111.81192849008194,85.66122709496162,30.649105342746736,614.8346824992013,590.9722862666453,491.4824819205017,2115.7737266858553,2041.037840514159,1815.762064327898,215.1772189763159,217.80576112174077,198.00572354143713,378.797985032846,376.84562859521367,375.1889833151157
17109,114.44765441339919,89.210020077851,31.648115590485247,598.5459993416382,572.5689702822891,474.03750767592084,2091.0583082631556,2015.3288231908896,1782.4465920386065,233.33275091946362,230.17563308995486,212.47724683274532,399.09001945704034,397.7018276221463,401.1498939134185
17111,53.83346864621012,39.24095812066705,10.957681099627376,453.3241471227637,430.8117657094687,340.85895843649433,1906.664662190294,1829.6895412628814,1585.6067353286576,206.06437428947788,206.60483214109408,185.1752582167527,376.84327822556173,381.41490254059346,388.70713620271795
17113,96.00454754436136,71.61765816136811,24.253591505225337,574.6592130772474,552.0240133147238,455.4527665651047,2065.311559367306,1988.4132711129416,1755.1707368166176,213.72768850470237,217.20267440525672,192.9603720932683,379.21997354334343,379.68173224717873,376.72226464375024
17115,116.67459684925734,90.9645337695805,33.66920500669217,633.9283150647673,610.0263371935263,510.0667209904165,2126.4049121248254,2054.3165556727595,1833.0025798433057,215.54102564396376,220.30353326509143,201.84366419289262,381.7128253837285,376.4813460662141,376.658829708327
17117,138.41119186035579,113.57621307988498,44.54116859873358,667.8961125956369,646.5945968717306,544.7508792436577,2170.5966054703104,2104.262360784389,1889.5307408469125,225.75848875597498,229.61251353639926,213.75779295305043,358.0786734400423,360.4417617786016,361.0383293055171
17119,170.79104207339617,144.5891214058695,60.618170957211476,715.3446140476091,695.441454395396,590.5575254416527,2242.332123169202,2185.3878693351044,1982.1417994773706,227.99855828336916,233.49600432352227,218.74709820872494,355.95184782821923,351.6920071459041,357.0177962517296
17121,141.1096004963432,116.71704490762404,46.244732001753775,683.7515020342313,664.5627353138473,558.8031624473554,2189.6507402369634,2130.1064810380503,1917.355875625477,232.38657082014979,241.66879402803244,224.5718020489146,364.187047869293,352.27667021380347,361.56661913283784
17123,98.5965884961447,73.91731081332819,24.7660486827829,561.5275544296139,538.658943740757,442.544376713153,2067.18521951787,1989.428556426164,1754.716331902158,218.67901171422164,220.4962588861777,197.3983823616334,376.62793832282625,374.3061368687103,377.0614185460835
17125,111.51650443959247,84.81570488256558,29.828462756028436,609.3671410933887,584.8735485858613,485.4596806485821,2119.36244229855,2043.4889758749082,1814.9997636710123,225.88466625349685,225.23601734352206,205.08381556423132,378.90289541906384,373.8825626428356,375.9367050022003
17127,195.12705273540797,168.770363951024,79.10252105953697,770.1827235689905,750.3474494290676,647.2148360418723,2269.6844407192198,2220.3054334588455,2028.752642956793,261.1116888842245,262.58920307701203,254.479285916318,387.4470563469368,381.17909341394727,386.86460780983447
17129,111.17202474120197,84.95645582896103,30.08399203136247,616.564484271004,593.1162292601118,493.11453708239395,2121.5576822842095,2046.7389106734013,1820.4885805245099,222.75039149606474,222.57225541912962,204.85413776029196,374.4126819131534,372.45318423745425,371.5734559524994
17131,110.14655460901966,83.26728254304744,28.881809673969165,588.5620317352688,563.4133011678896,463.9329562731961,2085.500314535041,2012.7595463617836,1776.391002326738,224.39592108938663,223.5905942112237,203.29819786488954,401.51203841791204,401.36381438268927,402.33917679676233
17133,176.24099699244033,151.3110613449747,64.138197445402,722.4860844549778,702.7658136594997,596.757482851235,2245.36711437902,2193.3836363062996,1989.2008617105716,232.07888609383025,238.3115422353182,223.96054015268493,367.1043679504945,357.83539969037315,362.80063343556463
17135,134.62095439385604,109.24178995922605,42.508192414677616,671.4808994022949,650.8928825182409,548.0446765805647,2166.296860880235,2098.184267179814,1884.5618863898567,226.08072636331826,232.05298775222482,215.29516656635255,364.2642636721528,362.1528242813037,365.6235990803926
17137,116.11236948299404,91.11477181196594,33.52875170961463,623.1014830393242,599.4131483048264,500.1035130741276,2118.283905043816,2046.4996358650574,1819.8322386357431,230.0521407507681,229.21187861214307,213.44098098844475,377.2317148538317,375.68551653479085,377.525334025489
17139,119.72682961496324,94.11457232961969,35.115188108999405,646.8956106468096,623.7375425828229,523.3962256651423,2144.5289191432903,2075.427401827318,1854.5344808914542,217.44566106199082,227.15891612556055,207.0833446799698,381.77895850751,374.29913630701196,377.67698504676287
17141,68.52319423682556,50.28001321465615,14.766602051432216,493.360934786882,471.89034665354086,380.4974070244444,1958.0069756619644,1875.8368601661873,1633.1624443120102,220.01218122732794,219.51690796820884,198.10174088574223,396.3165399566609,398.1769070778675,406.91725227058635
17143,101.49789825319034,75.58528895792816,25.380776029905487,579.8093241667161,555.8978385478471,457.8428903632055,2092.5281620862074,2015.4244086856331,1781.6376713202249,224.15358645660618,224.02970118810026,202.13444339455162,373.97738581425244,371.19186591369123,371.3995362567928
17145,167.32448715496076,141.64029040899393,60.23571153625288,717.6330095304053,697.3381217853553,592.8439332085362,2216.882730131991,2166.268856058909,1960.9044679685874,242.34724000273914,252.13585513221307,237.5891977435624,370.8833350409453,361.6409569005885,366.22351399232906
17147,108.19622249835004,84.15037114323916,30.21916229506842,619.2475192306895,595.7498072833693,496.21665580336884,2113.688514301717,2040.5711091248918,1814.7122340679257,216.23113341821858,222.09833405836451,200.1829860550968,386.98244643535884,383.5660431768727,383.93818556900885
17149,130.94364100044578,104.99233707498433,41.26157346007057,637.4347219649471,611.7720149350641,511.2292234341773,2146.283457127165,2077.2791378114825,1853.3192685168913,227.0876234450484,226.5608839850533,214.13158653307178,377.34707400265313,376.9502857758281,380.7873503133741
17151,182.28198540643646,155.54405495620776,71.2390713324769,748.7208354271543,728.7068302896139,625.7547147571637,2247.3389580680987,2196.8556417253476,1999.889624940705,257.713909501512,258.0212984162351,251.3291715721839,380.7361046830016,375.1345840060976,382.40784181662787
17153,204.35594485983563,177.59916729490868,84.28142479052993,777.7244523030124,758.8950886627268,656.2863887854778,2276.727539944105,2229.4255053726592,2038.6578015007708,262.78954849395996,268.6303806851473,258.3644642785317,387.52858733501654,382.5091717430738,389.06979089417246
17155,98.84988687008816,74.47892520035592,24.978479698359745,559.6683876427668,536.8863366355588,441.3679370436622,2066.679311219588,1988.5456119804796,1754.8477777930989,217.541291446376,219.50198981811758,195.70879551492817,377.38325423026083,376.31034071435636,380.1471052903105
17157,177.8542531142096,152.63654985802702,66.1479005893197,727.0942406574878,707.2839242856028,602.7060793378321,2233.140369257161,2183.0991691810877,1980.1509740249217,238.79995165162808,248.44634959664617,231.01039873774624,376.82647957295563,364.9543090498967,369.35447449650445
17159,135.19800483353978,108.93383269695542,43.782740863856205,680.1865039877057,659.8341026495624,553.5221280424952,2198.150359051807,2133.950466395617,1919.8917738057485,239.95322930169922,251.26214323367412,234.25898483433815,389.1132555054563,379.68653338020647,386.1073230679348
17161,102.63752688487698,76.91522203907,26.275703778510852,575.5399521268312,551.6311636815719,453.5439218056466,2071.970279244288,1996.238891741768,1758.6615022587794,221.44441902298527,222.2144036949277,199.86535338116875,398.679533663877,399.88823668307936,402.9751799847878
17163,179.83055097233034,153.83473032837753,65.74529221990151,728.7010663514891,709.3992834126742,602.9351991980394,2254.8320866855847,2201.8920520698257,2000.748881396437,231.4172356714812,238.56202556132266,222.9095917835876,362.1695413335749,354.1399591727871,357.5596231057897
17165,171.67031833393852,145.2465905783469,64.0395373709945,727.9952625054761,708.6827173734602,604.8984357607148,2230.5444460374956,2178.375623568007,1977.6402373479693,252.63605100806006,253.4776037881739,246.9202309046645,367.08913697124444,364.3231251256173,373.9891325928755
17167,118.40795658871075,92.70313371984658,34.119766376510306,635.9942179819816,613.340156874397,513.0680702588768,2134.9647054610173,2062.532577242503,1840.4296056676424,221.02417075158982,222.92153329254597,206.51565508606436,373.4541704706559,369.5751163625835,369.41525949754913
17169,117.88616247417933,92.02517595429103,33.73130708610408,610.3832043743411,583.839193484301,485.37336282055173,2110.4283217480897,2036.2012003109091,1805.2711506292155,232.46017613878772,233.05360273496746,214.4230736913049,392.1690129517673,391.69503048403567,395.16464602868786
17171,122.59968152038462,97.16844453839005,36.649773470484845,632.1369908481572,607.5787701343435,507.68952379363236,2136.6493786221636,2066.4550832823256,1841.2096664142155,228.51841668807106,228.0086162382068,213.65095959600126,373.9850355124878,374.23847213727765,376.7968034659374
17173,122.49719547843438,97.3435674994083,36.55106361585589,657.7269924977593,635.2895124387039,533.6106648107595,2156.7441290877605,2087.442766086847,1867.995277574563,220.0524589341183,231.2222355985722,211.3846238049744,374.7894955612313,367.3175006488555,371.61078657510336
17175,93.03742269173635,69.14096151694308,22.468549839232058,558.3726021423695,534.8626171077178,438.82617888196484,2057.662078053358,1979.9482402572928,1741.5180230052392,225.66643876011932,226.75597339180717,203.9938437692474,381.42651057346535,379.86406230288077,383.3255394807544
17177,61.59999008283154,45.440629859643686,12.93604677531384,474.3421010756214,454.60187706336393,364.5506188152995,1916.9331436072437,1836.7507782860416,1588.9709846915537,219.10416731497753,215.6082773877503,195.47354036383598,397.7348046104791,405.0009292533356,409.46969403086604
17179,105.38218099682618,79.33870037269122,27.29099842332541,589.292590340305,565.8256621894873,466.9817480689979,2097.868718129528,2021.787167956653,1791.8761691322918,217.93835840587494,218.7233917300967,198.0726914707654,373.84627837900115,371.06272879428354,369.71214316719784
17181,187.15880605695338,159.9106872238055,73.34355901457639,751.2104187862057,731.1652106099785,629.2720911620369,2241.673753155595,2193.339177765881,1995.8693474651038,262.75628696433057,267.20280668715543,255.8771006374158,385.914182521407,379.0951488057596,387.85546786203867
17183,100.1757674238663,77.89383055545395,27.14213595145456,606.637043377707,583.9598002822577,484.62203983499,2094.2280246759224,2020.7301977080285,1792.09104651964,223.96457633857685,232.1231436662957,208.7398300138804,402.4107206007849,403.05540333107155,399.72928644193155
17185,138.07263041804805,112.42928026769013,45.88530543413093,691.2103651580352,671.8345392787401,563.6483107104738,2213.0752440881806,2152.5920371720003,1938.9500632932672,246.83460956205695,256.72095607053313,244.97604273517163,388.7180282169374,383.0169216732597,386.5085083731023
17187,109.84186385425078,83.89180573344137,29.122805131852697,589.9359283918742,564.2540249812205,464.92240512834724,2079.3727842732933,2004.3936326891512,1769.9749246136785,230.05800612469199,226.19565277668008,207.75418713921195,398.96165171012495,398.157951122244,400.60436222896544
17189,163.74388051460636,138.81568545705656,58.1582325506659,711.4782043043882,691.9687532692976,586.1150596851517,2217.243733086366,2164.338344104267,1958.605559339126,236.43109596913004,244.01517317981717,230.38983680016526,363.22572382139805,351.9288375058368,358.1084212971006
17191,142.72070298934,117.45879090297247,47.654667407726485,686.8761296176452,666.9039881298504,561.0762933643962,2200.947619928039,2142.1029260477867,1930.299895803751,238.66530950151667,248.54809630298595,234.9703259421006,370.4821881791257,360.01570984864696,368.18733814181644
17193,157.93280817138924,131.01366465733327,55.69730513448975,710.4669219723075,691.2648119751109,584.9174852844541,2226.048645786802,2172.7172336420854,1965.2794795399263,247.33940557862297,250.8890743649397,243.21977401274543,365.9633410182031,364.2265844264805,368.8934195042476
17195,87.60617733032471,65.48006022905251,21.130159735818403,538.5324852178276,517.2332162703802,423.7672951438979,2021.9328092189164,1940.79337274232,1702.0449335722437,223.7028508766194,224.45989235777225,201.30342808271735,397.0019239925331,396.4055799496256,402.51816111662356
17197,69.95038223363247,50.916028663562315,15.29258253777049,519.3177196891986,497.3333831541845,402.18989489368573,2003.6094421592977,1923.5057657923194,1681.6618001500533,213.5949990688364,216.63165299303697,188.30211551265967,378.62158805952146,377.64878210402907,380.81483827261707
17199,172.6889515314246,146.6679147580344,64.54713716229428,729.213483110482,708.9360271914247,606.2899427829309,2222.2785203140324,2172.235341397234,1970.993523574444,256.40685552714666,259.8285597470859,250.10505692640731,376.3247084940341,369.1770775246106,378.3799693374057
17201,62.629265956460266,46.69945272678599,13.34696293394197,474.59372328593406,451.9645843099721,361.402845111597,1926.1897071186322,1846.1402537641993,1602.3157454923999,213.76142063719462,212.1548835595442,191.46246922320574,392.4093204271986,397.5254978463897,406.694294204745
17203,99.9222258940828,74.91559593442933,25.442391970327062,565.6933438647496,542.6641848469995,446.6564755513329,2067.5441959119694,1989.9975788606473,1757.022227629014,215.43731806708905,218.11829574307703,195.33517756516665,372.564349565653,372.195414522543,370.74073008069155
18001,71.02522785509555,53.63725566930462,18.2151277423166,529.2330359582776,503.83658702672057,408.8939799896938,1998.7198297843993,1912.919857436537,1677.0506035855483,200.99166755994696,204.76372570190367,187.80889883083668,374.43935444046923,368.34330476939715,368.2879987250167
18003,72.65785964945992,53.922259570861186,18.457174928741914,528.4767429944751,504.42563205402803,408.36800552605564,2001.4701417840956,1917.1047991852968,1680.0622888254213,198.90114854831106,198.9735476404358,184.2508990410219,375.1614287200753,369.2734951952467,369.63876685278296
18005,99.67211976432803,76.99889356078609,30.513043741417185,621.9087790546115,599.0993105169008,498.1640540957299,2114.562322974827,2042.1820147826759,1818.6265049457438,234.04853787957313,242.49003014769482,226.2885973952985,400.1716725362871,398.77380398761636,393.0796586069476
18007,84.33385393225974,63.13143474810697,20.868868985128408,567.7194937124372,544.6721947690278,447.5726794967821,2035.578123816425,1959.541758970583,1724.4280318398837,220.09774002034223,223.43433691584497,201.56288095543476,398.38729853083925,393.76321097363814,387.62025801805044
18009,67.1058929501399,49.66469636132716,16.191336511725325,533.1718960289872,506.23808268359863,411.311064302883,2000.5274986017102,1914.830859528572,1676.7600818443705,211.17934181680397,215.36565599904725,198.49747954967697,384.16527074468434,376.447673555397,378.4511424261282
18011,90.06723727908832,69.94736822759306,24.826599326669488,593.2596186493522,567.4005292093358,470.0568430226741,2064.905508416493,1984.8625562744242,1756.9909861567733,218.26457215157862,227.43426732095818,207.15022754444098,397.9040164579765,395.1974600061424,392.4191270359452
18013,98.83437796443908,76.45300628705009,29.494655602613115,622.3264299946113,599.5249216033036,498.662168863381,2111.6033329353086,2041.5752688267432,1815.0332416220535,233.4054909957752,243.4354939480003,226.40337336181102,400.0147338432149,400.63103257835763,395.7591477055109
18015,89.45554009629747,67.7906670338324,23.531922153758362,577.4569747819039,552.3506317807426,455.79435839525667,2045.3493335663745,1968.1386678639337,1737.1575619926502,211.93135630213115,214.66342852432177,196.8572328809272,399.71717788562876,393.63635442740787,390.48133327274127
18017,80.31520343378389,60.293878732337625,19.758218093192575,557.049556830659,531.3707499856074,436.1025878218619,2028.1284632531083,1948.4048528236647,1712.1398060457177,208.887651496493,211.12477195439374,194.2674693382043,394.06705739609004,389.01856909806645,387.29987402818017
18019,119.07206424293993,95.03857894171261,40.58910616507672,680.3056884583159,659.1829484367387,554.6432161489503,2174.8491023479546,2109.254230806925,1900.1610118114768,244.88554621453446,249.7848481351768,240.26827513782183,413.4653785755774,410.3677820633699,408.56044691449875
18021,116.61060158444666,91.59404726345429,36.10973379508328,651.9037230092116,627.9451892946038,527.181607934635,2150.790331159077,2078.89714780617,1860.9452745393205,229.18821081951972,243.3969871213219,222.54286490122553,404.71182965193077,403.2344365883056,406.3710422124517
18023,90.01774788324306,68.80762913034962,24.67185320508466,584.0629689494036,558.6222162003761,461.3475161012866,2049.125054228665,1970.48660905909,1741.1963327631888,215.80105617885846,221.49001250912175,202.83839771972524,398.78547410488466,395.3235006504918,391.3534781360263
18025,119.78633192824236,96.83447605282022,40.12528265895908,686.6707647212661,666.6336497707285,561.1348627469235,2165.549534822785,2101.507964031897,1889.806254532709,249.84431709412473,255.89624661435695,246.8735334132623,403.7964447847602,400.90842753525703,400.34234339435125
18027,128.77501620749226,102.5411654153452,42.932201627142085,687.9588934874868,667.1319678788241,561.8497522848972,2194.889367697449,2130.460222116495,1917.0507272171624,249.27995875028347,259.7948505521147,243.7421815342879,408.8534102545451,401.4894682340337,405.33301492066636
18029,91.81684548421477,69.36178752252849,28.772455163359428,623.3735769225972,597.9112493175694,498.4651970599956,2105.8563277149337,2024.2363289720288,1806.6519347123751,227.60217712083553,231.32988080977657,219.59502629973773,396.8471156601905,393.17792037028994,383.91258068844957
18031,85.800592410109,64.91087670287791,24.801954170718265,600.2313256778514,576.2612994193154,476.31999405961216,2080.334401088342,2000.74204841007,1774.3402251794585,233.06730720003847,240.20863644128661,226.65584234927354,402.1613156715056,398.7202467274048,390.638238409373
18033,68.21877409005381,50.15479401229067,16.8713151448895,515.0574540720698,490.54766587501916,396.7918738421181,1968.8472179714195,1886.6400644020869,1649.750441652132,196.9543276619252,194.9113137363761,182.71914215975954,374.182401012198,372.46850146161586,371.7955567274936
18035,65.39248707995519,48.59254635708295,15.917390540817118,539.1010712706004,511.2124825111604,415.99038885150884,2002.3658392171867,1915.5561282346393,1677.3043894616476,218.8618558089191,224.3815015398277,206.0516944561428,389.5338632579931,382.1424545413799,382.9621737955464
18037,128.21699396825517,104.43754197393898,43.19794074270404,694.8886262626141,674.7162460035505,569.1658303379919,2189.1823702995307,2126.693042559854,1915.3010843151787,251.54776060337764,260.16075898118777,250.67709640313038,403.72516078443465,397.4670545563605,399.3354737210701
18039,68.1870276755678,49.57219540140177,15.829438087723082,521.4703159388876,493.21342694734113,401.8263373762068,1989.879869896171,1912.7447723117298,1675.1663473574251,201.988552918048,199.0146069944572,184.6604385451106,385.2703286759176,382.1010100375849,382.26088266437625
18041,75.83253593170659,56.61209628117435,20.265883620222603,576.3079271029229,549.8761556080084,452.54117373452874,2046.604798952297,1961.274400230582,1731.243269175228,232.34030399046515,239.70527984131508,222.35037476414064,395.4499879517433,393.9399371973685,386.03958606964204
18043,118.99622198594795,95.5123173542873,40.413553843723705,693.620787450771,672.782099629884,567.1657559653281,2187.192903277169,2123.118237894901,1913.9033945629428,245.705883052242,250.42478999254573,242.24125940937492,408.45451686989014,406.2307809065735,407.76904646763757
18045,104.95437486512348,83.00801512984287,30.307075589489862,615.5354820022733,591.9068678454416,493.09578424077944,2091.807463579465,2016.0577060900364,1791.646065437854,227.16705826923425,235.16536989942068,214.49673603537653,408.5531379633145,407.6958701419639,402.35161862679587
18047,81.64042893678149,61.37470473948944,23.466684221536646,598.505756389032,573.1685121590396,474.0838316546241,2073.7292439117946,1989.5112073632026,1765.2301550809273,227.53904154723858,232.89479545674217,220.02099625445098,391.8561698443834,390.45097483029815,380.67055895080705
18049,72.08395734530703,53.386277717903155,16.53929270826178,535.7718552429734,510.0298839642372,416.15750927936944,2009.2684410860475,1928.8464715329114,1689.3342028993006,210.16248823977259,211.0224198625987,193.14550670981615,393.5917281032182,390.44554257878286,386.7811970237065
18051,139.77404211867264,113.16201176696104,46.831246219267065,700.2855057220864,681.3594505042304,573.2225847028584,2221.0422500501254,2163.4579511897255,1949.6571205901728,251.3199915846454,258.40714482397806,249.32738830796256,392.36131835769027,386.5261976165143,387.3562268719068
18053,70.23818941808995,51.8625841006701,17.0217978296675,541.1164186010749,514.5141839453873,419.19354983879487,2013.8702925527753,1929.7526181718251,1691.4625845908317,211.19066841169578,214.11831841622535,197.40817865010564,385.4734072142686,378.1307461635436,378.23724759166413
18055,116.23389348322357,91.42856200731032,36.84791333186913,659.3589450275407,636.4885465343157,533.8753004148082,2159.9838992641303,2089.227247511165,1871.3615018085027,238.70775923667915,250.2659076431887,233.04967256965648,409.8800965147001,404.44036187258814,407.67117472709714
18057,84.25762243378355,65.13410174125728,22.789135977224937,583.2084078207596,556.175149297041,458.81337174869657,2067.8007139411566,1985.837940295564,1755.709395711769,216.50369514335944,224.44730494476659,204.5500004114342,390.2911525294957,387.14139479371,385.69356552998164
18059,85.13487673574663,65.22804822681667,23.256622890798177,584.0518121901247,557.2791397663857,459.1597299550448,2076.714259832689,1995.6656459249393,1765.1882180050914,227.01983308579096,235.94538769018897,215.93264438408602,405.8061999487083,403.1221221327144,396.6405121584432
18061,120.52930740430615,96.90671389891499,41.04448349131286,696.2740607360438,676.2755923352803,570.6494359449705,2180.6877090789926,2117.7184542632945,1907.4255286183172,246.8601802471867,251.1093629331076,244.07782634830104,407.5266590647115,405.1476715857153,405.02530298638015
18063,95.26853538744903,73.90127677069196,26.90087147378632,610.8357701850962,585.2670390450838,486.561646587028,2097.7592784160533,2019.6394348459933,1794.2273313020607,221.69382727178328,233.06891316416778,212.31979188003834,397.4199851104549,396.83867366550953,393.5229209927429
18065,68.00072789572285,51.11755770663284,17.255289091023997,551.4744212424315,523.6195170308481,427.7881838076457,2016.2318307310798,1929.9358031015533,1693.4997214469786,227.07246231683388,237.08992726997764,216.44728465285453,398.2052623197978,393.68121462919487,390.4602450141147
18067,80.12127180255655,60.052202478641206,20.523581470250374,561.2083917343823,535.4447402937891,439.2059687298326,2031.939145314433,1951.7582962031352,1717.0382236289938,211.24321049446263,214.21355396660937,197.09795094345924,391.2105948507313,383.5619221363155,382.4929890536979
18069,71.23462828046353,52.85900698969192,17.312819389358296,534.3613908839719,508.2218399926249,413.40475731279975,2010.748443454207,1925.819778386375,1688.3797179466333,204.40905451212478,207.9056767988881,191.6878934332612,383.18157830767916,376.07058483638025,374.3201900176399
18071,111.66938491254234,87.95939704779254,36.636738866377996,646.212805137778,623.2874385017611,521.9504453739239,2132.8893637084225,2065.850444797402,1848.167310695846,241.02624534455927,250.12943738240602,235.15172450999262,407.58624593964424,403.69170047733974,402.387922366682
18073,74.81028892116059,54.452356733180146,17.011113524266925,540.4729389307579,517.626739173485,421.8764268074543,2015.1738863183728,1936.7214131289281,1697.107500839517,211.11331778010998,213.247252758567,193.50757723136263,389.31466725311316,386.60430607057503,385.7723759619225
18075,67.14746808267498,50.43169159618463,16.726598107894162,528.3684535541239,501.70874238750537,406.92783973938106,1987.0616786776823,1901.4043723798527,1664.3110350239417,209.6690079547446,212.7785643077638,197.19612201287754,379.7196043123339,371.76528863536726,373.64763255942154
18077,105.94772496740597,82.08086856496047,34.81132533005109,645.0594662616854,622.2186571218855,520.8629581898124,2132.3393825734647,2060.7108840440133,1846.2537828214488,241.0406001531403,246.9490195371124,233.45740710980704,415.5475082019295,410.3373044816443,404.6155672117774
18079,102.53939807192509,79.13874667484369,32.83191709698951,632.2126894239698,608.8184064319072,508.3114526964431,2119.85111876378,2047.5883134336514,1829.2357046093089,237.43357670046848,244.49777620406894,230.18292926621803,408.37703601294095,403.65847580672914,398.88977394939485
18081,94.51621854832788,72.32436144592229,27.029562932094798,611.6405930396165,587.6287457212127,487.80864606514444,2110.0506111475534,2035.7652343195703,1809.3973808782448,225.33543912092287,236.19154930670135,218.19706944291983,397.79173125508976,398.11328214388016,389.4996464650588
18083,135.1279190619221,107.88052667220056,44.7752585452643,694.337956390506,673.2860700041127,566.801099823077,2212.7193186099094,2147.0892450495185,1934.3486742032746,246.48417750155437,257.7982920964055,241.18444423542982,403.4127917789246,395.4432727936664,399.7869994657011
18085,69.04169480107672,50.728790338928675,15.85583065495529,525.7418025956764,499.2775682320418,406.21129546048815,1998.4178276069495,1917.4919817325244,1678.7077010784367,205.51809910819128,204.2354933416001,188.94750296136297,389.6477846280811,382.9496984621526,381.9341069312891
18087,68.07064192112003,49.4786331213176,16.17753638540055,517.083474828718,490.15146055279286,398.6070684316309,1969.6160718235005,1891.6786116937074,1654.7852321704054,198.7237636144946,195.77280878002847,182.00846041782944,382.48738333740306,379.44712077256054,379.3207248084856
18089,65.50793353957985,47.874137525767615,14.675217566412229,517.5701502302815,493.2338897940166,398.38782475391633,1987.3823438655813,1911.6000969378667,1671.0733213431697,204.8331962616258,207.59067601251323,183.89010178608729,371.08778895351816,369.94458830531653,372.3694498971337
18091,58.06690652394178,42.09230243100293,12.503217313721926,505.72750798012777,479.4395289555708,385.44153017713313,1968.8629705036724,1894.001005733379,1652.319883202798,203.52698069813724,205.62983771201942,186.90908118425472,382.24586556086723,382.526867738808,384.4530986333443
18093,109.94690318848362,86.7286218773514,35.100654138358905,648.8291032215,626.8558627891609,524.3371832517686,2130.5739983104313,2063.352751462786,1844.0023977528235,245.5975906377686,255.80895552885923,240.73872160229013,411.4150139108074,405.5225903647973,408.4314051147274
18095,73.0946434824338,55.45345632153485,18.73343216513477,559.0444157810672,531.462997023357,435.40286198426946,2036.3523254251454,1951.7801179286303,1715.9154650678636,217.82170382896106,224.23343044994516,205.21964998986923,392.2687663027018,385.18332130358726,385.22747015040596
18097,94.3678316591627,72.64633787470272,26.367185806089253,608.4056587413381,582.2683228257426,482.8748779350017,2108.8819485790623,2030.8077073769314,1804.5430074223357,220.54503167151816,231.31084970822212,211.1009678189193,395.0025951858306,393.3304843540302,388.8530988015881
18099,65.67030085876473,47.793509757347124,14.562583934434647,520.4284125069477,493.6731974016783,400.56813851278105,1992.4621916617482,1913.5621442882973,1673.4516459691908,209.87916154231658,210.19394696381104,192.36712459654427,391.86545600412165,388.0530176639181,387.1072214027296
18101,118.17571136417567,93.59598016385044,38.412524944324886,667.5605428436704,646.2670219263896,542.1528710248284,2160.598525436376,2094.695078266335,1877.7774877594668,250.0704240468564,260.2099281580832,245.60113326957622,412.86739403927197,405.56694761645315,408.25534938765367
18103,77.12119376331424,57.62799223080373,18.70845765931126,548.8165790979135,522.8300516233377,427.71655808642856,2023.3554429717528,1941.9548667631511,1704.584829166383,209.31595868245512,210.74160649839087,194.29261597421802,389.2475124395568,384.11176924505855,382.82980083669435
18105,100.09696564956876,77.93475679861673,29.786351165173148,626.1611368039121,603.5391323418486,502.2307726259193,2114.268752849279,2044.2216417302752,1818.7222734759002,233.54261205324514,245.09824104252453,227.6133423938385,406.8143119803356,405.43884526426046,404.3068284802565
18107,99.64573055025662,78.5699746102969,28.81065507390023,609.8061821569165,585.126594930829,487.12140284248517,2080.7052336365914,2002.551487332235,1778.0646091015794,225.87014463090222,235.3899134072663,213.64663281650965,408.954347030683,408.23191345899556,403.1866257164298
18109,100.23525435265032,77.61207476022604,29.16723023377974,623.4679791831555,599.1006861536496,499.18348966693895,2119.4754648249555,2046.1191852645127,1821.6506713200554,226.01224114583255,237.86719197492943,217.30808944729742,400.6743453826212,399.3434102508685,396.89512847925124
18111,77.6880610406376,56.682224255501765,17.80777922054955,545.724809521021,523.195416368753,427.4368682395119,2026.4891773949955,1948.8673850130704,1709.3028284198112,215.57364251592685,217.31839691002565,195.03946443487405,389.0195504481504,381.8838596658262,382.90942408718695
18113,67.89410626517945,49.42293361872675,16.040621413519126,519.6974979535532,493.24732434341615,400.3824896278599,1981.352006693783,1900.9507588456909,1662.9655200980128,199.78718915744886,197.02722308336337,184.93829122477453,382.19901808817394,378.2749788246906,377.71246522278335
18115,107.33304946119543,81.84591513804067,36.08625227578666,650.1546568373294,624.906761357275,524.5598420171368,2137.923226629078,2063.4979644598307,1853.2270289008695,230.6867211179856,234.17506716659614,222.19910918282017,407.58553713765554,400.5554228898128,392.2086946037117
18117,113.02944040478727,90.58780155157015,36.67209590498155,665.8577709294948,645.1478765383641,541.0642307123491,2142.8169419947853,2076.883357086752,1861.7142223000458,249.46116272268318,257.38402955348425,245.8661511686575,408.7244549524843,402.20948175311764,403.37971514370946
18119,107.51943919202863,84.33310231336006,32.439183824905776,637.965879596922,614.3125225732832,513.4383736289698,2132.1481901460943,2059.663246051606,1838.373766070879,230.44921918445874,243.97958366459738,224.59996017028158,408.62341680129305,406.56777888586936,407.26057089539984
18121,117.8436141658519,93.45900553695066,36.348068542455216,644.3993037895672,620.1631429309314,521.6649407076335,2134.801461130444,2061.8941275627676,1842.8022765840262,230.4365224828514,243.11151018468186,221.79889541731222,409.08312265823656,410.51342374018066,407.582301530591
18123,131.91461505078098,107.96557483930846,46.00530583486881,709.3462105843907,689.2015762165088,583.3336223535971,2194.8504161767055,2133.377049678339,1925.9136298949804,250.80374101214898,257.0909016326199,250.49564785632205,400.72473955272415,397.84189858013013,397.142044829696
18125,136.23624201158285,110.40698931207783,45.948546947452144,703.9276463924322,684.4327843427911,577.4665034355874,2215.3753110024795,2156.766319740037,1944.0274535145043,251.42841712184136,260.1696061946817,250.17623380649064,401.7063960035108,394.4286361278637,395.23629998342415
18127,61.94878161035791,45.0487068065463,13.647120745163082,511.78429090776336,486.40657472913006,391.9328008480169,1973.5447189970357,1898.9419513754958,1657.9458301120223,201.55482255263763,203.22195055561752,183.0263248428244,372.93182957888456,372.90657189996114,374.60788548468236
18129,154.4327460251026,127.61503324687207,53.99245943528399,713.0561432064301,694.7049434800433,587.0861626135089,2233.6925482118595,2179.570082266052,1971.4521905618712,251.32515854845573,253.742856464111,247.25073927109548,373.7747750555475,372.9843030446806,374.70077512200896
18131,74.21421237458783,54.600349196255266,16.98240856796881,541.4517259183956,516.5094152946212,421.76245726082215,2013.0187257076202,1934.582212460149,1695.028854628545,207.4910143220965,210.1825920282243,191.49162747774815,392.90133232540063,389.7327739807803,389.817815810396
18133,104.26102978475436,81.71488095485391,30.7663396294458,624.9766122179418,600.2344123609745,501.7345660719696,2109.2003561312167,2032.8950910252493,1810.592351004453,227.2689187593923,240.25269823658806,219.12200744622987,405.59484871219945,406.9879529827193,404.24795946215943
18135,61.80511392629986,45.5026620395937,15.109472992621813,526.7838097056327,498.31175335169235,404.32358753584674,1970.917135031374,1884.0528193683294,1645.0835059290541,216.05581956959563,221.905903255238,204.6943223006622,382.51203459997754,377.11538010851024,377.2137934580577
18137,87.99730196830743,66.5279016680509,26.628943779769628,614.1866221042138,589.9723982429898,490.3504877188263,2091.375565919931,2011.3119795036396,1790.4025193880984,233.0619600947488,239.43497288510076,226.11520964197152,405.0501374094498,400.5756716671268,392.64147540024544
18139,79.36622303562982,59.69289945939862,21.42564633325528,579.1665732081541,553.5967022019877,455.632867518446,2057.893881956461,1974.9118760514134,1744.5236787837107,233.08474644047433,240.95446565541064,223.98052140485612,404.1365808284019,403.22645143398967,394.57329450365734
18141,60.93213183919492,43.91826166641162,13.396900284215576,509.82420539871885,481.9304022102151,388.6448932879559,1979.6406369834608,1904.471379781827,1664.2975673202332,204.90213144795786,204.00773239088534,186.64963622630006,386.1639375405504,384.88542824364947,385.4055994947943
18143,115.15565939686753,90.90808044775089,38.5199232033505,660.4688828258649,638.626816602094,535.8067517558541,2149.3860477696567,2082.3692369213304,1869.7269501251617,244.6357632484197,249.9676226862211,238.486703727549,413.5540610598106,410.0213829931651,406.4100297633443
18145,92.68760376983076,70.76931686470417,26.61391820131548,602.4269487951775,578.0939590557977,478.74836338755665,2098.6570215044185,2021.5819018041577,1795.3540763111819,229.5419359827723,238.6269333809483,221.9623002842374,404.62280845652265,405.5624349426957,394.5429542738553
18147,147.43987381962216,121.38004962791202,52.819012018766784,725.5175999755238,706.3693225997772,599.6193914441503,2226.5324028680707,2169.012147101107,1963.9010439611175,253.78401579975235,256.61194453437577,251.57592740952822,395.85626752191604,391.75060941578045,392.0000289507305
18149,67.21381752649859,48.79135828247296,14.814661627569757,524.6902282738944,498.9420038260446,404.62321673418717,1997.045533580053,1919.371793058984,1678.728436540882,206.84089672943855,208.66441370290403,189.93001283054767,388.8750388869638,388.2044934186652,389.7226041730613
18151,63.02979933733958,45.82566221702823,15.049745383092233,500.487594242927,475.5801432030429,384.00793916477824,1931.8777222532328,1852.5847451836385,1614.3496531436747,198.21328186447977,195.986384893433,182.5751745803558,379.5218377103353,376.763307118901,375.92231827631053
18153,129.35824284910004,101.76131888812165,41.59321748734902,677.5395734848022,654.6519628389772,550.8119497949076,2190.948422651701,2122.99151152145,1907.0173051707995,232.4884484864868,246.76886266479642,227.97494187902376,399.7202557852887,395.32550204838634,399.2524436829222
18155,105.95309367730479,80.94122965234345,35.38436590763763,647.9609916208401,623.4381005610327,522.819522730894,2134.885676905588,2060.317834299212,1849.2866212334727,233.2960643079626,237.48128178420598,225.270010173711,411.34445606572154,404.2101443244693,396.4691575335759
18157,95.7871459156524,73.64175381285006,26.35404714076451,592.6149380385541,568.4567125041851,470.3664833169946,2058.8351262354245,1982.837247163412,1754.6575849916612,220.6013378324964,226.240756851903,205.48014083883135,405.6961348122118,403.0597499215463,397.20873503183486
18159,79.08312939441328,59.69395362042184,20.533923004277987,564.5928714244657,538.4062820882807,441.8466750756681,2036.8888857597808,1955.4884768006275,1720.7647006730706,212.56367725601467,216.32509274475268,200.0252762160907,389.2302088205445,382.5607006142569,381.9981766539329
18161,74.91366629372223,55.65939362897569,20.26780420179677,575.9906652665554,549.5936813662955,452.0460718814162,2040.8659220835937,1955.077836980447,1725.9750946535908,224.48159279846482,230.09916377352846,214.5156109561562,385.102970710018,383.2685552113893,373.7426699455003
18163,148.54507865042007,121.83035059447596,51.482553031020224,712.9591605423063,694.6739569776403,587.0190479170218,2233.1782928929506,2177.6233292364172,1967.7921995390866,253.78426381206177,256.3386659973006,250.3719632580738,383.0851797225785,380.503963590278,381.4005239074794
18165,116.9776027338449,93.01305466810132,35.49067652605059,641.480232189654,617.6139756006954,519.0965971981377,2135.0867377442446,2062.7913402118074,1841.7669870522361,228.0227927147435,240.60351267590258,218.5781749155004,407.6303862250364,409.08141774728745,406.7442398152387
18167,124.24742027470748,97.75854764990152,39.08680707038117,661.3595797377855,637.3614123675081,536.8989348782848,2166.769623998981,2096.280145947756,1879.5760752032706,227.32728348379146,241.37992483922622,221.4783626717238,401.61227405840884,398.8189643726495,404.01638713541047
18169,74.24167851905456,55.0724874488177,17.912626977945248,539.8241270978139,513.5917500405242,418.9418483126298,2017.574726414149,1934.0281663059395,1696.553386626707,207.0650824766156,208.75856756550417,192.9045624581666,385.49781173858895,379.3661173661066,379.2960127960512
18171,96.67959610453369,74.90853837382653,26.054444263689952,595.4355514642655,572.6065650002853,473.97259998857015,2067.708106913751,1993.0037760224175,1764.261051443012,224.56973355885748,231.2457055940577,208.35167549878935,404.3088786265214,402.52298869353774,396.9102542430397
18173,147.9087319426611,121.3487332320532,51.99819212791183,720.9790608407176,702.5624629283827,595.1341365301747,2234.3675263418168,2178.0437416759055,1969.7436879134525,253.79632278131635,258.18553984334864,251.91681845303157,392.11788409875805,388.3270872169075,389.12396018797256
18175,109.99852852804625,87.78459226862235,35.760602166307706,658.8358838430812,637.6963294711575,534.0236929594579,2135.0647726756506,2067.8434925217794,1853.1480979025685,247.70813670642102,252.93733288276695,241.14760768762872,408.20850734142704,404.47148192754537,404.28687325947914
18177,67.88136042049942,50.416468925216314,17.60549113336559,553.5405886683996,526.1004314092612,430.48096475073623,2008.2646485341277,1922.8577372888346,1687.0143070997033,224.6030491718932,232.09076639785886,214.8163351088596,386.0665339633676,384.2752280386689,377.59107406501965
18179,69.81024212479896,52.28397896082008,17.31378104745523,531.8221757944046,506.0827074400228,410.97543625048667,2004.6317389496537,1919.043034502639,1682.2219421621169,203.4268360872315,207.86669109252733,190.27918620796783,379.1030857678188,373.13951212524603,372.77178893024256
18181,82.9109530763056,61.92091515361331,20.311528755623552,562.9401582962967,538.3450785201036,442.7414142741606,2030.0573710527133,1952.3187891603216,1716.109875326915,211.6972977884856,213.93964855960076,196.5177815009758,398.6507353800115,393.9704456991252,388.5507459515437
18183,70.1107237178669,51.56533496973825,16.76917814971186,527.0226123236855,501.48706177168225,406.87393555809325,2000.955787605475,1917.4651166162541,1679.3501887550228,201.9949804099296,201.31292416756725,186.9431582276303,382.18239273773344,376.3607960362468,375.39026215039894
19001,95.38753026399982,69.59533611049861,21.376381093253425,526.8274910387677,501.02003829472613,404.9349861036363,2027.5583231513544,1950.4195854910263,1690.14899972999,217.8620686805015,215.85195413721962,199.03293733652526,394.0078812657933,407.59477907633186,424.1834976395902
19003,105.41318474013114,76.54229585129828,25.106654908189256,538.9926375169935,512.0978930640491,415.5038231005957,2046.8223772617318,1972.2374582489288,1714.456285542245,216.2600161142672,214.12727802970386,199.5674613615971,400.69610041815395,416.0151457916838,428.20806307287364
19005,65.36998177075444,49.87726125489628,13.845343511292224,482.41475876806817,464.84117415429847,374.85491377742363,1925.7844580372125,1851.8723010840138,1588.786451861079,213.40977626825315,206.4991154377712,182.27534867833484,394.82796414148504,392.68937166988275,401.9842466042304
19007,114.09838743733935,88.5122109082421,30.191135017097572,587.2501424298164,559.9662120446594,459.5355141109459,2100.9087050860135,2029.5018909703176,1786.131123744378,230.49483191361983,231.04266386415594,216.43668137481626,414.12055033575325,421.6468641265725,432.00220847635063
19009,90.52866863563122,65.53651773089112,19.48777559432252,511.7293680610918,489.19943653654326,395.3822844080326,2006.0797055668834,1926.048404096809,1662.6891547463226,215.26294172076456,215.4463870709833,195.81380830095173,385.30743299505014,396.1199032182269,411.8650619888898
19011,81.16203829402444,60.91704662157754,17.971804258119725,525.5530222687936,501.0077002305975,406.6939886075391,1999.8808302456455,1922.0391468971088,1668.0143742769192,224.9023220617796,220.91967578444797,198.35499078374468,422.1079728949362,416.8968731423389,429.12665710538624
19013,73.36428664342529,55.21497598502846,15.232691969780674,503.9905482958625,483.0842508290508,388.50837907516114,1965.5674146979388,1890.2873453180116,1630.8317880476336,226.5600766032936,222.0854684703633,198.61003305739217,423.71720855331176,416.9078247477619,432.44844855077673
19015,96.8841391961948,71.20090403397515,22.370968542686402,536.9898818832075,513.5767493784523,417.3058033180593,2042.0693442651002,1965.7964215354652,1709.4594843142022,220.99975535562612,217.54413918302276,199.14190149155604,400.6184327158449,401.4272179383147,419.8842854336417
19017,69.03014807865338,51.59386291275604,13.863208211338385,494.4205259183195,475.1626275807713,381.5481008198378,1950.6572358494627,1875.5118950543583,1612.2400679143407,227.8845447982495,223.34748714104018,199.18484915643845,422.0306884099053,414.32003095454064,431.317917358822
19019,70.98445966477864,53.83119151391621,15.096677297137813,500.58725761581326,479.6108961344054,386.7641255874004,1957.4698354252055,1882.5697840639064,1624.12498903304,225.29075887986158,223.03004221442748,198.9685855265945,426.7580848124286,418.61181477219617,431.6936533331533
19021,75.79586403206,54.19034678845416,14.481129941600082,457.3532708945042,438.0059943785609,349.7992094813145,1917.1529923021044,1840.2180029289025,1567.1441454927403,196.0791854677128,198.09570946274397,178.63030025802104,373.2686415277544,384.36455871353553,395.79495612783455
19023,75.80704546493176,56.44461722566947,15.690870094139706,503.55466786084463,483.5286713054602,388.9108547912909,1965.9101151921554,1891.4703590157496,1629.3504763841281,226.166722793914,221.43749574846007,198.25339388799986,413.2285589445006,410.0157478134818,426.7432067580112
19025,90.03582173527126,65.34766347789918,19.239265721572668,506.51452965151674,485.5932050128733,391.477470429017,1993.9750892974866,1916.5590419320174,1654.4240833041288,210.76796476109217,208.73849428734516,189.60185531826215,387.1518667695381,396.6829502544284,409.7792531424714
19027,90.46283105618132,65.14766583246409,19.610283638699407,509.12475554759914,488.9490886886057,394.1768723019934,2002.770720258064,1922.5386015616932,1659.4915634567037,213.30569721466608,211.0159777530708,194.0734279085523,385.8873578358606,393.36914260046467,410.5407837302009
19029,103.12336486775632,74.60924337865464,23.611556482940024,531.6819107084025,507.256247050958,411.3930540697992,2037.9544328623601,1960.3691606146426,1702.277269150937,216.39946008919068,216.00733614825145,198.15466796880796,390.22585087943827,406.4026792415952,420.39184719303876
19031,90.98102615472838,68.68330762755073,22.001050554258157,554.683823052196,530.8992441858466,433.00746152699577,2047.3166775176273,1968.8915134253807,1722.5296814895542,221.38904589835434,222.18463410949943,197.86118633313373,411.58330032346294,410.59408469712133,417.823956882948
19033,69.83549727266532,50.54159502410873,13.239163279588917,477.8076608329614,459.14745231570276,365.87193223073734,1948.1348470940197,1874.219366553661,1607.182859396316,217.93847614631358,217.10376219107116,194.57446015796657,397.3604648952143,398.8418676679027,417.8396791631232
19035,88.4343952195625,64.16014049200743,18.672338124101994,467.87761761977146,449.25739757238364,361.467916730006,1942.5487534185002,1867.121472714532,1595.6799344173319,190.35197466309265,188.70176158698692,171.68873656256682,357.2508662996189,368.1164202301564,377.39389183768475
19037,61.45187639764614,45.477149662493424,11.612924209661339,478.31888320003935,459.7464607902525,367.71769034025374,1925.5969522264775,1850.5410251870762,1581.3935148124442,226.40301879960688,221.7356423577688,198.09532671250344,418.7304311547925,416.1680336497003,431.37561938842146
19039,102.83337855192187,77.1968834433013,24.619709478251828,549.7598883173789,523.5732113470259,424.6288044863426,2055.285427570493,1980.4707647582168,1725.815526827189,221.10198994157918,225.03833519856462,209.0593204435615,398.75083715918834,412.3900617126932,424.6474550033721
19041,71.82788329350042,51.66448648580113,13.588303318688357,445.7121357041403,427.31000676401993,339.6542176615888,1898.1709774168041,1823.3531745300158,1547.6849115609284,191.95345091366792,193.57596631847662,174.37526728442066,364.17938614104054,375.7087580185348,385.9418428869246
19043,68.23237035126192,51.54548094109814,14.393782358000308,492.16949823847625,473.0336501403156,381.29431075248925,1941.220194375445,1866.8774400437346,1606.100793826894,219.46185812939393,212.78172795786082,191.9656527836379,408.4101275819289,399.9508423258866,413.69130645681406
19045,86.26686541391847,64.75884547084421,20.364089178373032,546.3935712613084,524.8217649412092,428.33677959945624,2033.728155968296,1954.2753335828183,1709.6782744400111,219.51725795968318,219.04182124896457,195.66033331260098,402.0486570933923,399.37258119078007,406.59032047381436
19047,90.47566612811698,65.06395317501907,19.237348058165832,499.84698122651315,480.8860571705862,387.3470383684848,1996.4280884929371,1914.8726968799983,1649.539757698376,208.475281418127,208.9772720938759,189.6553718738558,373.86265732690174,382.94626374559095,399.21871035744056
19049,103.1372372841362,76.00880827932971,24.71173696993335,548.6060138649211,524.412949562914,427.0669647957393,2065.3058964248303,1988.551608310613,1733.3081321882996,219.27960991181794,220.01660172164065,200.88966041050026,391.5790603985154,399.0249562534112,419.14982501088446
19051,119.4779912352755,94.60281712848665,33.52571930265477,600.6590273119033,573.6269498100645,473.45884680650977,2116.62064028807,2044.5703145315747,1805.5875855457725,229.8639449442714,228.69202925974113,213.2275734311219,410.99689884895605,414.3794600250291,424.7966907848789
19053,105.0403177907181,78.81947236750888,25.487450098466798,556.2952237371238,529.0206886346452,428.97465626537223,2068.460835095372,1993.769929587465,1741.7725384291389,222.62303687344274,227.03574319763956,208.90477122843464,405.7945286255205,422.1035798575178,437.1069319416532
19055,68.14438759284147,51.19864987292652,14.335573198977261,498.5013697205818,478.3797904566841,385.66516564509607,1955.503715534665,1879.8108419787961,1619.8989251721373,221.81214723640383,219.05160821506647,195.21094465620098,415.6990047389154,408.3520778825977,419.6551641887231
19057,114.67992930063227,88.75116612984506,30.926507272945184,595.2054225156626,569.8111723953946,469.2987051439515,2089.5806714715773,2016.214609155973,1783.0933782498676,224.81972857209234,222.13379924019554,206.56058407191352,404.9174635531986,407.24511082085144,409.3088751475133
19059,65.78967121870623,48.099261127121025,12.112284025105172,433.3926401325404,414.45608312147004,328.5669861819798,1879.0584178913589,1806.9868417699067,1523.2264178256692,188.44961602823776,189.03986421031598,171.14441006464327,355.35417320038545,361.6665163695051,373.21876519076443
19061,63.14098141126233,46.35066601396697,12.757204850767776,493.85815154096707,474.4439031929204,381.4533918133555,1954.1272721190046,1877.2697254054303,1616.8340316621302,220.04239721253794,217.5042638489346,194.89287499585174,406.07975590959285,402.55615321993656,414.2996200040875
19063,65.41533114475234,47.77917272793793,11.825423712343932,446.1261448610042,426.7243953340879,339.19177011382186,1903.9616946935046,1830.3508137161857,1551.797273706068,193.13140576012432,193.9258706716013,175.38425427188548,363.556317142732,369.7267918314328,382.89172351669765
19065,64.14512290952106,48.413001272294736,12.861122970194799,483.01150567056476,464.3081855932816,372.6129334656451,1924.9216032332247,1851.5595584725677,1586.2433027934533,224.92847990997353,219.7234217281113,197.52807290519135,423.61224971980135,414.0006802284455,430.0161883489033
19067,68.72935035993858,50.86989790746731,13.424729664850338,487.78898698428486,468.90005811134523,375.9739592867095,1945.1370462834875,1872.079867212958,1604.0453944490664,224.37094685756765,221.39257017561349,197.4743217156209,407.7935029495115,408.49055948198395,423.6120845976067
19069,75.77332808304635,55.48977786914177,15.250469242305446,495.6318567652264,475.0576957924644,380.5474130206426,1963.0402873195817,1888.8657957686748,1625.7217440600393,224.13772612142535,218.0343254021538,198.17872244039302,406.0428480216773,407.1634988945747,425.1538038458481
19071,147.58810280438317,111.88140358743495,43.75088481565197,586.4995371777211,560.4586181581376,463.13487125854397,2124.288162564962,2051.7615200873815,1809.673828164423,204.4832149315883,205.3722223774533,187.89350128014308,367.0089843322402,372.39981059548893,395.1469956508058
19073,98.34649095727053,71.42201282921121,22.578747009524182,531.5682937455354,509.78493538510537,412.6812823073743,2034.445474345223,1957.2255940099858,1699.2532989491604,218.38868178238826,215.90211299564416,197.73369629072937,394.2239711711344,399.5108073892349,414.93425346845726
19075,75.62504476122743,56.07019921847079,15.573752017493103,503.2579409936278,482.4920726932143,386.5299542161667,1964.4176284649566,1888.1403944057533,1628.00990004173,227.09144155698567,220.33289374147526,198.1919981394859,415.7600563839336,410.3554961991802,428.7934325351795
19077,95.65067075644735,70.23808508233432,21.894647847610464,527.586457947016,504.7752184406295,408.88029457261933,2031.3373662939534,1952.5482353685813,1693.1766741777105,217.19016031592088,217.6820674514419,198.55375109453874,389.1906094083794,398.3188055086672,416.7736253480646
19079,86.22220227988899,63.09658502871589,18.561073081911605,513.8911237346161,492.0544530517551,396.4982741213944,2001.073037343808,1924.5457323482956,1666.658161225118,221.0810837011947,216.274083370076,195.08695388950704,405.03644436506784,403.8147854674999,423.37783168095484
19081,70.99680026722216,50.307016820158296,13.074917861048855,471.1528857548262,452.2400373713851,358.83137513896054,1947.9284778486337,1873.4729557837334,1606.3379379509872,208.87293803194697,206.93966888066166,186.51568812451927,387.7351995812313,387.8082737854419,409.17395588868135
19083,80.90088483268912,59.53454165396141,17.095761527154675,510.3570742519103,489.15100477891986,393.055779144856,1982.561038578354,1906.0455830150422,1647.0993245156983,228.452336295632,220.41742362322262,200.40991117581927,411.76364207473745,410.5346576091206,431.04724927638017
19085,116.98882232275157,84.75361905803612,28.590928749341167,539.0152906648667,520.7678523045588,423.90361453716633,2074.7189335554613,1998.2263329351895,1740.655489441158,208.90583568593814,209.96771432968666,186.40737525110802,355.4610925770434,362.09989672489087,380.0876283256195
19087,117.59417458418764,91.47515021803267,32.50159073575244,599.0253475954578,573.2388233259269,473.30357988469103,2103.526500942109,2029.629351614965,1796.9801972393107,223.73752009581477,220.3157349310514,205.18713966995657,404.7201938912086,410.5526318153576,413.98187874017395
19089,52.83631430040607,37.96586849807125,9.177628634431176,457.3743857336191,439.50685742170634,349.839593394236,1891.2717304134046,1817.085869819481,1540.60586984073,220.89111368413097,216.17320051575584,192.97978824095077,410.02791838165285,413.64621488576677,426.2457422666283
19091,82.77890152628422,60.08779703352717,16.79970963059279,492.3513447234039,472.44139557045366,378.65754018341244,1976.3638942823648,1900.111995717009,1637.6216703189975,208.98661261103175,208.90521486499694,188.8170561089952,390.3691872448231,391.34630689467537,410.88300469472387
19093,87.93005306761187,63.07908713336599,18.154970556047793,481.84422709537546,463.0456620821236,372.51195286561216,1966.9923328766824,1886.5461942186917,1618.5304825584415,198.20200563411578,198.90292476991678,179.65133431693104,363.93411451430126,377.6839914365563,387.7404903150693
19095,94.04780209542852,71.01976630876115,22.521777052498038,554.941129488397,528.1344195100719,432.23092524425965,2043.0206067145773,1967.4606684590321,1720.7435660430624,221.2555660240977,219.8327359455076,200.95395701740262,417.25784310871103,415.45262504547827,426.74248508048686
19097,71.83345025603491,53.34665804201593,15.576212832336807,517.7489231801976,496.30692108969026,402.1919368949668,1991.2122671772352,1911.9996697958445,1659.2198782487292,219.94187610020253,219.42141717029548,196.48506890339567,403.7575895462919,402.8075698702582,411.4106324775692
19099,95.29141990622622,70.6852854778354,22.546222358249114,544.2388343449254,518.7247508729371,421.8576087483486,2038.7065228750594,1960.6103246610662,1709.0413111445578,223.73391724447765,219.95884262067665,203.93433217686493,408.29378118119723,408.9157696835131,422.15071860894534
19101,120.38288079770791,94.30354382357325,34.05694235859718,600.9295264835339,574.4135138201234,475.45543790918964,2114.1010720776508,2040.5355036982123,1806.6797287542336,224.61841742012953,222.11325705157483,206.78982037337514,406.1099434601289,413.1535787355844,418.28089153088183
19103,100.02959073189237,75.73609049488698,25.221272435393576,566.1454212019713,539.9946968019956,442.7745520831469,2062.4983883104805,1986.6393608467552,1743.5428339869497,221.03266410696497,220.92201805417153,198.5227531348881,417.814687266023,415.5556056764591,425.27828297183214
19105,76.07093357869054,56.779895863846264,16.864536439823894,523.679613716357,501.6271685126577,406.1425413689867,2001.2480648980854,1922.7072147746433,1668.246376779735,222.17012104136174,220.7158600919171,197.3916245017819,412.1639465844717,405.2490402680042,416.7697000161115
19107,111.21622863722398,84.95719810884358,29.400087719742267,582.3187976090252,556.044816245155,457.74874532121055,2089.661975753083,2014.7491236352191,1776.7169135491204,223.12248986589128,221.76940392883256,204.8142506334272,413.69443126737497,417.9613268537097,424.56742736143434
19109,71.01028240434466,51.35763883261944,13.332740466629758,467.38273486276614,449.00457419594534,357.23233010190665,1942.2004464369643,1868.5139555791764,1598.8645631945762,202.61999886973356,199.848695626631,182.15538264433027,380.3299128159191,381.686609091173,400.1305194925038
19111,120.73253082519093,96.30395920414068,34.63460799030919,609.7058460047776,583.1526528639456,482.95909923967537,2109.4106131247872,2035.2994369611472,1802.9788895743218,227.8771437309048,224.89669702027874,209.6413739775529,405.0465432376128,407.3369684933541,412.3445797827776
19113,83.28440858336998,63.0558311216386,19.362991449851357,532.3377112820478,508.48143056221505,413.509782278272,2013.666768190411,1936.5464069136735,1684.3586343814,223.1675897093813,221.03430346343853,197.62066147750645,420.011381879511,414.38398358209736,425.4320305086244
19115,114.34388965982325,87.00344051591794,30.66986811772539,592.7977614678878,567.4873116044225,467.3634791312438,2094.623498272053,2021.7764520759533,1786.9485952165658,220.8611177948879,219.75970712890611,202.41785787545334,404.16776621615065,411.8870388474958,412.580726496997
19117,107.71276673649591,81.90735599806318,26.810731169277044,564.7912978630621,539.322066992461,439.25121372696174,2070.587100659616,1996.596653074428,1749.0622207011638,225.84396152645022,230.5199725929756,214.68987586188354,403.5249754321461,416.52678414856416,426.50642298766917
19119,98.99356549445562,75.87349318046174,24.284186969435005,468.4136376979189,448.8500946754395,362.860535410756,1949.3052650705981,1874.2657920186193,1600.813957079861,168.9720760940028,172.50110806387198,158.4533908406574,325.0971639573394,334.17648552712205,346.5152537962041
19121,101.83346084076541,75.64293887160912,24.137010669369943,545.2909915596829,519.5398797803109,421.76834400270343,2055.0989289623058,1978.143542668967,1720.685711011559,218.71208750592965,220.2076516642929,202.0397658859061,393.0716975865314,404.9432394080668,420.1126241081821
19123,110.62617493076098,84.07381764371243,28.738013880227975,577.8727481517143,552.5022679922755,452.7906559099491,2086.516663537176,2012.2502345145379,1770.2943675829756,224.12289370273373,225.08048782040868,207.52007616920463,413.83457812465093,419.01756916895164,427.45320098662324
19125,110.32354353869134,83.52757918251233,28.011341443991615,570.1622199684671,545.4629707379196,446.0976488197417,2078.1972931347045,2003.9300823697454,1758.77672217408,224.2836680501082,225.78011541989918,209.6825131226479,405.48215565707704,414.10057604898475,422.6458415891587
19127,85.36854956800228,63.14482050004422,18.712291331768686,522.9284904170465,498.5703814633447,403.3203326079064,2003.0333202470022,1922.8094662496483,1668.3462929844773,226.48473604238234,220.6604506096562,201.3000175137045,413.4548498640881,410.7778762301226,428.88675643810285
19129,135.93581276591928,101.46094659013814,38.268225209125745,570.1173593679508,545.2162479151332,448.7304391598409,2107.366131833547,2031.4920929035993,1785.7563463150807,210.37710780410498,210.51662128360277,192.36515438770414,365.47586483910584,372.2216126903633,392.9792444173598
19131,58.558802832523554,42.09517617107242,10.300217706476667,462.6801981383034,445.2403832882166,354.22134678760017,1909.1227680244078,1835.4686681485596,1559.8486591411436,220.3216632226116,217.71840978138607,193.52898287083724,403.5162915220123,408.72988462970363,419.169875564037
19133,113.48863818729474,83.49515960907846,27.396108554607782,529.4139557209462,512.322601057577,416.2511910232579,2057.004654246878,1980.7876719187157,1720.1896306743624,197.09336485656837,199.31990238170314,178.40018438436877,343.8117170407371,352.3110598352473,364.7384983312627
19135,114.14058065053207,88.00400951204249,30.16444427781384,583.8561389109893,558.4452732763577,457.84685677974005,2097.220500399456,2024.1606993543005,1782.4000190773193,227.69177892825206,228.86270997049792,214.1226176668809,412.19717754799876,419.14776373160265,428.47760344997175
19137,117.91340776850714,86.87951447326299,30.146082863792195,552.7242715121445,526.3693952006233,430.69708357545596,2070.4060449763565,1994.9659905788637,1741.8052673892264,216.51449504654965,213.5452694391863,197.44125634402732,390.53692177405526,401.67988299146634,418.66834693093585
19139,105.37724189790192,79.45911742748697,27.33204663787115,579.8825537381342,554.3814764790468,455.41367411437403,2080.4268486961446,2004.894149083056,1766.1484745014263,220.08521056501417,221.28893479535714,199.87031289527584,406.27580459964236,410.7045821161465,414.0389731820631
19141,83.08100809141699,60.58399221105807,17.384456872547794,452.93162931970056,434.1119654352166,347.3640411715443,1914.6612568503137,1842.5559114251053,1565.872579695675,184.6928684828071,185.2206620812241,169.92040520530864,353.11376260726973,360.9412108223288,372.07375671461614
19143,75.58361053548529,56.0587616048302,15.518891202963442,438.3688239011579,419.67575967551636,333.6740413267288,1891.4351792313107,1820.2495418487083,1536.9562226040346,180.44619370920753,183.32769192949107,166.9067275090597,346.34794803370835,351.3476001626803,365.65698616298897
19145,127.9007096897457,95.86935894305208,34.58616718073504,567.791780617342,540.5087977982691,443.74077103686005,2089.9266313509247,2015.8948507986556,1766.8608490773308,213.916582481659,212.82881750695174,194.62929912222302,394.2280126230148,403.2459873384918,422.23382638974937
19147,71.37447303472189,51.81227318197098,13.602003744114478,460.3197926126437,441.3648792602403,351.5610399452078,1922.9919633152513,1847.962463488492,1575.5953159908072,197.8390502789052,198.1465675726111,179.2050460924754,372.574735756189,380.7097407530592,392.3064816127749
19149,112.67812112987333,84.89594232487497,28.329896659206078,500.2725511837172,481.1484034129642,393.32750404053206,1999.9915603967497,1922.4061234848227,1659.0083793218594,180.07532704548433,179.13494377733403,164.39066531002248,327.4122336884313,342.5758570002334,346.0793157943798
19151,79.88393084134461,57.87147591036468,15.933245873737096,479.8057029775026,458.990197176295,368.5928836854802,1952.3907513776442,1875.1469195742477,1606.938922765637,202.3808196840327,203.92817238451346,184.73763715410982,382.69870100081016,389.3851198395573,402.94640833263094
19153,102.70710051008498,76.23875884966603,24.858742370880357,554.4377657648181,528.2721071501908,431.7838311715568,2068.033844527656,1990.4270526309779,1738.4278572988756,221.66014541883004,220.6782042348786,203.74937567910848,395.3668802362612,397.7866353902726,417.2381892587265
19155,121.53434897241223,89.00944209124009,31.032850349953492,549.8137992617037,527.6950994372662,431.24767975512424,2079.6185271454046,2002.4527844402323,1750.1403555324541,214.49217455832368,214.78657479415884,194.86372242927735,369.29583632063634,379.07180283322157,395.23686394043153
19157,88.3557055816379,65.9064541597253,20.307770343713948,539.0518951218096,513.5664430458527,417.40332742561384,2021.3231615291018,1943.1430524306638,1692.0606190649348,223.8702966305619,219.78494280708907,202.64280261471214,418.0750950672224,417.55966122820485,426.51895286131594
19159,103.10127791154848,76.18655186751258,24.53849697251691,545.7693802182005,518.3925565420393,419.9762409719444,2060.707133627145,1986.3775526647319,1729.740574033272,216.49308549985216,217.88899918441166,201.01043173297944,408.95447203026754,420.6168731099832,435.68745390931144
19161,84.1173069877994,60.404433186012945,16.996766383184625,483.221343803918,463.1954600303886,371.9251016488287,1961.4431163495342,1882.2670868678808,1613.9106934591953,203.70521356396756,203.8579250034692,184.49132643813084,378.00186066146443,390.7004675252944,403.03559385266607
19163,97.21076630430272,72.73751474253623,24.27725870545509,567.053853716556,544.0555640157429,445.83167702126593,2062.9471058385875,1986.302200446796,1745.5154033374306,220.01084273340638,221.83551304112484,198.0384666775311,400.4022335197983,401.09058368425633,405.48876258522625
19165,96.67762797778717,69.59093092243961,21.254253666263992,515.8612695277938,494.83172773808474,400.23356922894027,2020.5611024069124,1940.561921977555,1677.8896148953404,215.58796966499008,215.99065913493473,192.8349782906825,379.16575598623854,390.2294644770531,404.94865924960544
19167,105.96095927320157,80.19097952106539,26.213784856350323,484.7822677336541,464.3988642162659,378.4230626285994,1971.6286684358015,1895.3788385473995,1627.635840396625,173.02431647765223,173.9237756410034,161.23650927189823,330.855093569328,340.4438494445729,351.3388188028915
19169,93.00084610586394,68.62345780670101,21.30310310805078,535.4861835771319,510.82343547875587,415.60189373238154,2032.8115566461554,1954.0232224869003,1700.361695905889,225.39551681322214,220.62320357952953,201.32957275354897,404.69791469685606,404.84592631191794,424.27900028302156
19171,78.30282117126907,57.95036524833269,16.479424687740114,513.6166429706037,490.0031958273059,395.6594352997369,1981.9542593578196,1902.114653426045,1646.2842313014648,224.63715190997308,219.81416396023155,199.99973572889513,419.4336756422837,415.3111938440814,428.78956016947666
19173,112.31163133016744,82.21799024578789,27.69317003710085,549.439321012292,522.300997968291,424.93103048501064,2063.5618074275335,1989.7181461546566,1733.5645991351594,217.28986749173396,216.1729176042117,199.23029937267276,405.36605784011823,418.1771811725306,435.94266161146106
19175,97.59707192539602,71.43793925551329,22.616627285334793,535.4137111634976,508.37910479798967,410.60143868705046,2040.7819555270585,1965.155047331899,1706.1237679862763,216.3643880669612,216.99752143490514,201.3604652145225,400.3936883426122,414.19669009673663,426.3673517422305
19177,121.83191356995773,97.24852767412287,34.84815061925257,608.5386098477388,581.717219807884,482.74753413988583,2120.2444896005127,2047.2238089770551,1812.7686784603375,227.24940388483418,224.67666945063098,208.98036630277775,406.3470618757452,409.0046451537836,419.7109913961017
19179,117.79638224639989,91.93221410025635,32.55620968910954,594.395916298909,568.3596920428765,467.9390054347715,2110.2151555375012,2036.8947405214597,1799.142878940896,227.63069722701638,226.3687893556139,211.83904014171966,411.82009248181464,417.19237961032024,423.7014785584157
19181,108.70725278107554,81.94094935194367,26.857752379262035,560.2418093398062,535.6384627629155,436.5106996800482,2070.5071801756344,1994.3713933160175,1744.3089863000612,220.90100175889103,224.31569785261212,208.5630691218168,395.8012828268121,406.27071950758193,418.3463560109384
19183,116.50621778711263,89.38070535972412,31.87079800704376,592.4682988472207,565.9271811333139,467.07003874549554,2100.167952517218,2027.3140068603116,1792.4157013188046,220.74598254049346,219.17831764276585,200.94347152042369,408.696920236585,415.95021683069217,418.9850270972721
19185,106.83423191458687,81.90948873328266,26.69604206645273,567.6257033682721,540.2867686751293,439.96113390638465,2076.1339754995524,2002.8458774332307,1755.0607829290602,228.030632260446,233.1512191038073,215.05786802393172,408.8559262235236,424.0511938079213,434.8432959823198
19187,89.45716394508253,65.38729785620437,19.398184053084734,512.328930321696,491.1507630528648,395.61499412927776,2001.4526628963995,1924.7648273505795,1666.1802814296498,216.54115995308536,213.01377759467536,192.53911511976565,397.3608682164239,401.0203890788515,419.13037305065865
19189,62.835768362781835,44.121802809776185,10.719867118837122,449.9967903177603,431.61609241851386,341.2986477770595,1921.262625497433,1847.1414189124007,1573.1425891397262,205.7093004959992,204.49714220153717,182.97077709921328,378.7807324971846,383.6885670816951,399.3548820628594
19191,58.325432518057674,43.51982172419276,11.362751362376533,469.7699601701969,452.24194425815324,362.3700234923815,1907.0905867284284,1833.8705060426298,1563.828689726189,220.61386454049224,213.86726513841919,189.9364873676628,409.1011012126759,408.3138496583632,416.84593305185945
19193,110.21514271699539,81.59729468480603,26.290783834770018,512.3154021204635,493.6514021095437,402.83589436651937,2025.2913102096452,1946.9929561620834,1683.5692374227674,188.26556412232094,189.23274033676716,170.00538078434113,336.75117757076475,347.53734885898444,356.88333734228576
19195,61.732428168125296,43.799873836638334,10.714489883361786,455.224247753704,437.90022202713044,346.6916283712979,1923.9459195795753,1849.6398117492877,1575.6459074101947,214.6639543209375,213.1974311462101,188.79168458593392,391.211394813773,394.8447417058693,409.67335961685046
19197,79.93005323513914,57.42023471542886,15.931700634355158,493.5749393788451,472.81762724575066,377.87692480852087,1973.839096209757,1899.784297858779,1636.8709484424112,215.27549232661622,211.7265849173651,190.67081792281834,395.69593038956066,397.9921647643376,417.4132163540777
20001,220.72155394014013,187.62893377867516,83.57700006756978,720.9692937377642,691.9942638428461,586.2454991093417,2282.3650783189137,2230.676326038189,2012.8491856116227,258.71201919079493,251.09931760866212,236.10744288382935,417.9744681104423,427.82610378197717,432.869942324293
20003,217.84891719667093,183.95394056574938,80.4646632441474,714.8341437624824,686.2644737625308,581.522949775225,2276.310660423892,2220.7824126368214,2001.8582046142844,247.7515608510627,243.0426379144632,227.71620878418457,411.73271437142205,426.77609505334806,431.8867544766237
20005,193.57688779204835,153.91822935986002,63.75693801433848,678.0145940655483,652.9804489231007,549.3742644095267,2237.9148932893845,2172.6252816442875,1947.557143185708,221.4730440141158,224.38738544154353,207.6010781898069,405.2016615067226,424.4907619729394,443.0298286350426
20007,318.49060927478604,272.92805744799585,146.29923212262156,778.5204284270588,743.9444076728103,646.481409841457,2349.022883107248,2297.8574470442154,2107.6166030720824,166.21042267812243,172.34662439169787,160.6631137374231,312.3934988410165,314.0200942442583,331.2486923255828
20009,261.80243287877386,223.2850430135034,112.45188305575111,677.210157232016,648.4043317656026,551.7667884301017,2247.7371927448903,2192.721066001516,1984.7047386479414,145.52019027914392,151.27541902315699,136.61705449242476,291.7906988833919,305.82110709254,317.9903995596207
20011,223.26452882017284,189.88269651202364,84.16004268532359,722.3386612708453,694.1456925039838,588.711818704478,2293.2561356710735,2242.0719776921537,2027.9143620560415,261.9125161918665,253.18742967481708,240.06008320971668,423.615463305689,427.805466340737,438.905726854414
20013,200.96137905842406,158.2278987619941,67.83883476298324,665.5571046476473,640.9253160081045,539.6627871829564,2221.3971253172363,2153.8121449227874,1928.2026378499825,210.5680227196677,213.1194141541977,196.66043640711365,385.1470133501842,401.55531826017074,419.27923209659474
20015,236.82150630098545,203.03328074768785,94.86386001006903,730.0075972711361,696.9872679635761,594.2847757009223,2298.6711720577273,2242.5145449007337,2028.661946896509,219.92844950956743,215.11433377741452,199.42600266726564,389.98715154899617,401.26348630820974,407.00719311195905
20017,221.4126570258199,186.24539433820536,85.19672643131914,704.033620773919,671.7418804935458,569.5573159356279,2269.800633849977,2211.173940841327,1993.3643165311296,223.13894975843078,219.5071231027342,206.3911934221635,399.44963181108005,409.10796633659055,413.80481179905956
20019,261.023107083876,223.70005881309652,110.46939278681569,760.4890518444442,724.4113218830538,623.2802953381502,2310.673320348413,2258.581230072673,2051.3763221913055,248.79180863701959,245.50930641616395,234.16589946624808,397.82793764714654,403.0207010478945,412.2350519201824
20021,215.4587975542539,182.8854024883072,83.0895954904901,733.4559065263345,702.3928746253175,597.0548985855937,2277.5413565624303,2230.6503291380313,2017.1065030068362,262.6777133573913,258.12517036183283,247.80394508515928,414.8518523642051,411.5680650704975,426.208677726147
20023,190.15975758767655,157.43160375483168,78.27593732303178,542.3810316778923,515.4702130106886,427.48943556044253,2049.464004996824,1985.970531030553,1757.8213580594652,106.62281785877096,114.5159585565179,102.99846379317339,214.88986545281128,230.10762388636863,235.49070888462228
20025,311.56779886635854,264.8232053711876,144.95532025765766,754.7957150596593,717.5083686114924,623.0919436112588,2319.7271457502143,2268.4163240354214,2082.9841941175982,121.128554094641,128.34483160976126,115.92121317971711,256.26266759634814,259.88422693081185,274.74550103528634
20027,227.78165019175668,186.62337123748196,86.77675034809744,662.1573638399209,633.1153204637469,536.34477305122,2257.5270933503766,2193.3510881026186,1972.739403360479,193.29236786314718,199.82384889549604,184.55485524182401,378.21242191339877,377.6735326359916,396.95803310467045
20029,225.99702233136185,185.87817476258266,87.17511771662983,643.203102295411,614.8885138353501,519.553021335273,2246.8331301463995,2182.923092420285,1962.254183655552,179.33489343232662,185.75087780351447,171.75980446040376,350.27840130606353,352.3811391349903,366.9189635649891
20031,217.13955785219758,183.10810270779618,81.32540484529972,706.9373699927635,676.9354176259269,572.9542932098728,2266.09430439194,2211.445780614301,1990.6707664586897,243.28268582783912,240.31090970760914,226.39676882163354,407.23562212497035,423.5747573671928,422.3572014980793
20033,319.07212395259273,273.14931766388156,148.31161319996968,772.5350074409816,736.8354675390947,640.5384314255429,2337.155883056273,2286.8647465985796,2100.575400230885,138.44381338135662,148.39871755937625,134.73136237814253,279.52611378749907,286.52977493530614,303.6864237654576
20035,265.56161156245264,227.73697487048852,113.00958210905078,765.0562802675856,727.5128754452232,626.7627009066207,2333.4097636034453,2279.1390881013717,2075.2098149915923,222.90536507582738,222.18450391389405,208.4286018576604,391.87844108494545,397.7587069369648,400.5830025130501
20037,217.05705869963927,184.0111793144509,82.43264758991286,723.1490303589836,693.5306169527571,587.8840735569431,2283.5445383678184,2235.140142258167,2020.832878637803,266.2439554673868,258.1188806534491,245.84112842960945,420.0923580718587,423.35638133319134,432.6564747283563
20039,221.9682212655971,185.13138239025298,93.7917645035004,571.4513195083506,546.62778262535,455.46107270999147,2100.815942116138,2034.916406047159,1812.0845564273109,132.68762199548434,144.372767609042,127.24501889711875,260.69336065239867,274.1724468987601,279.4977781468053
20041,249.81811864817254,209.5151127755309,100.04842644165987,696.2640794823295,667.4774223937143,565.761265291664,2288.6660186582985,2228.612140310338,2016.0519139502892,199.85985610566115,202.77993394846575,189.55584030793793,380.0774532081483,381.2702021365034,393.6962465008089
20043,182.98365466739648,142.3822921025588,57.82441618238981,660.6428400151744,635.842600671267,531.7563549233778,2214.2363214032366,2149.9763377802838,1919.751987878864,218.99926945666544,218.6017021074816,204.11116180404036,402.4804568640333,414.7719091805383,433.458306981843
20045,218.3608533158138,180.66015400612716,77.99635668964837,716.8829606528109,691.3329708049253,585.6635714718544,2285.8043918566327,2225.8172344580935,2008.6274315750404,232.10665973785618,233.52645164362926,221.25244864355273,412.21969347403774,417.6513338015744,442.5411536453336
20047,270.894972507788,232.13253374118304,119.29540872915474,699.2037865668822,664.9354288211824,570.1900401396801,2271.870382997267,2218.0806564349905,2019.366053923664,130.6259460531367,137.75006583382094,125.01612443746606,277.0681966286295,279.86065528259826,295.6502466731313
20049,240.76156904879568,207.25443906322613,98.0046493786105,737.553900313052,702.9447301515145,599.4513682853683,2288.4750280700155,2234.210807095373,2021.998550630336,250.5579275388548,244.05282444969097,231.41378664914774,401.7403483827601,410.93702251208686,415.27171661733246
20051,247.57693731280182,209.70464041868132,103.93422061759136,641.6461467096117,613.5026737572722,517.3608622734226,2212.357788761439,2152.847284572004,1941.6826720234778,128.92291258196337,139.82204450516807,124.53514766568773,274.9815969866837,282.7210075672692,294.55619380943745
20053,266.42664453369514,227.04680024230782,113.90968097323491,688.3068895106251,661.2398880581967,562.0991091501725,2263.249588551002,2208.5808497108205,1998.9470138191798,165.6944691327624,171.65619197307225,156.33513156131204,320.2582214407769,330.1767315440949,345.3587205155678
20055,244.01772791657612,208.5092361281642,108.38957389225341,637.6583228814264,606.4680929335001,516.3508072645342,2180.208192127853,2119.424403029742,1921.0984614248714,105.2625959180554,116.90920867586802,102.57602812780576,228.18330570397256,239.05620768817403,251.54268970134217
20057,263.6135742680664,223.6862533129172,114.90431442450001,690.1808551471157,655.5578722236205,561.2169113946157,2258.4001317994976,2202.2731254494042,2006.843952067678,119.20523472236962,129.51205239576763,112.62722428475084,251.39110328264377,255.7523815091319,273.5536610842849
20059,222.23225878277748,186.80544198064192,80.94937670358674,718.7078990871765,692.9127288524357,588.246477462433,2284.5284156112957,2228.051631573734,2011.129885151565,239.9543071569532,236.10772045301377,224.4439610749292,409.40822836741347,419.8730037057177,435.35297308255923
20061,227.3044774600002,187.1003781772934,86.46797368096178,683.2293995351233,653.9428569312483,553.8470214295887,2266.911108018304,2203.4000123739265,1985.8801068918551,207.3680816242805,213.63268846118564,198.44660265066904,385.5089823156842,391.5209937836098,409.84267873472425
20063,223.40196996912687,187.07678734389714,93.90136412827285,597.4967948217876,568.5655864144651,476.5305013616541,2140.1063339630755,2077.5731864498475,1861.0241660111412,120.44129339501542,129.92003788274147,113.52401684513511,241.18478440170156,255.86700808465517,260.1214088807619
20065,236.83254336553833,196.78172649005097,98.94975687072943,605.3134361548891,577.2379087096828,483.53105349985265,2166.762434549791,2102.191687243068,1884.9581097912228,134.74866103105595,147.33400909190456,127.66138992215085,260.24466813688366,271.56568054276016,279.79149925161
20067,258.5421751888642,220.02138227145505,119.38180198383277,664.908745031695,630.6690918207337,541.8986061553542,2186.833886830759,2127.841669657981,1932.0456432281367,97.00009859130853,108.04232009079563,92.2455989089303,214.60770642002186,227.51676440081602,237.15307568445263
20069,253.14975043239346,214.95207808954245,111.07613271942634,666.3434114875654,634.2299752847196,541.8018846231531,2220.49191281181,2161.7040897656657,1965.9284908664627,110.7208148629868,121.97669164194383,105.85637492042687,233.518293378949,243.57042722969518,258.5947387025605
20071,205.90961993771674,171.51518129225522,89.37288157334805,573.4358841941546,543.2327189316618,457.4687021759013,2050.683893108543,1990.4509496036771,1780.861830352053,96.379553679774,102.63473707482304,91.76950733572235,210.99912714535463,226.83291670829794,233.18227028533744
20073,225.4272865024139,193.28680015351276,88.15978096442157,721.2652487771286,688.2123204843936,584.7766146752992,2277.5540390435244,2221.55828782456,2005.150165941785,243.0167937180256,236.47653270313057,223.90470936385373,407.521879218415,418.75211506769045,420.3324402549797
20075,235.19461988203597,200.39208942065014,109.17141468977836,618.5406702520268,585.3360158737453,497.98480417182725,2109.8086756541206,2049.896027266061,1848.7049928321437,92.60503381780482,100.21202001236063,88.89583102812446,212.73496600392656,226.73689803997763,234.56643920727888
20077,322.5896609344993,276.6879494397755,147.2514719110749,790.0075526010726,756.627030463005,656.7836368069987,2374.266327876376,2322.712189121689,2131.7436201303562,184.128028395911,188.30509506041287,177.39041484235253,334.28804330364085,334.08252158106217,345.0619780942487
20079,263.4140189753691,225.38140032100188,109.94237860462643,726.4395120475617,695.7161299258447,591.3440754943457,2316.1244839375836,2260.7025214944383,2052.148982788898,195.81066565702162,192.54984172877803,182.44681021457214,360.0839840044283,368.9398779613517,375.9810977935455
20081,256.51278638037707,218.1905174291344,115.88073000444044,669.6083127041393,636.8619654541509,546.6614750954741,2208.094440849751,2148.709917800856,1953.1908853551165,105.45669467110338,115.26156427677597,98.81665225807933,224.58708651838342,237.16899120462062,248.55313914844464
20083,256.7577257417616,219.39873984178598,111.82735646111021,667.6589548079226,634.9052284773816,540.461624513123,2241.0120082278195,2183.5867766563324,1985.1647589940198,117.67970141595849,126.5921151262052,110.57908448773227,249.74523447390771,256.5010060811415,270.28645318953926
20085,209.2583885685221,169.32188869424598,72.77523496119966,677.8368550835474,650.5402201743665,550.6931098284545,2242.3342476235684,2175.438762284236,1952.044816547016,213.60502849865924,217.1782107711127,199.83494630372994,389.4235421299955,407.6157263800974,423.9626074241999
20087,205.10052659648676,166.11018698402683,70.1115754034372,695.8796824893564,670.6099189605827,565.8310675452188,2263.5691573300282,2199.8554773932096,1977.7801956109226,225.8930236782579,229.46360309835373,213.48443565995552,408.1640445380627,423.76813734433347,446.0772240279528
20089,224.6033996348542,184.60669854964758,87.38417894860942,629.0572723348135,601.6996432280918,508.67098839836774,2224.387925704078,2160.244339065558,1937.7089990338434,167.47958410846482,176.34110298786294,161.11438995499162,323.4982172744285,320.7065465427069,337.47226507838025
20091,191.41044697978336,157.35316492577493,63.14456630141776,701.0907472996254,675.757563220243,569.095164521833,2262.975944768276,2201.759244043592,1978.6208021150385,239.72055497195407,238.6168761566186,225.41323250564892,420.40590709473247,430.23931563973446,454.95397329000406
20093,240.74149838382567,204.9252690578246,108.7549123457209,626.7214312778849,593.7847912567923,507.0807647370813,2141.5516674421688,2081.6768358860777,1880.7616398403438,97.67359168701688,107.86377411889131,93.48534674769789,219.8245593216011,231.6983300067042,242.9616933108103
20095,294.5158162462394,254.2400721729275,130.27130064712054,754.7258634951506,722.3430969839609,621.698790854731,2339.46991784062,2286.7005979277587,2087.319778640561,177.9680924259348,179.59161864209563,169.61762046190552,325.0885235600771,329.0966200752711,338.6349707630337
20097,283.0292292402684,240.8597049773851,125.42283902290077,725.0895738275647,689.9118902514307,593.6410192040116,2291.1251524860368,2238.793342715014,2043.7348690577455,134.02122746903797,144.26772438743762,129.19738621195725,278.89578484916353,281.4448551960125,298.4573079498407
20099,233.1898703682697,197.04548841750278,91.09970372022359,748.6093952571566,717.1077452412185,610.7486886587011,2299.259136689448,2251.090057561698,2040.3940394862584,262.3049457943947,256.18259534836653,248.05701084911817,415.0250456409017,418.22491072792275,427.8840189735133
20101,225.9456742666664,191.15841759728605,95.86323258734674,609.3358756679993,579.4975067776858,488.6930969124007,2154.094540225521,2095.9485784404237,1885.466543972108,114.52152689004893,123.9408015127428,108.065940722303,235.32512780631978,247.29392535744742,256.00130588530317
20103,193.63523933275115,156.55916183315048,63.88933269779511,696.9674120580278,671.443731069195,564.9690400382976,2266.4498891982535,2203.9058959118315,1981.2572736252805,232.72461221562935,234.49993979109996,219.77945924793886,418.90392065773165,434.8937280001522,457.6541569718518
20105,266.58915121591775,226.25714131541554,112.59749715100008,681.1327450928105,653.5434623856615,554.8697272049534,2269.518997793947,2210.809795730079,2001.3267363084658,164.05653758268585,172.4966953014522,156.06540233747847,322.89799290034205,329.3251065282455,344.09541062127323
20107,219.01833728628944,184.75386238553241,79.92770851478511,718.3698082739877,691.0852214079944,586.330903109734,2284.6930137305994,2230.612130449039,2012.7768116858765,250.5720442426304,244.11009862130385,232.1405800271097,421.10538570788015,425.40312716184025,440.6848783839581
20109,212.61154462308133,176.66192016201285,89.96459149797968,580.6062824766117,551.2977547276947,462.2976012723915,2093.7857454639275,2034.4676066690245,1814.2999716471427,110.03244640712458,120.16004348835861,103.46318430904473,226.3670864311126,244.776497862635,245.4918218167275
20111,213.31430081528492,176.8175960036556,79.66023781097401,693.9850180952405,662.826171773823,560.8474011194733,2259.055320190643,2199.5989928808817,1978.8514423838478,234.34917746586598,230.15977972255797,218.5211249329926,401.33275166431986,411.12073272316786,417.7684755798076
20113,267.993378037613,229.75547638767247,113.88198195118589,711.4458779971357,682.106037202537,578.8810125883936,2298.0207088855923,2243.8851648126183,2034.6930930527778,189.15553459198298,189.37314416225763,180.12679976857686,353.17439654676025,358.182496396859,366.1841545569167
20115,243.82821437415578,205.8845924356665,97.3011902813648,709.1984319599206,678.6037399622712,576.0018513791902,2288.852202406187,2232.883498679953,2018.6235177544909,205.41741466840827,202.50296645632878,193.95927090375383,381.78240378396197,389.7490870284972,396.3194883757368
20117,204.15797725902115,162.44719122848272,72.88309957240409,645.7365326077517,618.4710414171708,520.666054564076,2210.003056811263,2140.860285664659,1914.9824773809335,198.20996237931965,204.8778675571354,188.57478128985673,374.68654942603155,386.57369586503546,400.8552666421434
20119,281.1858242061878,238.59459010058535,128.29230452377405,719.2575785265747,683.6377916163943,590.3347227606544,2271.41383906236,2214.994814748613,2024.0183301545749,113.37975027354335,120.53929746800938,107.144297415988,240.1631109523211,245.48042224271543,259.6089256091215
20121,207.3732875845079,172.56675703481858,71.51484468706471,712.4297689683181,686.5124323374173,581.1318424466343,2273.3672568360034,2216.075275367969,1996.4593879744468,244.35537806270744,241.6725564034597,227.7384931931862,417.19582801472325,424.6967941153186,446.5235184782885
20123,252.01727649699228,211.36084372576715,104.06922213547789,660.8458908850796,632.9998252572739,536.0121040257666,2260.00781234092,2197.998683623966,1985.183138379268,165.45415865041554,172.9345617641367,158.17267320489583,322.3272956645316,324.98974356326045,341.51943707144517
20125,250.67682088616857,213.3673024620553,101.38496119638782,761.4106426171115,728.6958668733492,623.4551360152007,2313.723913654159,2264.2157319062007,2055.556727678298,264.00542734154726,257.6088419096877,248.25458175476305,414.361699114173,419.51405470889813,429.3450166673414
20127,215.8158830709152,177.17446381212386,80.2970086578368,679.2811160912204,649.0717449903422,549.0270246002079,2252.5371765598297,2190.5430082906414,1970.2852786150784,215.42784934234865,217.6739713090548,203.92209118508384,391.3991364336689,399.3222742682636,408.755104010756
20129,252.22781769476788,213.0976914168347,117.83845361153003,667.5312929250734,632.4942602466883,542.6271995018658,2173.3818565992588,2114.6815762887113,1919.0794325341863,88.84050695505977,96.59416574470295,88.68881323572322,205.37902557308718,219.92230665624135,226.72422587718785
20131,207.22713278192901,164.51271007200097,72.35132186354664,659.6890837737342,632.7041613614899,534.300348679108,2216.3042360425948,2148.102007268359,1922.7653284996354,204.85487629906584,208.02454127624065,191.2827538726077,373.7467013634011,390.50342067351966,405.93622122047316
20133,226.30768472798627,192.0572607439706,87.18356951432,733.0449412014007,703.7378726888907,596.683841582056,2290.7346736033187,2241.060974030609,2028.9420016134118,264.9148404126841,257.4821393834193,245.80820960775492,418.5113363918047,426.98871690087117,431.59420692509804
20135,242.75979002728573,207.65790797539012,104.48186640676408,640.4569106814802,609.1640755597334,515.8079376514818,2208.806573430013,2152.860152532556,1946.012558959296,119.66029953142338,128.16976635477644,112.32012589648085,250.79732018799282,261.39615839949363,269.717132116673
20137,239.39932584085142,200.39751325392257,102.83706009358464,590.6619931572442,566.2539529879149,475.1041733091321,2138.3616790761425,2072.096578207899,1854.0338715314756,141.75428775547326,152.64577437157075,134.5980293453861,267.50041089727796,274.3258286990263,288.56988838243956
20139,211.06281449071508,174.7419694674126,76.27046636774023,694.423598264326,666.0803879633638,562.3547448142315,2258.81484542377,2198.12149589905,1976.4642286582512,231.00197545476968,231.47553868694928,220.0011340938382,401.5932052103396,409.75523764492647,421.9569138833752
20141,257.6370612005916,216.78579751017736,109.44635873550583,651.7067221338061,624.9512868649448,528.0433179801423,2238.9908674567296,2175.9633753342955,1965.8751124772036,151.677269534448,159.2334437001188,144.7401757026284,298.77001351235924,304.78175142733215,319.3329070172166
20143,253.83744825911907,213.35357261533198,102.8474398825073,676.917971603679,649.1187619920851,549.4825471621618,2282.058782838926,2221.4913677531895,2008.3496998240237,182.24007926056922,189.6675582612211,175.23288365533864,359.80641052774723,362.68159417371436,377.220272392889
20145,263.63687536201905,226.200430114887,115.45819040139932,679.0058049901388,646.1925214432923,551.4522158097357,2253.734885400844,2198.377664662207,1996.600652239716,130.574642642429,137.6823012780073,124.05642501772618,274.75654619221933,283.1127286828016,296.03070268439654
20147,248.25349081034634,206.13461006419183,106.30250789246259,610.697948075536,585.9837422579446,493.46362669036625,2183.270554653932,2117.944285198688,1901.5948656994583,149.9453101375887,160.6141248958218,143.53718585904994,281.7380592749854,289.84027930683567,301.30398153693505
20149,214.11271972997196,172.02985492574254,76.69883792657734,670.3564389814554,641.677470907902,543.08614303908,2241.462886336273,2175.8795718872707,1952.2638688713334,208.72388707952123,213.58260050261998,199.05847114946116,385.3934520237732,395.34090257813517,417.4529345451804
20151,279.47661061427186,240.8220721034658,122.77158771264303,728.8251621177324,695.6944106993749,598.2453266322843,2296.9606749254604,2243.727234441824,2043.1388013898788,156.4074356693505,163.02964662096124,150.60787677733188,303.3777006848784,308.21934763969625,324.55862542432385
20153,199.80595152004952,165.2087250979995,81.64990425014801,551.3909924388809,523.875306849162,436.2974939542678,2065.1131901879953,2001.3721028381635,1772.5688324917105,118.61714650363074,128.74567750966847,114.31842146791234,240.48467308525505,257.6464842634376,263.28211183431233
20155,282.35160919041465,245.13618712903317,123.74094727060358,728.7324509249838,697.9090130141863,597.7577724561562,2314.460107247207,2260.860112807581,2056.841905579849,174.29923726469465,177.3750390969477,164.03231622002903,323.3778587775381,331.7149986881615,342.89186441998453
20157,202.7430960300249,163.00023241761028,73.64386448173471,615.2097292455821,587.4828358484344,494.3791856077696,2210.1601152869735,2143.1376393923406,1913.1575337435327,177.44627267412642,184.78841878227996,170.2186136276805,340.6201243461668,342.69684418443916,355.75960218109714
20159,273.0510838673812,234.82195546729992,118.87107823860151,705.1554079483269,676.318360580847,577.0146048125955,2283.0148634800826,2229.3854764824055,2021.8118459670816,169.79899423243438,170.762426806184,158.901454577292,318.8840340700971,330.7005719803418,342.0317452009949
20161,223.51214310592704,181.59902321979763,83.10662310124337,673.0083975599982,644.0405780915353,545.4732793705246,2256.3032472075683,2191.7609370119553,1970.2077442806653,205.07641610970146,211.1743504939537,195.30097658372543,385.4017563584947,391.4101435906041,412.2468372238201
20163,250.65181141817294,209.87372027812825,106.6767992266538,628.5044590072481,601.0355369826436,506.89171223941486,2206.6502718190395,2141.219536921341,1929.2326116142024,138.17247833516666,150.08112569538994,134.3656946208786,274.6333912165543,285.51142473000544,296.4610649162699
20165,254.8116543486422,217.95729745344448,109.46001011332355,659.063803644279,629.3861634896441,533.8846600615766,2232.0142472847183,2174.752470887716,1969.5356542312015,127.2559004994514,135.43662564305401,120.42820983556301,272.1240334356272,281.48402516410454,291.95638752786317
20167,262.8694565338784,222.74704334894514,111.5672871822934,666.2844513506539,638.6345041544138,541.080994712551,2243.111567732799,2185.7398181096205,1975.621830507832,143.008970645877,152.2452946871336,137.02695279960915,296.8811830793412,305.4402841324751,318.0119613895491
20169,273.71931423324446,232.89686264096835,116.11921003042391,705.0690722005572,677.1987343099854,574.6655279977061,2300.3162181455577,2243.3205659478226,2036.7777321623441,186.12207633608386,189.68704096963683,177.53603929219418,358.71449437542253,360.87218133044615,371.6916001884786
20171,223.70018853882843,187.9253254283871,96.06663943976699,599.4705412122905,570.0099408119949,480.70911391912733,2123.9565265200727,2065.2960764009295,1852.3069363036884,108.78803666605714,117.48459108204733,102.51663034558695,228.16953614779376,242.10472546887132,248.76969873399722
20173,275.0596903547313,236.53310555615013,117.295481877018,748.1369513932448,715.2097213914651,613.0805647647774,2342.77346281909,2287.6506599489317,2084.194324126526,193.63693741539728,192.134937588666,178.9347550937486,360.1503342833155,366.7559444276175,371.584632444473
20175,271.0690973684299,229.59673011183287,124.8463894810136,701.9989855079818,666.750278600077,574.5953092342936,2238.263607107102,2180.2134775525005,1987.7597188835093,105.85019135096033,115.15314958362089,102.42015918974907,226.69552457728327,239.1407533822342,248.15356620187586
20177,214.6045265711163,174.09204816443014,76.21651190712132,692.3572337333292,665.0220047744342,561.8412205262526,2262.487153918031,2199.201110461164,1977.6859295782074,222.09748129113353,225.62606830174394,210.98776801242298,393.23570846728745,405.4223065134197,425.7872943125443
20179,216.41055015064177,179.25248745743806,89.03496645061817,579.071913942309,551.2619385910177,458.70455523296397,2115.256348008235,2050.3065233746674,1828.3148651028896,129.17134929607474,139.5663711180401,121.16482342048553,251.45094820655044,264.2227041341006,269.2930300498451
20181,180.31421881626108,146.70097751337715,71.90136200582924,538.5365859296223,509.4465133665477,423.4676801488484,2027.6967505140067,1963.4761288315062,1737.2172803075275,104.63997792605662,113.96600343778087,101.48684103514236,214.48032805437074,230.7211909649654,232.7924483508131
20183,240.82256065145316,198.72833240466255,99.22352002991337,626.3151220135646,600.7516798020905,506.70651849637096,2212.3679637687273,2147.3023315996898,1929.781655393049,159.10675438176773,167.86880722730047,151.61354188475678,299.96243653930486,303.5666972089065,315.7308400131143
20185,270.30763232313427,232.66611879136613,118.04709278045236,705.2776909572804,673.9788895853852,577.6225907451424,2275.965522285883,2222.421628472556,2018.7235051258444,152.15360109399495,158.23128121787812,142.87804805464543,299.09581891331425,306.33287959633867,321.38011842335277
20187,250.34615995361324,213.08178999984767,117.34581483862671,650.9410319121014,615.8417559157956,528.2011497898055,2152.294934392508,2094.4923038058355,1895.741721562155,91.36256250600096,99.92705813391362,87.86916180042103,209.5431485475855,222.18872027030298,232.36597070778598
20189,263.5811257645372,223.57504203681378,122.82488699978558,686.2485537535783,651.2131594446445,560.2465022913955,2207.9652043354863,2148.0617477513556,1956.129971860093,95.58751829972147,104.64239008788952,94.41275038876594,211.87560717244546,224.84277647130406,233.87413179268816
20191,306.1144616258416,260.58978648445037,135.80579153523811,788.913199319016,753.4071599371604,651.91443455371,2378.134335442231,2324.5300208554263,2131.601878501656,198.30784601550414,200.27199640197523,186.55518458994575,365.9659221816152,372.39061980400567,374.61364067557554
20193,196.32537761106627,162.92981557858332,79.79941649516735,557.401375453848,527.7535405735442,440.3730624737644,2068.9287984879593,2004.4512719739985,1776.7718240283752,116.10865865878154,125.75739675016348,109.65984673360033,235.56774568429387,252.17054084225697,254.43531754303072
20195,235.57973028368505,199.0582920422251,98.86616226754211,621.9770876124674,592.5310873952806,498.7188925102091,2187.2662765944606,2125.425740963226,1913.1725024568539,126.3097475236234,136.87147134816576,120.79042804328401,256.00903771350033,268.3316813566805,275.4144047554908
20197,206.22488652781175,166.10114984344798,73.38425334235373,672.303663641989,642.5759478018019,541.4013767265548,2242.5134611127364,2177.334543471402,1953.7208979804213,219.5596579972658,222.10500480484362,209.10797306234517,390.91533489450137,400.10176408287066,417.3709153159663
20199,194.8147192764807,159.462075960623,81.1205464862787,558.4824698832733,530.1660210596863,443.920505799219,2042.5526700784162,1981.4046856751265,1763.9925233633949,100.72347498040405,108.31328428665526,94.88958822772992,211.55690689510743,227.1208705164945,227.82392976224736
20201,198.0624002958223,158.34578527466448,71.05995826690481,623.9239951545785,595.9575637234811,501.50115113124536,2201.8004310720207,2134.8127045005976,1903.370955359683,190.70885525577242,197.08239466659728,181.88126247429267,366.3204932226361,372.1652978227617,385.59402015801817
20203,216.99658955729902,181.75866892044095,93.67073128906438,588.8803716925734,558.9706939718104,471.3190770409622,2090.9177044187004,2031.075383465462,1819.451430961753,102.40615800678708,111.2128807287568,98.05169833500669,220.83756741995336,237.05222396254635,240.6152632133373
20205,237.3641013876956,203.49021352543085,94.24074128546356,741.5506828598783,710.5538215111267,603.9688099691776,2296.9908407993767,2246.256973606717,2035.1698965751762,264.2973581193327,257.0248558734371,244.77485269051977,414.48836142611117,426.21259254124135,429.5875308333365
20207,225.94374772197435,192.14914714668294,87.31209832042637,722.2805110008434,691.8522071583566,586.3122697820604,2280.2265564067247,2228.2183465131684,2010.1726784054765,254.79209555583685,248.5625479953127,234.5716779549151,413.0728064992335,427.4236111167529,428.3234653992919
20209,185.26458816162489,149.6572379362554,59.49481350997611,692.2644200704437,666.8383218479851,559.3757923309226,2261.5124646922386,2199.321770316198,1975.6838124946305,238.6088385512976,236.8906786691472,223.12254168789696,422.18731593986604,435.7523076850213,459.65158445934594
21001,133.89964561796143,112.56569012693569,53.98528681964426,689.2573935661622,667.0835200173644,571.0562154131261,2161.6560727322203,2096.5041522676543,1911.5558154490125,253.78512748242878,259.52927999830985,252.38996624161578,468.87943815424615,467.3820704040807,447.344437560005
21003,136.89824954788634,119.88437494014377,54.07192165359478,728.8869080255738,705.6813820430918,604.5154584669356,2222.128745354395,2159.2639290762168,1973.0759786581555,250.59607130463877,248.75174513123608,248.39055234339153,446.35587174518224,441.4279733816069,425.5417802247581
21005,120.2378287923921,97.06764047738018,45.52867314797126,656.4692929600077,635.9048966607828,536.619869146374,2129.3372074502963,2059.2899714490204,1864.7839989930294,240.65944254024598,245.89977222075714,240.1863225743798,437.53347251069545,432.5935709490618,420.2726194335081
21007,206.16998689335756,180.46380139697428,85.9869233168656,786.2287426704405,767.3471547598684,664.0518420221987,2287.265268861895,2239.803468716592,2051.0748572693533,263.06153540446536,266.95863465773306,259.3217237954923,389.69206094712774,385.6893347890794,391.1982117320665
21009,134.86352697907637,117.00587140188097,53.73904420473451,714.3781159898573,692.1661378042588,592.0084057651721,2198.9817645924636,2135.598938666297,1950.1556012820845,251.6857254162117,252.2607908509312,251.88235058148362,453.41647177584844,449.1936551668917,433.9801819464086
21011,112.66295879521753,88.59515556542422,41.321246971762534,671.725078461159,648.2097090454689,552.4427255451552,2133.5647177404817,2065.296495577383,1864.73263338521,226.4590933770039,228.41942352311426,221.7457323053925,452.456838591628,445.72902727418113,430.97126536967426
21013,81.53461570940658,65.01601527465552,29.022681757213235,651.107347640075,627.2551378680107,532.3303598113241,2080.168256123106,2015.285664760225,1819.7224667889416,223.65499637419697,224.76678796149872,224.15825627949,455.3628981468414,445.685851658729,424.33050279383997
21015,101.02574532321921,76.55165303599573,34.00753613535342,641.3965150658327,614.3613605221583,514.8095923896071,2122.998013750974,2048.883055645858,1835.5082739230197,224.28108211894,226.75964781997428,216.12459662916962,399.98409254500456,393.6552259357475,382.628993630796
21017,114.61977864436219,90.75867366265675,42.47706927203143,661.2800268969861,638.1301498974383,540.880045293652,2125.260075575517,2055.719114702967,1856.8416409969886,229.97822452624933,231.07147794882377,223.82103241381287,438.69245196226814,431.66150205236016,418.2523813015273
21019,92.15098202803787,71.18953975731806,31.848506284914002,667.3940908278022,643.2080479674645,549.2945537061181,2123.456940805355,2051.4531109726126,1849.5591858982589,205.75165521210974,209.4006297083785,201.0415322022163,418.0515557906503,414.98051994029163,400.60539867353185
21021,121.04269886153963,99.0272609587212,47.035334436652604,662.810315486762,640.9439526070623,544.6816262860035,2124.9274311385016,2056.722362560957,1865.3708520290668,244.5476441908298,250.57307571669958,243.68811809789918,451.0713902392725,448.5863395003968,432.5447112353987
21023,103.69916197745904,81.4422336434814,37.077254232367785,649.8173625792588,624.0026853759595,526.6567482886003,2119.089837496329,2048.820125167915,1839.6263141143609,221.85095304322402,223.81720848430427,216.72686849201668,410.37052207145734,406.35110151299216,391.9597496306872
21025,107.62426323088343,83.0047066870118,39.75423275411614,677.2873945222951,652.78423360784,557.9601840350736,2132.7207731172684,2064.6817011248245,1872.295393457912,215.1509968365198,217.72112317088576,213.31644839812208,452.3719430308758,437.39378641216416,423.6967386403914
21027,128.76755215492906,105.27859370903084,45.39846010549132,713.6329831875953,692.6398732878395,588.353339492204,2196.460733628244,2134.807691620725,1930.761191553152,247.75369934322225,250.96429043724464,247.41180028789125,408.04325763909395,408.4442936222081,403.8231712335276
21029,129.37062571223956,104.03837891722169,46.5942837042117,704.9218091520257,684.019543251124,580.8519303806014,2202.644583417045,2137.396683886665,1938.004822689159,246.12662429645297,249.934026259277,244.9194063325706,425.4514574312665,423.08033841251336,416.68911742630416
21031,146.56039636150723,125.50859973737302,56.13341554554385,736.3112013112398,714.4090238120014,611.2038896751917,2234.857608508263,2175.209137445317,1984.719963718857,248.27546740609833,247.9409894335286,246.23358110936255,416.14248522555255,408.6313468588945,402.85076222004665
21033,163.55752693082957,140.83409508642075,62.8672929551341,736.4924474411239,716.4628318720685,610.7935723534522,2232.8011370815907,2179.196158337648,1982.1193505930314,255.22240961701527,251.4042426084126,248.94683855270938,391.7299993931348,382.0033269296522,388.5697420362165
21035,160.6830644469543,140.45208101459414,61.67840814624119,753.3245593412024,730.8402614732584,626.6460914096018,2240.044099623693,2186.400936330373,1990.434395961382,261.35885698503347,260.21025768672723,259.9788509493856,407.2073788629524,397.19316054755853,399.98806987145065
21037,104.35631193405793,79.77576176165964,36.420669987487564,648.5168896842081,620.4065801324443,521.174407166704,2129.5605818665713,2057.0426422960268,1846.264214327796,220.70438794404905,222.45799218075186,213.41651183052576,396.94402581279013,392.56822568989344,380.6911510115722
21039,201.81446898512766,177.51520699471902,84.04476335964688,789.9588835333576,770.1630995623217,667.1918874998499,2290.4397251196087,2242.2369489189755,2054.8636081460404,265.05507696767165,265.8092734447793,260.843417305956,392.0893028589639,389.34479553708996,393.8996550591857
21041,112.65674794073178,87.79626752242883,38.90439940388423,655.0294676079588,632.9339994975538,531.6561247639244,2142.8167682255466,2070.460574026952,1863.237562098727,239.19793163837622,243.2067608727504,232.67204806170693,420.1615119069409,413.7121546988327,408.0555928584959
21043,91.62418825775879,71.00201908967287,31.556960847775194,658.0150419747084,633.9715181739323,540.0976030603587,2106.4956892109667,2033.3859463805197,1830.2111362503001,215.04152421287858,217.73575736242628,209.8130148815024,431.7642717031983,426.95326572611214,412.7076892313303
21045,121.74310317181013,100.70629699407208,48.027001760541836,669.5969911370014,647.5520644375445,552.202366805261,2130.8043263209697,2063.974939195202,1874.3595448639892,247.01414738779962,254.2857763741416,248.0682314879888,464.498731999268,458.47205075937956,442.6152654679933
21047,153.7948328700624,134.41795739776882,59.533771400043676,734.4474862725372,713.527212389291,608.932710203095,2224.676839230725,2168.9327959974516,1973.7579538945854,253.37475705728534,247.92486142520852,249.69419681619533,402.86421673402964,395.28089888109855,393.65090688228645
21049,123.47001378427709,97.88028897867483,46.98956758259052,675.8032560156668,652.5609153750041,556.1596915829069,2141.751682757861,2075.2150096812925,1880.4685970283015,230.44640774877638,233.2124332444054,224.88383397550578,448.82500402527677,443.9453498487859,428.5282795862698
21051,105.4798929570967,82.68512446308844,39.90571850190512,672.4460725270052,648.1500391553734,553.6484059928731,2123.017438481049,2058.692025963279,1866.2101670127304,222.4167450392044,224.8289212049874,222.5233537987869,459.58277875081956,447.2612239911152,428.52250108818936
21053,125.25125168165019,105.80966357961911,49.798093591028,696.5579152913658,674.266771932384,577.7808424852594,2164.8187948554646,2100.462305326498,1916.1773136073255,255.77296229565468,259.16734167203236,254.72543560544395,485.21134454190826,481.56860776467636,458.31043705217263
21055,170.01159201240756,144.5793925719219,64.7134100081683,737.4552537685655,717.6789091992252,612.4101673142933,2238.940181903469,2185.817291356386,1987.9952731026242,255.2075303842691,253.59873885233446,249.22289435942008,384.09363822374036,374.4875194096023,382.6773948446502
21057,134.61958316878744,114.90860363070696,54.471686191411244,705.7562042714793,683.5447201157394,586.2938648204591,2181.573421669001,2117.781423691872,1934.5607079371453,254.86908928288022,260.07389469702423,254.20936408485076,477.185352701834,474.8227305980724,452.4947113918509
21059,157.3173066308754,130.3452173801883,58.685130515149446,739.1466877520568,719.4511245007803,613.2227830901703,2241.848795277604,2185.500596053228,1986.21439917969,254.21788468842095,251.9204278765444,250.41107141354604,393.18596851869853,388.84358141023347,389.59312768739403
21061,134.23543908464745,114.99624419639615,51.39382342717846,720.4592798528693,698.318082858804,596.7826701156971,2211.609699756377,2147.8246173362095,1958.3815228761905,247.1452159524453,249.26569413446177,247.78466661427387,433.07721934475984,426.82056761305375,419.0643820058175
21063,96.61580881401454,74.92276765424738,33.694594974357415,665.627546227238,641.38644533374,547.8549999919297,2116.5140299752497,2045.4731889587315,1844.531357901181,214.356969721827,216.8583538084415,210.1882904900061,443.4046762599256,435.3048470734084,422.1264682826227
21065,119.2648652868672,94.20288235171861,45.186227415238434,677.0218510753715,653.5730930162762,558.7573074633546,2136.953084446172,2070.6455004569098,1877.2134961804495,227.42869489054283,233.4327967065082,225.51164838320133,457.9229511369216,454.6320568851053,436.7298666531351
21067,118.75497016792663,94.24678355592474,44.82936913922413,659.8081830680089,636.9106692783026,539.94180630529,2123.345684132813,2054.880050725881,1859.347835538705,232.62194009462073,235.9149340846765,227.3077717815463,438.7388107558028,434.5613005035906,419.7675498219757
21069,105.680275044674,83.38377207729019,38.18242780970408,661.5018662412764,637.5041038639786,541.6148788047506,2120.958046445109,2050.4703079952633,1847.2278605076935,225.21914011878556,225.9012650914038,219.36082464603675,441.6413473480128,435.35033737438573,419.1923579861765
21071,104.33881948933984,81.11408468329118,39.59961935714611,676.0130598531593,651.6437824676157,557.6120902054862,2130.0125131893424,2063.411371754142,1873.518435979168,208.4641545077032,209.39185527883654,204.88882588274436,443.5525692290198,426.7924237848223,416.0515652988596
21073,117.33475767458359,93.56207123259959,43.62836414073261,651.2024023992434,629.8610083593309,531.2726109715805,2125.8754868667993,2054.2941601476423,1857.1136747100682,234.74207012423852,238.8825719033895,232.19758151439834,425.22075323740563,420.95306943290797,410.0075159293325
21075,201.3092796676231,177.93793327402238,83.93398211064675,798.323936732975,777.6283862540206,674.5895885161174,2301.736147667066,2253.39392599114,2065.4526172980422,267.58445834503283,267.09923358383514,265.10555190732504,394.91834536247853,389.8405483883742,398.46648725887314
21077,110.09946460445863,84.73078264168774,38.07230959032613,651.7786345360541,627.2649791875391,526.9229309635648,2135.7299727586483,2063.5258212074555,1854.9524793706128,230.0065993661621,233.44869320849588,222.25055071328092,410.83916848457585,402.22243554134883,393.4989285432774
21079,127.13641275540326,103.24179706902343,50.21829320924549,674.6752370007472,652.4650937266659,557.2390193862751,2138.2419032491443,2072.1129120965516,1882.9659729755774,238.3059410405586,243.3916914097884,235.68288397054866,452.1755234970894,453.0391861136176,434.04409383627745
21081,107.37461591783321,83.7044714038143,38.044174261507564,647.1783407278282,622.1592222049183,523.1297380662947,2121.718663882946,2050.393081435469,1842.7781220147942,227.16108635363503,230.12417523218178,219.32801972291145,410.44826539758924,402.4467991272476,391.5633265537681
21083,181.0489084618053,158.57058650383092,72.52387524383268,774.6622220499738,753.3021503766619,649.236120654603,2269.1777585817463,2220.133307821456,2028.1063240366009,263.7506469673021,261.2667860670141,260.64890353305356,399.91637539539056,392.1937195375342,396.73322578178215
21085,130.43075649080737,109.2408952963822,47.80756519611289,716.3707770965249,695.0051560847509,592.393803009325,2202.9539398462925,2139.950761312493,1944.7055793640611,247.86012217294245,248.86973340265544,246.68427141905508,420.05902430272215,416.56719138550005,412.0835019049026
21087,133.03201328780884,112.06820528093178,52.19829367362257,692.5909451568051,671.2500724978185,573.1893985170867,2171.150908082581,2104.9349357187743,1917.612006900447,251.94850538068877,257.99267483145206,252.98556134713778,457.15153206988214,454.4657366421152,440.9555594234901
21089,89.36683810067312,69.20039552190163,30.839445236915367,652.6314994158472,628.0573820351602,534.3812430250209,2101.663915443973,2028.5387393683377,1823.2813161133533,214.63551237258898,217.63293020247679,209.2729528908405,415.6793326795529,412.9626614109575,399.77324726958244
21091,143.77610530666112,118.09239437999713,52.047029887923166,727.3764595312805,707.4243632721422,601.357662173689,2219.61983300187,2161.338744075513,1958.3576593642422,251.6760653419175,253.01304229478038,250.5241733572574,400.02047225347457,397.4148777263377,395.37563137700107
21093,122.79688559524239,100.59484716673431,43.74573930668382,701.3504483987076,680.1938109846731,577.6254500321975,2185.4577265438174,2120.1439162337983,1920.5772898819662,247.0241296709813,251.40791555858635,247.50451311527186,425.47325830870324,426.15976973790686,417.2391086376889
21095,61.90647041580278,47.89511022499479,20.98728832886032,614.8364306775778,590.8744381286895,497.6257869797516,2012.8473762696842,1945.4223219793869,1742.830558879895,208.78045286010078,206.66819192751785,207.24005672831626,433.4573094726923,422.4099833253443,403.07022628611475
21097,113.11254171073797,89.35889715259215,41.66004138912913,657.1050447848303,633.1889585610614,535.7213911735914,2127.2695070053283,2057.5552941065566,1855.5536295820662,226.52115668809975,228.39830873114065,220.36019394606723,421.1776264454961,416.036541241477,402.3638649529749
21099,129.87305900192024,109.54159196780283,49.57428183398383,702.1488404605296,680.711269494626,580.423069104679,2184.1999246925375,2119.0649142863026,1929.011163401763,249.92310095576786,254.0786976978171,250.32175383719732,443.1154031707915,440.31094462879247,429.18518916161736
21101,161.00460924707372,133.50618415665514,58.634629768560195,729.9056699714937,711.8359900456281,604.6029085379859,2247.372031144766,2191.1554184268143,1988.6691245050745,254.5282150225806,252.05244365489435,250.2830865138896,379.0710945858161,375.9591482114727,379.10746646366977
21103,109.23185561899118,86.20239943862609,38.227676394462165,645.5340836398311,623.5476495243759,524.0281541399796,2123.491688147752,2051.2886283050493,1846.4820342504834,240.73956715853996,243.77537306774448,235.94593210284566,425.24003911670405,419.218404357743,411.6098216169333
21105,196.16014571087356,173.00709204120218,80.85552879648033,792.6606399056521,771.8527645561464,668.3803608683726,2294.578373716825,2245.5784200013322,2057.169895297492,266.2908929429133,264.9759338599046,263.1436933474987,395.74270161404223,391.5281336774153,398.3709358489599
21107,162.72310144469128,138.42279891387705,62.267824487991675,737.6508828748775,718.1030885904947,612.3001629732382,2239.7044663219267,2184.121601667055,1988.3261858028332,253.23108870403766,249.27758219773705,248.3412178317446,391.11416142129343,381.3025569720803,388.18674688706744
21109,111.74267067344881,88.06163580827346,42.00188601934442,668.349150688321,644.90860434538,550.7293761955095,2120.851089326571,2053.424228196584,1859.4151859804274,228.32116221128422,233.69054723332815,227.23337478759717,463.3859938813691,456.4117169868233,437.5021832924168
21111,125.82365459027972,100.87087601312308,44.58797587672951,699.6973606050673,678.9037323865771,574.9220340224223,2198.3391154584233,2133.689682565515,1930.055221025153,244.62618937127837,249.5035308837797,242.57121279695775,419.92533314073046,415.9021035526137,413.7552955035944
21113,125.54076742305912,101.21087247912088,48.40506483201122,667.1618833284778,644.7518646701982,548.0816529102045,2132.9759697718127,2065.8774682842354,1874.6301380962955,237.02146777687267,240.97510894670683,232.7585356701568,444.0456032117413,441.24076191584845,423.9259777902245
21115,104.9160590715363,82.26626321055258,38.85004543171227,678.6923551290527,655.4489961289033,560.5337800059881,2138.053151587371,2070.271690774074,1876.2553890358668,210.95728991822017,212.55167566422082,206.02585730454808,443.1589789378062,432.91827491637866,418.5989090379188
21117,100.56755394961905,76.17265588423534,34.31864474813405,641.4560825929664,613.7637424090316,514.567690646124,2119.7020880481114,2046.6664698543639,1833.506747568937,222.8292988616116,224.97194203232684,214.581025137197,398.59816365336223,393.2557016618549,382.07580588086364
21119,94.31733372083536,72.65466050659903,34.57225376114907,663.4224291531191,638.8552362377416,544.8167424958045,2105.8681160241103,2038.7450492489036,1845.3737996340947,207.91524469287697,208.5429193329348,205.6247559168139,442.84876645650985,423.53547104401093,412.0232723464781
21121,102.09555496726736,81.75601319227742,38.597920289511215,674.8476226394735,650.6514416330251,556.1285395192483,2123.1180757857683,2060.054806880644,1869.5161105202,230.18211736050745,230.70089319965103,230.19639809906093,463.89487062012495,452.69938419176424,432.33066862655386
21123,127.51041534443877,105.54604600319064,47.582131628951544,694.2817419265978,673.3348716514123,572.6909165623437,2178.5048139501687,2111.5750855444344,1918.5601527702433,249.3508834406848,253.72746912041657,249.8945765948203,440.9906057573597,437.37820892848976,427.5041508106174
21125,114.48227160037368,91.48450361778063,44.34074604843608,678.7966255335432,654.4801888073578,560.4277842859798,2133.6269870767987,2069.6111056489126,1879.6301742588944,234.82562116959693,238.02456519018588,234.8600744256393,468.9548992571834,463.72622562291207,441.4989687898812
21127,99.81079786266189,78.10854626859637,35.94057185017239,677.3962147764928,653.9996497521173,559.5042275656942,2136.969511006445,2067.258151797826,1869.5319503508701,207.30871426865593,209.23737469813273,202.3634530073545,433.45331335374505,425.17263175848336,411.72428988684015
21129,115.13650015835438,89.42694559596684,42.876064102842086,677.9034004494331,654.1636689800428,559.3411271845263,2136.381511332666,2068.9857209303104,1875.2793545930049,223.64218339571644,228.46201905218896,221.58764162555008,459.81845492800073,451.6383138299324,434.5233150029011
21131,91.5863289893167,71.22544072156467,33.563801145461774,660.5662205107955,636.3560806450872,541.8602141882232,2099.2754346280462,2034.2003484648044,1839.7028413985586,212.22096529721813,213.20162143708717,211.56061782018938,444.268853102891,429.9956079811353,413.8929438879767
21133,72.38279356482612,56.00149998309571,25.459506739457783,631.4005151937915,607.0519029563674,514.2900595895928,2045.6533662738116,1977.9742616975484,1779.3081541539523,205.04432913968208,204.59127815379404,202.377004818433,434.94430409512023,416.51243030363713,402.75474816347526
21135,91.65378927785065,71.84503034952871,32.04529772371861,643.7910490931413,618.9398732115313,524.6363694711108,2090.677418155055,2017.9402230198302,1810.2970998585201,221.800828584964,222.29338561649507,215.26283547027327,424.8798630792867,423.21371392147495,407.5574379300542
21137,119.34553826272206,97.46176721793131,46.71842442153049,666.7523899952396,644.3977454344583,549.7091786546085,2123.5534704880424,2056.404153261444,1865.307548340296,242.14984680751166,247.68751645700917,241.24766859194386,459.7502618101541,455.970727066835,438.3977316682093
21139,181.29745882028905,155.90384485877254,71.6495127755896,753.4890568300755,733.2126865261054,628.7471611258737,2253.43038699137,2202.9922896105354,2008.0248358832753,258.892880278831,257.19291663850015,251.09498266780088,387.5976245404107,378.3832296705927,385.0116290871725
21141,145.1777029562321,125.82775669842275,55.94552998253171,738.1747002825346,715.8811349684795,612.4912873605335,2235.822549992191,2176.1855908738776,1985.2986211336834,251.0396610973818,245.64539080550858,249.1334328221713,417.7746104899601,411.21697087542964,403.17253268934303
21143,170.12723537437458,147.82988069557933,66.57550690402674,747.4803879512021,726.8501589294734,621.802713433394,2242.670578293149,2191.7271102455898,1995.4863460443644,257.9360591781641,256.34313656860115,252.26823167489746,395.7575880428907,386.76689607756595,390.4461823771389
21145,195.93191097353417,170.82533704362498,80.29386090137689,777.5098978265552,757.5006694913944,654.0450459740434,2276.990061563368,2228.2306282091968,2037.8423886978132,262.0772429348908,263.6885164415781,256.98487759662606,392.4368120957776,384.9327787601713,390.34550472470835
21147,108.25947509098262,87.9048016657305,41.38242398842816,678.7371711655676,654.9888425758993,559.7718684493163,2131.5883253525585,2067.787602548341,1879.4595829132875,248.80215746846088,251.25557023544442,249.042570574565,487.28993192316176,477.87098152071223,454.57898534166907
21149,163.17815132623133,136.6053961050093,62.15854937064845,743.0779724583136,723.1799728853898,617.381370184591,2249.432777002112,2192.9334801122995,1996.6477181733728,254.02216625116222,249.77963734295105,249.52404684697905,391.9469588460858,381.94606968894664,387.57343146258097
21151,125.52228699162208,100.3745851015713,48.67862663026711,676.9536985268838,654.0039013351483,558.6986878627195,2140.107543227129,2074.8586978828234,1883.4658878499656,232.60797852183958,237.3785874794337,228.5425544292412,452.7989278239905,451.28900530231766,434.2346372836356
21153,103.48337573638551,79.83129932506597,37.83814675453213,673.1554632848607,649.1723852441164,554.4850522146851,2127.131208742618,2058.392864140061,1864.8916524183016,213.75024981759438,216.48218638342777,210.17898142505243,447.5988776462856,436.2506805465232,423.2469493715368
21155,127.51909914206689,105.5803406702593,49.46528563224768,675.0941968452383,654.0688777560091,555.85693847158,2150.8770979568258,2083.3611071557393,1891.9464868946634,248.8024201635692,254.35861141387278,250.86975292311132,452.06044022304457,446.2057995059998,435.4909674298865
21157,174.76983540319821,152.38774772840065,69.11459895631079,758.3711669229441,737.3566901591363,632.8509133657551,2251.8623941296482,2202.2291284359176,2007.4586895414673,260.8529679552872,259.5551317867133,256.007925364028,398.03459688371396,388.8101624605103,392.3808051369595
21159,108.24696223683668,85.38188894654907,41.596804534186575,679.7687854042136,656.1745082089021,562.1132484309569,2142.2735416723626,2075.999811900245,1885.0451002351062,207.62615496429095,209.60500039566085,202.96367217262696,441.24823594785556,427.32113622967216,415.2680879553427
21161,101.67400969798716,80.0535273389277,36.45273424263452,650.5568794281905,625.2612641144602,529.1544984228176,2113.0545052358398,2042.8626548804873,1834.5791535299522,222.03369341809562,223.89250948506202,216.42686439940684,417.33943321761717,415.13952570296914,400.8111842682073
21163,122.92600948124866,99.34140020920042,42.4115905748169,704.0298683186045,682.9560281514515,578.6836138804613,2184.7538935796056,2122.0156424116763,1914.247407488146,246.44308852722347,251.25021770870973,246.5297195497375,409.9889555578555,410.2123240008981,405.5388101078553
21165,104.62965493672907,80.83356671289583,37.61302910248704,664.2581971567008,639.8808480053059,545.2411844488784,2115.186877456852,2046.8933526475462,1846.1640345223927,224.35665136175393,228.58388785974702,221.19668472978742,457.0300391742453,450.38062925582256,433.8198403756933
21167,123.90937021757466,100.75085604275246,47.862455084293906,663.3642590058437,641.8508463585739,544.1896169804447,2131.440545322658,2063.397415145812,1871.6805053333726,242.6516032326096,247.09295019836364,240.96508930155588,443.81272510348055,440.0415416599859,425.000733586528
21169,130.69744974321773,111.5935108829149,51.988911534946226,696.8200934510367,674.7922774397032,576.8983815160725,2171.525239773953,2105.8706205391686,1920.6288626460941,254.11223998298965,257.6413000706555,253.66296439677154,464.6295358403537,463.62227677262837,443.98870041131795
21171,130.3495565176743,112.96109257031416,51.755600350154964,710.7284691764398,688.493191168392,589.1815068714621,2187.418053777926,2123.592180137207,1939.2827618699125,254.45323470691415,257.690813890643,254.0427997606364,472.48288861858055,464.1249062130876,443.9576843359906
21173,114.72298471076508,90.1573489413648,42.47792108183754,670.666644279619,647.0545951546247,551.102069307557,2131.483775758795,2064.249727150523,1864.572599002727,228.3692142222901,230.76794072415714,223.66782152266495,452.5037637150381,446.33087774569975,431.37180741052543
21175,102.84320331979382,79.40297218970285,36.88943607758702,668.5643472873874,644.4536761152297,550.3562902348057,2121.5987984298054,2052.166681249127,1854.434667249327,218.8585877262411,221.80009087756702,214.90750247883634,453.6871736611923,444.13145394180776,428.20770536414386
21177,156.76082946850215,133.98618669821536,60.21652840531216,739.6502303601002,718.8082967334248,613.8193280163829,2238.630723177002,2183.9715277932996,1989.8473260765036,251.09264454183503,247.87180794885822,246.06370004470872,400.5937468734139,391.2134166140492,392.90828975878605
21179,128.1923529487909,104.82925743643625,47.44473524487454,686.4225989353563,665.4186147287344,564.7958031006871,2174.2687433829633,2107.1651883217774,1911.6349482232356,247.69553234917112,251.7467883730898,247.7696233729746,439.29140115892113,434.98870299683256,424.39588874249694
21181,112.51263919928203,88.95695518468398,41.380155608045825,663.9200731263899,640.3027855310653,543.3904352275371,2130.6341899020335,2060.6749254418364,1859.786923310729,226.78480093768,227.44921159217202,221.24316617173986,435.28295372947167,428.20954516030434,414.3117601489248
21183,149.6488834478318,125.50207367138998,56.600948876341796,736.3527267632927,715.9581552862347,611.0600458570876,2232.966731794065,2176.6633998894727,1980.3579598811975,251.85966608077874,248.79935665094052,247.87822480994424,404.1769138087405,397.9058361736446,396.4093448145646
21185,113.64179931238462,90.5509287827849,39.07076992683467,664.1908524440101,643.0560876936903,540.9789854998877,2151.9671630645144,2082.8084901482016,1876.380836262097,244.24598709506,248.9354187818771,240.66085660580129,422.26010964960216,416.7006314533173,413.4245011923625
21187,111.86451007699063,87.8765540628376,40.08542903458967,649.2011339696519,625.7904919184163,526.9674544383154,2126.2782204495606,2054.8136758678943,1850.6181638768637,232.66464155374214,234.4313659270555,225.65663904151626,417.02979152714425,410.66495654836064,401.3082766387579
21189,111.3144587105563,86.676515996674,41.799661493585035,676.0027286720381,651.9114004502997,557.4830994312454,2132.346077413639,2066.073180998437,1873.3112227006627,221.40849075606647,224.5770457483562,220.0802347066432,460.34428726126373,446.8192461092448,430.6759185896593
21191,109.87954229166121,86.04231471292822,39.48328219921741,655.58179948086,629.2904108648888,530.7366562678325,2133.1928807738436,2063.290921077115,1856.1378587559714,222.56653657475675,225.995596281393,216.52168001982918,407.57507343471013,401.9018514513551,388.4248681866713
21193,96.8497687631253,74.67613899807387,35.68025179976889,667.0762039443728,642.5651108952284,548.2198129879957,2111.663127918342,2045.6531900307425,1851.921927663662,210.04866026106498,211.54505593358758,208.659948451541,444.2216690952993,426.71431162590113,413.45829473359265
21195,97.77584489085538,76.75642259370385,37.51317523613472,663.659482095033,639.0826296431945,546.5922104826545,2110.4524232689237,2044.6836972523342,1853.4764639661466,204.48915748401487,206.47007496074062,200.68280626472642,440.3123613027989,423.68407895423036,411.7535377835182
21197,113.85106813982216,88.55903282052961,42.02882292763572,672.8578301105708,648.8207583854526,553.5200276256211,2130.5155664935937,2063.8866607790474,1865.8778806687283,226.1927422904179,230.88671012093815,223.77049620594272,456.69217774234346,451.3980872637899,434.71394579768895
21199,123.17888406801899,100.2761124649514,49.20370522310204,683.4339401471797,659.9421831637591,565.5772335338213,2143.2680260445436,2079.5009016550866,1891.6053903852076,245.40150968837082,248.2042223970795,245.02194295820436,475.72087575744297,468.3848726429298,447.44761658876894
21201,107.5643473751398,84.8911705897494,38.969101974506444,655.6448964584727,631.0734970444103,533.9715805866238,2124.214310527371,2054.318518856814,1848.5785929408707,223.9794824387272,225.50161419930117,218.27308105167245,418.3949158314881,414.570082858624,399.7122604294753
21203,116.58221381395693,93.60009474904005,45.34019741447108,670.5481040179199,647.284917106192,553.6816880626361,2124.166869878514,2057.0982633949475,1865.8059831523435,235.99963312750532,241.06078381675667,234.33384591498216,465.41166515978955,462.7434383959461,440.7482146158697
21205,98.47378719887467,76.61050227010084,34.66937994913202,657.6882784669335,633.420025793825,539.2351395263092,2106.8704026248083,2035.8737459944641,1832.356157392218,221.97582816830922,224.15255705815784,216.99686497857675,448.9843696816648,442.1670757250248,428.02196941966275
21207,128.52647918424057,107.08899729323647,51.67900861037672,687.4399870141506,665.1061103460158,569.6317821714981,2154.367852091918,2089.985225304011,1904.3656521252808,254.09842179829155,257.0506080188608,253.09205348454952,478.27867587120875,474.3457955787735,452.27142066403195
21209,111.66649678760677,88.45563890187012,41.05179079091345,647.0021334630258,624.247341159509,526.7065782162028,2112.969499055704,2042.3303421954756,1841.8799502237039,229.546261940439,231.7270443573574,224.8768705871576,422.86150685628735,418.3899903759383,407.0928528866101
21211,111.89983038518112,89.43188325867028,39.831214198163806,648.9508424666235,628.2040155464598,528.5351624053353,2125.9215462754696,2053.4489822607966,1851.8332627482275,242.17319411573067,246.67838776991113,240.08382062994423,431.33174406142325,425.13468217820343,416.9270786671955
21213,138.08896920488837,120.41213554848757,53.08358716002756,735.219044462105,712.5664195964906,609.6519722605925,2234.314140781545,2172.178769134157,1982.224992353114,250.7917831692142,246.16888888806238,247.91964681343188,430.3540697665383,424.62529962149085,411.9593118604181
21215,119.29033649525704,96.10558020285036,43.383402213998515,664.6355051511728,644.1990718754912,543.7196321943445,2147.8349930899494,2077.7418563978395,1878.3188101603598,245.342962845093,249.09670062280975,242.94009892799303,435.2337411653508,429.71550358652405,421.3767503059961
21217,129.8133080856164,108.25195127087048,50.92389793062102,679.3093793144751,657.894866983773,560.6166361664166,2152.9382227384203,2085.903196584265,1897.0200857788525,249.93246878509768,257.14876985588944,252.6371084968654,458.7323063712323,454.48283534704814,442.61376372021414
21219,149.2564607880025,130.05417290181475,57.82338562673556,735.7268535366858,713.9714529312463,610.2369992946427,2227.685745485621,2169.902570500543,1977.4031653615286,251.0625765219308,244.95292579960673,249.001515195301,410.51629542737936,404.35229184506386,397.7579535180781
21221,159.2837344247523,139.74996741838154,61.86252677683974,741.5232219164076,720.0548698191151,615.7558663731083,2229.7029570233285,2176.170231310158,1979.9767149558634,256.94974185594356,253.45033688340095,253.69785611075275,402.43319411604296,393.8827834729592,394.46581669182444
21223,111.1687330408522,86.79224494938543,37.53876675152664,654.8147910432409,633.027669497248,531.1233134079628,2144.011690169866,2071.9254188631844,1862.6711952117232,243.10727076188633,247.3587809601948,236.8340753987019,421.39696053914196,415.90025047920335,411.1761008809846
21225,167.92663058889738,140.34693558995258,62.26424914824979,730.4699496789838,711.7377523482567,605.6426675516315,2243.98876954577,2189.3800036818793,1989.1893047843191,253.6569277659887,250.96849834546123,248.79906379003333,373.3570968483359,368.217030576978,374.5319813024071
21227,142.46362662052718,123.81897330487052,55.77832735799833,735.0579444742251,712.3347593093922,610.0415806436313,2233.7992134138904,2172.04529671045,1984.2799147315832,248.93411728961345,246.54261845452706,247.7428111736795,431.2028908545669,425.09870434538396,413.9307803850208
21229,124.63288706623875,102.56830210322002,47.54649512785952,668.3631324017134,647.3922904963833,548.6001583195518,2144.214669217913,2075.9209927709157,1882.4025950163395,247.3421708383336,251.66989086866047,247.8610982341317,446.02876023590096,441.29894041180944,429.77653237398283
21231,115.81848301655296,95.52474292857886,45.140414957469034,682.3889630672729,659.6604786712896,564.1151289282187,2140.123791896233,2075.104478142634,1888.1520784258912,253.06510088876794,255.62539251928246,253.0860868912574,487.3508337606776,480.17481245428144,456.98907559731396
21233,164.54544139821843,138.1999524069701,61.64708650831035,733.7660503905975,714.7485322332053,608.566531277674,2243.8463296096675,2187.6980888197377,1989.1254175714616,253.67241324817323,250.74235957325527,249.66629390231665,383.64927676612234,373.3718860247073,381.3101183466193
21235,103.62789832401336,83.52218605904031,39.26075748177923,675.8798344346139,651.8907044904727,557.0594663094835,2125.7408501141563,2062.7023169078325,1873.194645238212,240.75305095131594,242.78871840200617,240.21084307434745,475.81023776735435,467.2204644546338,445.66982606585873
21237,108.03886507220602,83.06346241067442,39.42165125127333,672.6594360586367,648.3176531458173,553.6622228321106,2127.1140922965506,2058.86518654958,1863.2426505142653,221.07335723738439,225.25206310505956,218.3428734579533,456.8811221656877,447.9190076272206,430.82361552345753
21239,119.85351784219304,95.97975163209642,45.552996952591364,655.4830182782074,634.1807526507772,536.1771625675808,2123.866675830995,2054.423185094996,1860.1578405491668,235.86997245607503,240.62674090286174,233.6889738850592,433.19613114568773,431.05246795189703,415.39291889230054
26001,23.44790064739984,17.35514027741545,4.411399981062086,338.64779610483515,314.504831111738,239.42103828666012,1631.1371788778506,1559.1435219582786,1324.2903736909911,152.8541405891827,154.12620116355535,135.22288561314377,301.8524782494102,311.1978624699551,314.38877737500724
26003,9.431256779472413,5.796368478833854,0.8266633683052229,288.55226032217394,261.99248210419614,187.53615004051224,1508.188627369775,1439.2052042598568,1184.3880191919359,147.481136641099,150.77294767001325,135.47668636465318,337.0728649243162,343.9213817135976,343.04438905508607
26005,54.02419389479046,39.74282969837485,12.529304288487602,472.1887013388506,445.4546157251772,355.51838026395524,1895.2442671218146,1818.9761695254522,1583.5646804161852,188.24916208768582,187.45087240287268,169.15973006181824,344.1460724296001,352.4124720009654,354.1968000231601
26007,24.363383436420847,17.99908460937718,4.581745076427041,334.183042258532,311.19058824155644,235.95951331190435,1625.3861190055939,1551.5922156962818,1322.411158246049,148.63755357359628,148.64706732837374,132.84113642864185,298.64039177347456,304.9739826773463,308.0635315897186
26009,18.42957805033538,12.690571766333296,2.4653727500294687,330.8360290068294,304.23418387358936,227.89590357628254,1598.7814158232145,1521.1606038788464,1279.9233580805103,150.4471282966046,149.74484225908776,134.99990099842097,317.3278203215291,316.2512530162027,322.95065215926707
26011,35.12089747261208,26.198212681143097,7.4790503684105705,380.77706303466505,355.9131432748869,276.1409551797738,1730.0143003968205,1656.776300083094,1421.0532801357203,156.5529850025226,160.346260634916,141.03381204736127,308.06648830630616,315.64240146973594,319.1419380682089
26013,11.572748475824039,7.3295551704859125,1.2124644552333275,281.620120622884,251.2536622626074,184.1855984074436,1423.8083211274734,1357.2062491098154,1105.1525138715053,163.9318545169367,159.8576785463968,147.30761632126035,333.7430274985491,341.5249595069476,350.98462809465576
26015,58.903281697115325,43.6997880110705,14.357986207488224,474.3714032896945,448.3178267092243,359.28857974510686,1884.9872531306028,1802.9729403014942,1576.0055287416785,188.8392408506227,189.06551813836498,170.05829158477297,352.78054816505136,361.696339772961,363.57934383416335
26017,41.9254329588439,32.410425163166934,9.548222345224769,408.71412161653353,383.11308330463226,299.19070316402565,1781.890844188803,1704.4886324767515,1472.4000963275926,160.03899930835436,164.03880880764848,145.77832260897716,313.0385543047888,319.9923275178103,321.65162521331183
26019,20.448934745140875,13.9227708868887,2.761456134352187,344.72106021808276,320.618898041805,239.82782885781563,1655.942603201877,1582.9991636802556,1332.5048891934534,155.67146464685166,156.89631156462482,140.3235686381314,322.6046771720856,321.8528170774782,328.2719167442813
26021,57.17126322770582,41.828957204943116,12.995704253927059,500.1191213830778,469.77419957363725,376.1838479614938,1959.4165041842923,1886.9526921163924,1648.327512913295,199.12231477010624,198.22036156789312,177.97876447452074,362.82114050958825,365.4682363960029,365.7565282594897
26023,64.52347900222705,47.13767674596661,15.55046804622773,498.4217875234431,473.7550708888115,382.4678153418931,1924.6494415618276,1846.9044673602918,1611.7867763955535,195.79768616845746,194.75581966215066,179.29814504751025,372.8319409580881,375.39859278447904,376.49638016830204
26025,62.21751319704235,45.442646131476266,14.807560519566511,486.4683291400348,460.5228796837044,371.5548003644073,1901.05174763044,1823.1196976940469,1590.6862293899917,190.41561899047082,191.46884667497994,172.3533344962107,359.082066690033,369.2031010610877,366.05177355223924
26027,61.87957659483768,44.89567448749962,14.231982421938465,504.5964981365734,475.98553477218167,383.79480235228687,1959.3015633102568,1883.9271792664767,1648.1495758951357,197.71421639734086,196.57796114004685,179.6045222791485,373.4508382363323,372.77488809389513,374.825885062023
26029,17.308767855661625,11.95115727030561,2.1463535244662686,324.5203850382062,298.62753585551275,221.75957615442917,1586.8290185158774,1508.8121119808106,1269.1910708331193,148.91130930307932,148.16989849688707,133.2270615218134,314.25688341893056,317.5037796913788,322.40303981826554
26031,19.212196430963797,13.438268015439608,2.833810962166126,326.2731251891712,299.90331560741635,224.033103288162,1587.439389942,1514.843203444931,1279.1707695992095,146.47361814374167,147.5350763936048,134.1689522859149,312.74998734411486,319.1317243927985,324.63735631598155
26033,10.677243997072301,6.898112677832212,0.9823028387469449,283.46776932852435,261.7124336787027,187.3821867656399,1495.4348027916717,1417.8200702673053,1177.394656222504,144.00160231393733,144.78863311435018,131.36870144088806,316.15694945556845,326.0965223392356,324.47565211101227
26035,31.985997841282277,24.91272659638993,6.401273665150581,380.45535107313356,353.71334453564015,273.7031964478613,1697.88020945664,1621.5417525773387,1378.8650892528874,159.69277693780015,163.65069804863612,144.12857567627216,317.5938045676671,324.5375990342455,323.7700700526085
26037,55.759707555507646,41.824740823545554,13.778178566885762,450.22089061784146,423.99235663521495,338.8942022183341,1849.8894039966485,1768.752092629793,1538.5321804367613,171.89835405372722,175.55303818608792,156.33042146065904,323.83072520608084,332.0201408834031,334.87000515653233
26039,20.243546738733535,14.517318165197523,3.1902713197730876,330.71951885098935,303.4850673108748,230.1886559556368,1583.1937247932658,1511.4212878553194,1266.7358587748968,150.97867722526536,150.9746598225018,134.33926837716206,314.09455371151313,316.0300081916939,322.4880543637524
26041,13.327549232206584,8.496691357563945,1.3832593338422874,313.2178545274252,288.77709555229427,209.04938878537754,1576.534826345383,1508.4044578551493,1251.4365426741392,151.9023405873011,155.51505537700524,138.79229317980304,332.5078341276108,340.60539957405274,342.06130183826383
26043,16.354528155785463,10.664873481590902,2.0724503818372257,316.0068290873446,289.82163312887405,212.93888590947904,1540.6047372460546,1472.2389630274768,1220.4265595278466,164.1292088530936,165.11572667860256,149.77862667879336,340.64341808570725,345.29001496110294,348.4411715121561
26045,56.87887859125639,41.35250596817085,13.65760359701034,462.89241176698636,437.3097276960757,351.38101783335395,1865.0752142959914,1782.946387212028,1552.0491871436848,182.2213337603558,183.9275857614894,165.0633209421179,341.1618266795165,349.719946037973,351.45217901572795
26047,16.035217832720438,10.968640248776856,1.8552845738431265,318.96818041558754,293.555307149476,216.45846908854347,1572.8981405768463,1495.2041932168358,1257.9775329394056,146.63419433003642,146.56372220007293,132.86128006493533,318.28426221265136,325.2093849964828,328.27187143222176
26049,48.9452223511774,36.42754714818361,11.88046963841462,438.5475703965133,411.339141080019,325.5112895746665,1843.1270909261425,1763.7451176184247,1532.2235114233893,165.20995049802943,170.57291829711903,153.38735871831508,315.83027199699427,324.80237560218615,324.2852280005619
26051,37.130416580897055,29.411756476230444,8.172835902665465,390.93919532963463,365.4839416430561,284.82462740021055,1736.3454502771128,1662.321186407868,1423.6572372869211,160.86022932673535,162.7856726034292,144.28438878128617,314.3404630048709,321.36456267060623,323.68714528760404
26053,12.55544217371434,8.394148684380422,1.525227426025448,279.49454455372233,256.72950501826864,190.17321945849238,1438.0993135712804,1378.775557633528,1122.961560048634,166.50250960116932,162.72134178679082,152.88012623410552,357.2580443401633,363.52840108559536,372.09574665847356
26055,19.236204312970163,13.198296337469472,2.515251368342405,339.8003463811481,313.41333554892077,235.7377100459931,1619.9172223044968,1545.6185190137426,1299.1933986956942,154.94691237324682,155.5928899866574,139.66482091670304,323.0975693427343,319.5886126880699,325.02741418002347
26057,51.71165042346611,40.10216922366735,12.842784206499562,436.18551035553145,408.7033983096425,324.86628630260566,1824.9515795953425,1747.6133683097414,1516.117233400782,170.85119122618693,173.83131754227574,154.138128280458,321.124692277979,329.3632407726781,331.1534726133931
26059,58.282017179677055,42.26835807873984,13.70728862579933,479.3235886654226,455.0390839513544,365.6559695511707,1884.5352816670813,1804.3004811493508,1567.888768433129,193.72992099724365,192.25528314086813,176.88086672489993,364.9951064396263,368.0359420745591,368.0144837987767
26061,12.245444967950933,7.91250987013341,1.3016114399135554,287.0252766375179,255.22596361048258,188.37010691299528,1450.1323440673777,1376.4703390635757,1126.7317172908577,161.37678116686342,155.12216377512857,143.36925639034993,332.3396800849819,340.8555746409984,352.1947260191458
26063,29.45000981878713,20.7754562320616,5.844377122017396,373.56614416224767,349.3971380651386,266.4102043306928,1740.4139486925833,1659.5841967840838,1434.7915355459236,153.76423261415914,158.52056493766923,143.00902692472923,304.5948216138702,313.67762596874934,313.3956965177902
26065,55.15701402961495,39.73152974324452,13.429243718039256,458.06560714784683,432.3372435819747,346.9747304309443,1857.6586520527203,1775.6752798692391,1543.5415555517654,176.37398249805702,179.02720268021937,162.13852747742567,329.9138194695298,340.7519285988625,340.03046778809414
26067,55.19728451933654,41.609296538151696,13.569994249613917,451.97586075485714,426.01656048124585,340.38250090741474,1849.664078972092,1766.9068306497568,1539.278623987081,179.46144282687882,181.09204736431747,160.77274541412527,337.5927702025829,345.19092551866953,348.5919265586878
26069,29.071807366306672,21.930362851105265,6.01109955586179,362.1418471951391,336.6132544360333,260.18357793520414,1690.6140076408628,1617.2691306147094,1383.5320428080522,155.5266331998125,157.9993366999564,139.06426458996097,306.3280867108176,315.3795346080127,317.7267606965341
26071,12.819813563069975,8.419344480176381,1.580303396925603,291.68535440947096,265.6104169106902,195.69360064920667,1434.915857172391,1370.4275534591309,1121.4606150010623,163.57644286062254,163.36610572621498,149.85796645937046,346.57539454194085,352.23825734546847,358.1706792196409
26073,42.39649721888155,33.05579746847861,9.383829909726211,410.66115041480197,382.98906736576976,299.9369739883125,1767.1655499539895,1689.021430150046,1452.7792601035762,166.89089299676252,170.35368069179745,149.15604007263033,323.6805766730314,329.0975249773304,329.3296278704469
26075,56.65800138227947,41.01041853961852,13.498224253703071,469.60680790894565,444.13631627867187,356.7490414162879,1870.997119907051,1789.8253761881613,1556.7665542275613,186.3943275825831,187.60342317463966,169.26188329513974,345.58771738447,356.66068372791403,354.9806040754966
26077,67.24874228916137,49.67947389526305,16.573967211575685,503.98447545963444,476.4086391148534,385.5840512783242,1937.7295472950887,1858.0123968653213,1632.9460394253365,192.06050625677716,192.79129477302953,174.51309021260388,364.39305560003646,371.5926562303026,370.98006667108973
26079,19.265931415616485,13.177174717779423,2.6521894764159875,333.5264750196144,306.09445446142587,231.08308683681872,1593.0425042401732,1519.2393694205016,1272.9328726348558,152.1726115522958,152.81192575811443,136.67267176283246,319.1960465593362,316.4915263180865,322.9699918091605
26081,47.50439406870136,34.95515777470886,11.01620203101628,441.6998264709179,414.993349523212,329.2816600711543,1829.0871189240129,1747.7873714659331,1516.2773932277055,180.01757321699864,182.3166561534056,161.68241562580016,340.52316391120394,345.9218267127294,350.2687963231144
26083,7.267677803231874,4.272662150838134,0.44683489746663374,261.5801420676988,233.47344581390044,167.19241569880373,1422.9578710514038,1347.6415000892532,1089.8644521581818,151.9963473860326,148.92942940847246,136.69479908916762,332.7300583685725,340.30783604335255,349.94055696584024
26085,24.108097329229558,17.033160260607907,3.7686293748286763,370.18743183400954,341.56520229587977,261.1479866262107,1677.7526152042344,1607.554058111529,1355.0606315584225,164.98006293066948,168.5104452590465,148.6271543572795,327.88748069606083,330.9485533573444,334.1179730079396
26087,38.887005129602244,28.568010554178716,8.567238231485012,413.0484581203429,386.7656312417559,301.6892724023961,1813.4580063209585,1733.4677147726259,1502.0088133888603,161.1454141390712,166.74233461903034,150.67351469887012,308.372082837805,317.4037386867709,315.91983969355056
26089,20.071193854003287,13.833334954867254,2.697927982912377,341.87936890414056,317.32858997320363,237.58422070734804,1644.9985957168906,1571.9094338220632,1324.0152358078071,152.54123382054547,152.67681878247018,137.5070171759814,321.8228941180496,321.6237700586795,328.4518785914217
26091,66.49815261809411,50.00713794940946,17.4099011067864,496.99809413960867,471.74412094171066,380.6201061348651,1927.143001296949,1847.1707140098686,1618.4092714114715,183.20561073485646,184.9136352671814,168.83306364432212,346.72878748797274,349.8787548452882,349.2491916718122
26093,55.188298961720704,40.24604626686021,13.712413591705243,461.63930927695185,434.7295528865099,347.3899309953482,1876.648685851566,1795.342358596988,1563.8581401097038,174.41741001275534,176.6772017080131,161.33375931054906,326.23890656229275,335.79660130873674,333.6783505779558
26095,7.168774234076636,4.449031917551521,0.42704497785470963,272.1197427234134,247.36612684698122,175.39029680739552,1473.4128883232938,1397.6866667950446,1145.6861348961752,141.9476556692542,142.6184690926812,128.8111185644555,325.07202533653833,332.3617278399247,330.11221865893765
26097,10.998951628105308,7.219114712494431,0.9365714544902767,292.3997525996551,271.17699304213886,193.3630006231574,1523.1344394229873,1445.771465287223,1202.997062021957,141.81756086687923,143.57373367959318,128.56371638551192,315.49795286692034,326.1974752128091,326.26054032219463
26099,45.70165563274981,33.59255869057823,10.659499678880143,436.5813733838869,410.84774722926886,321.3530639373981,1876.0859423105935,1799.9113222451601,1569.971891744034,165.35009254987418,167.13389993182318,153.3866182845131,308.59892728931527,317.80089134183976,315.9041956394827
26101,21.856170370875862,15.354490812542426,3.092649257699846,356.67429968118125,330.3360928421961,249.1005730235526,1678.6075069457402,1606.7497360538753,1353.0510973455412,158.14574498178166,159.73891534456376,143.0456324517075,324.00308149774946,323.1063646571323,326.9672290511256
26103,10.17879363679465,6.249818025614282,0.9616358175155412,283.2005713535367,253.68315243896774,182.94816741907124,1461.8062475221855,1397.7168688644663,1138.6182848716596,163.92055432990696,162.66361446348554,149.79088103525993,339.33908593271565,346.28976181491873,350.35645232576934
26105,24.990419180550287,17.58774999563145,3.7034536641552314,376.78993753803024,347.2802663920955,264.54719400751753,1729.5040515057044,1659.9339381859936,1403.333988910246,163.19696853957538,162.8726887992699,146.00799881891425,323.38907452871746,326.105192664882,329.3196997906961
26107,34.59269796354459,26.339566090747276,6.805161534388551,399.32285633638156,370.8342019565365,288.6617202363685,1725.8509722369686,1649.4280375481471,1411.0839144964177,172.01712916369883,175.93448618956162,153.37373366891103,334.2145609734062,338.3096411917306,337.88970298527954
26109,19.92688933060428,13.406565602617466,2.679823486441729,336.09709502857544,309.87122218642304,230.5638225004537,1623.512950407331,1554.6450333774194,1298.525831393425,159.83169475866958,162.3192774739059,146.68215643434775,334.95423236075624,340.74221155119847,341.9966510118701
26111,45.86852374945592,36.29167026655647,10.86356283407265,418.65896977058117,391.75443314118723,307.88986036013387,1794.0677052594249,1718.2644855321632,1483.845339498936,164.35536964161105,166.52621905683017,147.59183205773803,317.18306123714456,324.75818776239987,326.14131078312636
26113,23.042111662275868,16.628641424547958,3.7141603770485707,351.0156027605966,323.45275521099813,247.13649054579952,1623.0570513063929,1548.264499900529,1301.457549517267,158.57676206776117,160.49494439379674,141.63008511449556,321.193113607707,324.619206967528,326.6496812583106
26115,66.24154903203673,50.32786001840689,17.678645022276985,501.18735996498197,474.8203660960713,381.0029918599903,1970.3677410115683,1892.436991357318,1667.0849382369568,176.64925025301494,177.70937402609994,163.9454106774958,335.9150183491244,339.83325977698377,341.9939746799796
26117,45.19160100888672,34.795666897033136,10.506524739350843,426.53696020075404,398.8151840881884,315.48445460275724,1796.7105423658443,1716.7612757820818,1485.1996355936785,175.8756690204221,177.99009842984057,157.71580823417807,333.5181489606858,339.4626360994313,340.57081351937046
26119,21.930452208159632,15.896933524858142,3.8057143806402642,325.8846799212351,299.1947522960184,226.82495011603842,1586.7310956564193,1518.6257709796141,1281.4083771516914,149.65858211750296,149.6122039547204,132.6423336167608,304.28005831726415,309.8997586830179,315.1543236044
26121,32.95107062443931,23.046496475112548,5.858736292418584,413.44042077247576,385.2263190351946,299.2526130110763,1809.2414047506413,1734.520907257293,1484.8734803808138,167.116307200514,167.4266947608673,150.06070929077947,313.85037069019165,319.9317112717814,322.27416917244034
26123,30.499166850703848,22.15171092139146,5.486077210141135,397.6355816275575,368.4855700698803,286.0951312032712,1740.7686258186761,1666.3464305965251,1420.5164038214784,170.21018149591092,173.32041679187563,151.97780714002414,330.6000767831581,334.0362461249715,337.10554112117836
26125,48.36454177527072,35.36055129674274,11.428499049263495,446.31428974585594,419.10459841329464,330.5295640901675,1871.054704900775,1791.776980042244,1560.4516148367827,170.6374369560271,172.07479339202789,157.9953859984293,319.95032428661136,326.95962057134614,326.68982602487665
26127,26.072918491401587,17.893770563504454,3.9367809161670038,387.94087945882075,357.6663971248778,274.4469887398686,1751.3014440284248,1677.7108032227159,1423.2277258005588,166.6012956439121,167.6549837099057,148.29873196898092,323.4629491741849,326.7277470931349,327.4354043712664
26129,28.083856104195302,20.825173559148,5.49564530693271,354.7600324081417,329.07040241022884,254.25980615763675,1658.1160715167866,1589.5341964143504,1345.9212970156107,157.64284080728822,158.5755580412222,139.9237286206905,309.47368094376935,317.65307199312423,320.14022985370787
26131,13.92759307970411,9.522989416519122,1.7590523718595974,288.77058415102806,260.73328396101203,194.2759827215528,1459.891923202725,1391.7380564015023,1143.7889742803472,161.72818207995823,159.134905083442,147.82976177434983,341.67204835407495,351.2760584454046,361.1583457212052
26133,25.663124015520914,19.00010452791758,4.363459598345025,366.94950393472277,339.5728071516328,260.68814007967893,1654.0887993031647,1578.244305034308,1334.5473050168982,165.6581611959647,169.942295529756,149.16578606934644,329.28140376756033,331.4110975596322,333.1123466352526
26135,22.008825648467827,15.715300460207697,3.8010781941085874,328.6751686037866,301.47244814064436,229.66385623648503,1588.0040529663413,1521.0250080527971,1277.2740384334745,151.5282381269425,151.70258752829193,134.21627068648405,308.35808824077384,313.5841754914089,318.1196867020977
26137,17.04149868614701,11.845509929693398,2.3811884542584387,315.7534994821528,288.56726694121926,216.59497917270255,1552.373695261423,1479.2595643510947,1239.391020390991,150.68023550327388,150.2005935872559,133.82118564999854,311.7184703624975,313.9277216706117,321.41838239390535
26139,41.97844828978947,30.155230372836904,8.677603357039844,437.9552196782095,411.6982832731055,323.7110605193508,1846.8547932483896,1769.8843285450039,1527.998917383725,177.54592851138918,177.06793640143798,158.17998586485857,323.5185093891938,331.65712179090207,335.3935610928007
26141,22.58762129365138,16.477608247874425,3.8465290545605924,329.1665769533307,304.83712065220834,229.58817860495614,1606.9463659738606,1532.3750461119962,1305.1241384075322,144.89614751474747,146.6521512466667,131.77123856562503,299.78509344443444,307.3966181841678,312.1036836254552
26143,26.46305633985176,20.10126226950883,4.939375200782675,356.8763128720034,330.8941595683367,255.22873878904403,1648.022890966036,1576.4551947785762,1329.167111982648,155.16703335145735,156.41746122089253,138.308701445371,313.0299540981666,318.97804847012026,320.86206890486176
26145,49.35238604839243,38.38201612745674,12.181742353255512,433.67365186927384,406.35684479695584,321.15574840750435,1827.751571491724,1750.230115278166,1518.1379240799906,163.3537447151016,167.90502139914867,149.67749344252076,314.60480610001247,324.1904895972235,324.02897791254765
26147,39.9175555463006,29.4003273572328,9.12825993103372,413.92520590697256,390.52007969661923,301.7489226502122,1839.8948694667627,1760.799487817278,1534.8815070074884,161.48828901953914,165.88275173757233,150.41147969515956,304.19010802937044,313.47213831335523,309.6640929183893
26149,70.60968267237581,52.36230578909667,17.462449974640474,518.1743567091688,491.1417881072677,399.25731764162873,1968.5784908269404,1891.626617808765,1660.0935996632365,196.0061281018075,195.01159354565493,178.78504154085516,375.0363882270057,376.4846722325772,378.4230554501235
26151,31.597393923826417,22.32484518140668,6.2272947489805635,384.4965156729078,361.08429088985224,275.08580528283835,1773.166514654845,1691.7999883332336,1467.1237249540613,154.42885907785558,159.521679561382,145.49962085457616,302.37330446254725,313.2463573486142,310.65104352113724
26153,10.40017436248854,6.612885847400506,0.9173492309694877,296.4653977215006,271.606663744746,193.42259047837024,1534.401314214977,1467.0600876593762,1211.0706022884572,142.47781417212764,146.59561992223385,130.62193805046695,326.22599095008553,335.69880140045797,335.3829463858875
26155,53.096181800986756,39.62663023665825,13.18119752731116,446.83482858397946,419.5401302479422,334.6657519568162,1847.1312866965013,1767.6541135807252,1535.4729842250217,167.2785957704535,172.21386301138403,154.34036579783867,317.1691378540062,326.0374174883896,327.33054307944883
26157,37.63787094300545,28.111815288794965,8.17006370486698,401.50857818483263,377.77394410206017,292.89215898048076,1787.8685876866741,1707.2341208608766,1477.7889633329467,155.71617175666145,160.03898033179635,144.37020325936822,306.00863196157803,314.3924799959138,316.1429948056174
26159,60.460678056080425,44.19514848430765,14.261147376686344,495.32881812964126,466.1447330794361,375.35320970663133,1940.4298638941625,1865.0415940597072,1632.4560097202361,191.35488151180283,191.1464850502467,173.48016122194934,354.2987106044062,358.6896933982856,358.8068838926312
26161,63.09739893539015,47.05279292012999,16.322974030752967,488.9588294412156,462.30770362482883,371.79248023583926,1928.8931862307668,1850.2216281330736,1620.7741022168118,179.53835775846912,179.99479114267348,163.81080870412762,338.5354291590748,346.2632701306278,345.0019092895923
26163,57.46943134290071,42.76231319118874,14.47943910807879,483.03625077080414,455.89871205275176,362.66139170770043,1946.3445581942033,1870.4112716370867,1643.0997905100771,174.02872507189173,175.11758529903875,160.14079187217214,329.58311445743004,337.4627119282844,336.6476358254133
26165,19.027467587819963,13.057240005829641,2.5809484686266293,342.08717809661437,314.7885857953774,238.4712487884768,1610.5505936179109,1538.6066136493064,1287.2109654652277,161.7429438057472,164.0908647470312,145.33502349716073,327.69857867517857,326.9075153205689,329.7748839126565
27001,37.376627327411896,27.971511023746935,6.916254019781962,371.2927736414774,352.6974161891862,273.58965807748183,1677.375105843521,1601.1355568097756,1342.1262612711075,156.55479074046923,155.3822109286651,143.7186837774141,357.7045368822242,363.0672859794232,372.1337163916582
27003,58.58634410833331,43.19479899379394,12.170477502760864,440.1099517849627,420.3081362993461,334.86784242399006,1854.8322072184267,1789.489826820858,1517.8876427909202,173.48990620129067,172.27765702943597,160.59687442623678,363.9702736970375,371.31661387983223,384.91593960758064
27005,47.28017166890895,34.80503238400153,8.734069514460419,369.0270702395367,353.5987062930415,271.55470115469967,1697.5240651880383,1616.9656094631114,1347.3838430418011,143.55235957307286,148.0424159046708,131.0808350960727,330.66651806663174,331.6102309537789,355.0384370349437
27007,31.064195222771264,22.289515665597882,4.779881910129531,337.29971187566827,318.32062338991545,242.99747487655577,1606.5564296286095,1522.2304712204307,1262.825527921303,133.02559285636625,134.26736682651878,122.97103585040368,335.1656956959092,338.8825253444019,366.45738467880244
27009,53.3799659784439,39.371121241636885,10.944223359540889,410.252108691778,391.9327242837922,309.4701156495279,1783.568340368974,1713.8914775767073,1444.4909156463411,171.5101142468086,170.12120702172194,155.27520272623755,347.74749159659376,353.3672593629896,365.91375562232713
27011,80.20352950005322,63.02540288807161,18.42397274392899,413.78245854212037,399.09911216655337,313.35069720203194,1867.862147222476,1792.6500290897748,1514.1296696741083,150.21305399939516,148.25816728531896,135.66499817644885,292.3752860142801,293.40581776046577,304.3801416707705
27013,73.1032301918987,53.68642801284043,14.955974576302529,462.4165932806678,443.01199159495656,354.8813740565865,1943.5101391418607,1872.1731657914693,1597.5303302220825,189.3077956009198,190.61328298730012,173.51882470016284,371.2358078287973,377.29693004650534,391.7060146247121
27015,80.69380679978686,60.7020747907314,18.091632725565127,462.4820677116069,442.8098326443733,356.51257294854463,1947.7409280620639,1875.1173228519351,1601.5556766755958,176.4400795689296,178.66507278202033,165.62788228129233,346.65234266567205,355.76421212317143,365.53270917376915
27017,28.4350095156855,21.03801643051211,4.651994537179734,351.2108240821045,332.83006905876243,252.51716981323435,1658.946533415817,1585.023492494488,1322.3093381574156,160.0098281370196,154.30344085645353,145.68155871525704,364.0577896498122,366.63245223240324,381.62782748745315
27019,77.63049933568354,58.21684345358484,17.819714334278025,472.0528191482523,451.7639531164609,365.55019357753923,1931.0649817127462,1862.2057039663548,1595.4832169553695,181.8695139908088,182.27290919713082,166.71371508100887,366.1916015602387,372.89617227711216,382.7732487651517
27021,45.226028400258414,34.54156291325549,9.139294642569253,379.58125787329993,360.99514275115786,280.6072511137021,1700.9500986571802,1622.7324734649528,1367.1648335376674,151.25090498036195,154.01233009056878,139.1972174621765,343.4848523429244,345.99665636159125,363.4955507654208
27023,79.55284749121653,61.659366675457214,18.13750132458682,439.1265598154616,421.9476902334121,335.0497931927777,1898.86728113377,1824.2710159280705,1549.4317389718412,163.9664046081784,163.23655797479267,151.19517149355283,326.3510352829038,326.74903772051096,334.2654937637246
27025,55.27825372465662,41.10831603278032,11.946047462113963,434.2096760850438,414.03906738455737,328.7619953422701,1830.0009851020022,1767.930723206887,1499.113478756655,172.47068397512035,169.6869690111991,159.08260971239005,364.02340989960663,368.0565145422057,383.2405016201011
27027,68.14623196264208,51.76980924037364,15.005360250754615,394.3677782593124,378.3156503593816,294.2927921239206,1794.8108955381115,1717.2870872044539,1442.2403631124712,137.7148531696399,140.93136820699874,124.68368720608332,296.5589635649975,295.7698008373328,313.5612166061934
27029,37.758313205722445,27.781044746126792,6.200069143583266,349.23802861640013,331.6534239917256,253.75358991306348,1640.059239914411,1557.8443176947987,1294.5831812237625,133.17814229005018,136.94093619503798,122.52071155180263,330.8594500884005,337.52578565254714,361.9061270321696
27031,7.468769879298314,4.2889353104428825,0.5783077025317689,232.89413716875197,210.2970913615456,149.40953025705173,1325.5122920836286,1251.9696130077612,994.4689084934313,150.9184259922203,153.08411136125346,141.04335875754606,352.773782410056,361.18390441530823,370.43486657925075
27033,74.08488331262515,55.77455871680422,15.741955325236868,441.0503381429047,421.81815413309266,336.4345983354623,1907.8874684877962,1836.2160633696592,1555.383998745499,175.3635746658494,177.5494991439068,164.55774375988958,340.74434008379865,346.25997242503166,358.4738038584445
27035,50.124374354573945,38.05451569329993,10.262828745972278,392.96754701043153,374.3322782643919,293.45104869907584,1731.244306378852,1657.167012966797,1397.267667268831,163.24018145439948,162.45716255430017,149.47488788167544,347.64696960067056,350.44011894725327,362.81543008265425
27037,69.44832604052311,51.79572449615256,15.225208769073248,467.7521594049898,450.14549071641386,360.5514704964137,1922.702796735971,1855.5089980467444,1584.5843660836347,183.48706408629067,183.3361442662545,166.3298165937388,367.51816574401096,376.34021619566954,383.4187610664526
27039,53.640870570421484,37.963505116929994,9.619201142175903,438.9392283695071,421.635509109053,333.36196838956226,1872.7118913800361,1796.9151042493886,1518.8750990266226,201.38501707891902,200.15725145999312,179.68596489569964,391.2078261057064,394.9302452923415,404.1230260590431
27041,52.131875772673524,38.33014539526333,9.59367773416228,384.5142867818162,370.2800322529073,286.6117866456618,1766.5096149422163,1684.623897121174,1409.4371564729859,154.8944203422204,157.48954598095105,140.40294666359878,335.87903626515106,333.15420078386467,346.7124188372065
27043,65.84845743309435,47.26904425832955,11.9889021915842,451.2853949292329,432.1193179126467,343.2058414634621,1928.8307710512017,1855.514308283176,1578.6657385268368,199.8551124588335,199.34273558162698,180.59431394495732,378.7659347450801,384.12243293297036,397.47500193937344
27045,51.29887504083606,37.201241694926715,9.124401856271433,449.44924182205415,432.1766879768669,344.1720254583055,1876.6758027815608,1803.4513567171089,1525.0258967772436,206.45894337822293,203.19854335001787,181.22540340326168,396.3152657721713,398.7470066376186,411.34934177929506
27047,58.198292219044745,41.092176230923215,9.981001631312884,440.9113420505208,423.2092747638596,334.48493474460383,1907.9290429416662,1832.2239445202456,1554.123690319714,208.18921134279648,206.10961145029478,183.70963538096277,386.5790632194408,389.91219222678865,403.4563582756819
27049,60.71093745052799,45.106476542746385,12.533875009134936,452.9572727675433,435.76304249648683,346.7999468860559,1884.3253280790068,1815.300798472558,1540.7885706232264,191.47098319407675,191.5391388896881,172.56571590485743,378.9614562615377,384.817947458724,392.83421568840555
27051,62.496150627317434,46.93813049003045,12.505899507438544,395.4557801110676,380.9303992729083,296.1236585589372,1810.167039449459,1728.841686847512,1453.1674802492926,148.33154001640588,149.96513737065519,133.0787096082134,314.38040564453115,312.1123533875857,325.31497003955127
27053,68.49510679102185,50.773378864415086,14.745383053139284,459.73674137546925,439.892136986634,352.8968485606278,1901.9954073253023,1835.1634469904761,1565.4373722851333,178.65374940158398,178.19850749813858,164.10256259333812,363.55152430640857,373.3339591708028,385.11957272660436
27055,60.92218301070093,45.475032412094336,12.524869434980042,470.3995022600178,452.34273155869204,363.81760861546735,1906.7369080182045,1836.1512505705855,1568.1112150033491,203.67436569630433,198.81372855476621,177.18470233821466,387.4038824972798,389.9848121274907,400.94997256389377
27057,44.17337553805349,33.207636371989565,8.582402836956442,370.28078712337737,352.4032508036974,271.75593464104753,1684.059081721755,1604.7010579425182,1347.8830819476245,143.19190558444947,148.71291469648025,132.0015293998469,338.37708158795175,343.73437547923857,362.44150487067634
27059,55.806877961143776,41.24684437264983,11.651416044878243,429.6795493577788,409.4095530594189,325.3842861739799,1823.5573235798504,1759.780781992616,1489.9380671658296,171.7744027888462,169.12262474507796,157.4317288981411,362.37198134714896,364.5505515466409,380.2972753392135
27061,27.04617704835398,19.908599850464302,4.555216577705986,337.54696093950923,318.21351054755576,242.1555547502829,1599.3057458321289,1518.9283772563783,1259.025173842164,148.31293069039452,148.94573418782846,134.95941033871915,354.7180116874983,355.24360253843923,373.8240118830948
27063,66.97922557650004,49.41627270474614,13.00513142570449,433.47385185138256,414.422676209456,328.86442686408964,1885.7870282620102,1813.5077645513866,1529.6283026155556,182.6450934414494,184.36240506274416,168.56558244218735,349.5738573439075,355.6737273670702,367.87013457310985
27065,47.1725890483297,35.02371291682057,9.378832292003818,403.32562925983586,384.8104768343586,301.89354203625646,1760.4250315360623,1694.614597380322,1428.8695522060195,166.04823304528543,163.20716013736728,152.2572642099501,356.3646578373495,361.71229510317767,375.0280414863145
27067,68.03936819460863,52.251911952580144,14.503404188379992,426.7297843477674,408.91589972415034,324.2677236190894,1871.8786890807744,1793.1728475429663,1520.4582743690544,167.90321224567515,168.4261969868568,155.24467916478713,340.5191769780695,339.112578326393,349.79911234942244
27069,44.68631529452276,30.498931422557337,7.5824301837601285,341.39429896726494,322.1280542677996,244.71554385272415,1676.155189403889,1583.4260597100833,1311.1140650269413,119.35443834543298,120.27379948574564,109.20080128045655,278.79003935948685,287.4130900732363,296.7886864883525
27071,22.16573237425884,14.59409135559963,2.966599512858111,318.3328530558343,299.29302366101535,223.7429424908177,1550.7123442376155,1468.0250272560243,1210.1646836129578,142.4488280024188,141.7006812911314,127.47356447671424,354.9065276930513,350.053920892433,375.52292319597944
27073,88.1571776495429,68.66694903367512,20.982102902955937,435.8106922500615,418.6766933150404,331.63719822369245,1901.747167346019,1829.7322639360439,1552.832164235853,156.96475163677445,154.92198576838226,145.4263836685647,308.45100604257016,309.13269674871515,314.02033148958435
27075,6.758446179219165,4.183951109482619,0.5266606177897352,232.68263159528433,214.59327140184502,150.28688197914155,1353.561144948893,1272.979027128619,1016.2490152599561,156.08063171588233,157.08194696444667,146.0134175304022,366.33182544689737,366.49664842859073,379.94413087772944
27077,22.23559841199298,13.777713723571456,2.6626520265852056,308.25894890746736,287.31408365086327,214.5932439290205,1538.0219402786583,1451.3631496219534,1195.5041759005667,130.06005146577417,129.60148687384003,117.11981674526187,336.3737886256556,338.791490792454,358.36650782735603
27079,75.97805342837694,56.95532302016983,16.9689478045186,469.71270349646875,451.069873744235,363.3077602881125,1947.8657238907185,1876.461786248064,1605.3305812380693,186.39505362042374,186.03277223401065,169.4904572433197,368.56611328789324,378.1006799584534,387.70169181414525
27081,80.1083384005459,60.90428926574974,17.877531024840884,420.50798727630564,400.797893636444,318.2360612389304,1868.1034091706817,1795.359469717568,1509.9945986671196,160.38663861001572,160.55372877806698,149.76375376139552,306.01389071676704,314.83190474293355,320.46230770062186
27083,83.29634012370096,64.20982661900612,19.551800738535544,439.20670150009744,419.3562550910784,334.76569508496897,1900.9579380218286,1828.2249679140646,1548.2326212401915,166.44553335803934,166.5506308963455,154.53989049449487,316.32012017630456,325.1554091881909,330.29116175703507
27085,75.6623932672851,57.202157157752666,17.161269161638756,459.40816419765736,440.0839717374327,354.397370175327,1918.3278402641831,1844.1420350113483,1576.7197957751414,177.11908172482867,178.49202413844245,163.90504130274,357.397453211971,360.5742132457571,369.83073922685446
27087,46.78591463262686,34.63266627890271,8.439356547812775,365.58516617750627,348.3599133889429,268.14786750467687,1690.79862038836,1607.8516452818271,1338.0884642497685,135.61268664150836,141.39259063514777,123.83528924763269,326.66740292530756,330.6863176546863,354.756994544556
27089,45.473092158719155,32.02475931169134,8.176644141056494,345.38513178032474,327.5910049540116,248.90947905259918,1671.0157151103817,1582.9121314095653,1313.9306529213763,122.64519883663873,122.10903656488529,113.03840708344708,297.42807480517945,301.8962107614574,318.3928827057015
27091,66.78522533772133,49.02250775638978,12.53503837624836,447.6033490986958,427.02177458370835,340.2813067884906,1915.8148257355358,1842.7898674292796,1562.9076956873191,190.8659976268682,190.8939932397851,174.8971654499929,366.0563565684232,370.0906769943225,383.53031143330503
27093,65.5892414335963,49.50348069058513,13.85117170472554,432.3752700091066,413.5402852661291,329.63221071474266,1866.8368612719491,1791.2210337751008,1519.7545243754828,172.44474733750076,173.63313737418312,159.4272954760329,348.9714169077045,351.8942969773034,361.10383557990474
27095,48.54546170491312,36.16618683243001,9.74401027488181,401.901393886832,383.8287049264977,302.0276537828034,1754.8378411841725,1688.7593062341846,1422.4706440224393,167.39155222965263,165.76871540780434,153.14549441786636,351.4207650054228,359.26656354522265,371.76931384880186
27097,50.98425346929756,37.73706583744324,10.12119581696251,396.38486898036507,379.60046803546317,297.42896351434507,1754.2034021526056,1680.2778955325218,1414.1168127304593,167.87940644470763,168.4561267180706,151.59180429118868,344.8018902624376,348.3829463687526,362.6057414922141
27099,49.54160533929412,34.49059020610284,8.149386900132757,436.6488108338743,419.6993716675048,331.167871545316,1868.0208877257082,1791.1019365255129,1511.3724151470828,210.9392574154533,209.2450608004045,186.91460959458215,399.8092160773023,403.05338111017954,412.73937755794594
27101,72.94073221883009,55.331838147317356,15.633827325657538,424.91509796693447,406.024724356704,321.6803564900782,1872.5329511565972,1800.6124352739346,1514.4703301475545,169.8015666315029,171.36578550256613,158.80352824648682,325.15473908095294,333.33602685899945,339.4768262123216
27103,79.37272869014862,59.66439272955647,17.932976572425034,469.3235594546348,450.12600073629164,363.26814670347943,1949.5318472429692,1877.3301373264107,1605.9499352411601,181.48548259523545,181.87409217886403,166.66055390330465,359.18927344808066,368.6419247491192,379.6154992444233
27105,73.32759407607186,54.64217947319467,15.232293321919986,428.19366437286345,409.640657559353,324.7070021226363,1877.1090021000869,1805.690186418049,1519.8090923620653,174.96701863960925,177.44468575476094,161.40238918015433,333.9293453589286,341.32791283247695,352.13121301961473
27107,66.60285203909979,50.19388783837062,14.62376879982364,391.30785949104774,373.6707910417231,291.27444216729396,1781.4503664758963,1700.1550175721684,1429.247663503514,134.04757728285617,135.98875313468747,120.78159911620801,302.91341524217927,303.52359516544936,328.93791533117843
27109,52.10575566642867,37.57880080645522,9.40272488996637,442.4687186215231,425.0889257657457,336.95823462410993,1867.1649341250236,1792.3783205946263,1514.2932989200144,199.48265050239357,197.49194713592138,176.49728248413635,392.7034240450392,397.4599455510148,406.4641686407056
27111,52.85100074713157,38.79190151744278,9.885038064102284,378.92027502758054,365.4066699383631,282.5711749352529,1742.898403171114,1663.9539513908362,1390.924089435573,151.59890583128248,151.9978401644105,136.45210576255002,322.3420252649487,323.36916094736944,342.04413696491713
27113,43.55948013934961,31.263080199201244,7.6118089557956825,348.3711757382574,330.7911171791402,252.73452990986243,1665.8101839209878,1578.5804820121825,1312.5617900305715,125.21410125441844,123.77875757971883,114.71074472177592,309.49596508609955,315.9861301045317,338.14884476237273
27115,39.09959322417935,29.800345323358226,7.472796243616767,388.5896693434895,369.74057764770964,286.8917940754051,1733.368888081707,1667.4442842839458,1403.0916024593691,166.01091830148744,161.6493137112688,152.85115465618,362.76801973788076,366.981587416303,380.78883980196974
27117,80.64069775835546,61.04994714871136,18.06112260632089,426.69946107910044,406.7576349469867,323.1742094395835,1879.309524067826,1805.388051246692,1521.3451565507341,162.92524220318683,165.97786689519486,153.019667346367,311.18452897607983,319.61790056014826,327.5158272562788
27119,56.71370860153729,42.14676686640555,11.554101862239675,370.71662138103443,353.29042933738566,272.49614281389665,1733.4257566221308,1646.3291575466737,1379.3856613912249,128.29599341445262,126.3054207065278,116.0377062560195,302.08335292901916,305.14548892352707,327.98369854070046
27121,60.81892436100596,46.57376764295408,12.298775564681984,406.0235657327686,390.69763024498087,305.98161385995274,1825.767695457846,1743.519167931409,1466.7894393048375,158.72909973657843,160.1124751177764,144.08079509429027,334.37792996528935,331.32341804052135,343.1852841011382
27123,63.14722561324817,46.40935852761635,13.291669457017624,453.4174376808467,434.8187528927894,346.8953267707867,1887.0931321322173,1822.263709255428,1550.820590330756,177.17107094607644,175.93327259032532,162.78006237434246,364.2415117061031,373.54667851768033,382.4331890055078
27125,48.95086004708067,35.84462631382508,9.170668432265815,361.5637483559233,343.9476658027303,264.3590138535213,1699.5488320220888,1612.670872128702,1346.8447464564729,127.61800177739674,125.48097788619184,116.07053464420082,310.9352149984487,316.89942669291594,340.00860367906614
27127,86.68114042762275,67.21392378395527,20.702033495892145,457.8798804926622,438.65489371859485,353.0667844401596,1946.2069105707694,1872.7582040922819,1599.9404346479798,170.34150567277948,173.71461471145776,159.7849759553663,329.3644315509671,337.4284309572261,344.73798057975216
27129,81.04838166433154,61.7836020391988,18.538523248033048,452.44785965738447,433.283309601113,348.0287416391464,1930.429234757971,1856.653532269848,1584.7565746085224,171.0555701544589,172.24196112389973,158.477629131313,337.82045746211236,341.63845627803306,349.6377734534054
27131,67.92621528579264,50.83307688335185,14.354616345902366,461.177183180134,443.7267818797497,354.6392820000172,1927.8647475625162,1856.093790756839,1583.2047451540514,188.14930945703142,188.21847042819434,170.61702634892237,373.39118036423076,380.8692060950842,389.43099760186084
27133,88.22288996314971,66.62336947468921,20.597094958857074,444.6527916509173,424.58511616236984,339.54140833086365,1913.352145538196,1838.8517436882285,1558.886246235543,167.19077333178,170.73724898448918,154.7816620037316,317.2681040774878,324.633254031594,337.37300706051235
27135,29.39784871909226,18.604830642042117,3.7732080244751196,310.18570750918497,291.06012076200494,218.62478508687292,1561.7151748110196,1471.8006110401252,1207.9303800233286,121.79239524015111,121.18320665615838,110.2390310948856,306.0902326524191,313.73140186324923,329.8906538568316
27137,13.969462332586101,9.802392436555024,1.8114349312091118,284.9982341597975,266.28657448526275,193.9461836498241,1494.100641189323,1412.056999289883,1150.143854203377,152.08735464557816,153.36561980941372,139.98674681119624,365.26167435171885,364.39986949518635,379.8194457709162
27139,76.53487257804115,57.28455792591334,17.359190564839157,474.7207265912531,455.5785819099501,367.7754242187533,1944.3828017240364,1875.2132236388784,1606.745232636582,183.62777880065428,182.6293759608242,166.91198789859885,367.37982693919383,375.5625157685064,385.02594522043137
27141,59.51831793341753,44.30563358604009,12.62607251313287,431.1430367297495,411.1632092380555,327.73581528139636,1831.2348652268956,1763.1593636051086,1493.0026955239296,173.99754243769775,172.31656895832694,160.19482096350848,358.5063186605557,363.1093011922533,376.784452786411
27143,80.25854776449846,61.046679851935394,18.627768998798636,469.34339990865254,450.55779976792684,363.95353771344537,1944.585295703239,1871.3198210075493,1603.3897668804632,179.61399607495736,180.5243143947175,165.3734204217513,358.9616857332834,364.58598956068994,375.76510617431984
27145,57.280157267966025,42.772506567174005,11.601318416976415,411.0844854977537,394.3657396270295,310.1597912446787,1812.1705754048696,1734.7595106438832,1461.0664404945662,169.12365765278793,169.88177036202399,153.01741777263157,346.8031353204904,346.6204891061474,356.39488301460074
27147,60.25606757585403,43.4806778909381,11.308583748281738,445.6288625746338,428.374406839304,339.3111943459037,1908.4846398571594,1833.62285161753,1556.7557805391175,199.0252723707693,199.1825137040054,178.90155397446608,383.6461757269461,389.336454050317,398.7446030965765
27149,68.48704543496744,52.732443261992046,14.338603412355747,407.65825083641096,392.3283315041066,307.29905113158304,1841.9771568355216,1762.479935707273,1484.0576266489716,152.21518484631002,151.89033485533642,137.46258376642544,313.3545601728829,310.9778127724131,325.8443304087188
27151,72.91774120540003,56.945699729573164,16.0122531263927,425.1977850419582,408.4852262618203,322.9363587738348,1871.467353404291,1793.0440187498073,1517.2533889023607,158.98783347294216,158.95393646662896,146.75709779922687,323.69785019007844,323.36927030428893,332.8126389513972
27153,53.74722887649928,39.262504317439706,10.505207485084451,394.10044540810827,379.7845012341319,294.85865100909376,1766.338123386859,1685.429790773258,1417.3885662433004,161.65952537574282,164.57913713849038,146.51378460179382,340.8821091589738,341.0890613652135,355.4092049922958
27155,76.24580644811383,58.859541980942666,17.10185642738206,406.210596423284,392.898706538198,306.5399520004695,1851.709011182566,1772.9116023856484,1495.4472048043772,146.04174982574904,145.818605643187,129.529707400152,292.2552357168826,289.8738877831557,302.06910520149677
27157,57.15089247428024,42.053702358190364,11.351468152953275,450.29849973747343,432.52960963484304,343.5244479087153,1875.853453758525,1805.4774940963757,1530.7745154730817,193.28845520901902,191.7247066191199,171.32991412537822,386.6618795210895,388.7305146415635,399.79349073792173
27159,52.95852313928543,39.463832991188035,10.67362771824068,387.64704488823463,372.3211453954476,288.9656487970768,1733.974169543173,1654.680277841767,1394.811276575368,154.79615295820315,156.24892447301448,140.32143361522452,336.3089388104719,337.3693927490102,358.4978142276171
27161,66.11816019549484,47.88030033496744,12.849808495742923,452.6817192027338,434.6754211881774,345.75294633366946,1927.6257802996229,1855.164199382923,1578.6655254673815,195.88358254783634,195.4130037023329,176.75602099956689,377.06942681883027,385.39390087295175,396.4474824582422
27163,62.330901716417316,45.86056824682454,13.360899474447757,452.9098777442887,434.60101435288937,346.31517442288504,1876.8590242100995,1813.60443682883,1543.0910334586456,178.58022815990628,177.21661793753702,164.25934830062,367.3591854840465,374.77815383143263,384.41312206278775
27165,72.95438677802711,53.692744072226034,14.842962826136835,454.9790265379749,434.2579922299477,347.82960936649675,1931.0847197728078,1858.723399844248,1580.66617687105,183.3601134209976,185.05752903420208,171.1929996082194,357.53270096005207,364.3887939500584,378.6706339367521
27167,72.11262920378745,55.246758749573715,15.742138648334878,400.09464383353736,385.7699269960376,300.08255563144064,1822.7706638045515,1745.4800966015816,1469.18123501137,141.75567663111855,142.9174961828441,125.7049795377698,286.0673188871092,290.1799005297327,303.2045873945353
27169,56.405256860375815,41.916198923931546,10.973189886295865,455.9456504718054,438.8406245579896,350.51033624277255,1885.5414439492365,1815.770443091551,1541.5599999681276,199.04395480677067,195.42377828216053,174.51591230249994,386.96716851222675,389.40757721961324,401.3409804518895
27171,66.04049943997522,49.49325439048166,14.081712853053682,444.40152104531836,424.3711021698482,339.9910430673718,1868.9469744306487,1799.3931576562197,1529.712151687862,176.26198857509434,175.6364124928752,163.72416885509935,361.46709048196976,364.61068593819675,376.92596301845754
27173,86.08227393143031,66.58265818581872,20.50371341591245,441.8809454497009,423.0437329130153,337.03689601786374,1907.4646158271403,1835.7318899154038,1558.8446712169957,164.4513645252881,162.26158766591047,151.56371071136738,316.8419289327811,320.42147721083796,326.5086785117611
29001,119.84198995684002,94.14044776164019,33.49375192854835,606.677392239819,578.4417190678415,477.10423908883024,2120.6227600590532,2051.6856856598342,1806.6919480096803,228.52653395751616,229.2741086435195,210.51275574638157,412.1375989783677,420.92424071371335,433.6034613945305
29003,155.5593597497175,119.86556939531044,45.49505315939216,624.8717529201919,599.1321750016707,495.9793344875108,2173.6395544644392,2106.6906032056813,1868.80177992625,221.43676513520626,219.89729286824763,204.75516896845375,405.9758118092251,415.31673229423166,431.70774790374537
29005,158.84117306832212,121.22149730962742,48.07353057288039,608.8103594656393,582.5413086268175,483.3924021115257,2148.668618164321,2077.006092410694,1838.713644289824,204.58473895684034,203.96384714486808,187.34972870544715,372.2581649131268,384.56350848597066,403.5851165241196
29007,145.3443837116388,117.24066121600774,47.56434087973522,643.4796719452837,618.4356427135117,513.9842391518902,2154.249937411915,2089.275863338118,1869.3942407818565,235.67500460341034,238.1746087868458,222.82892972576718,394.12490097103716,399.413058544312,409.3120633557097
29009,170.25835888776692,147.29325503853605,63.73940110404946,734.2530452425269,702.2947943228886,596.8623047074416,2228.937686252277,2178.1237341647648,1961.0520072807733,257.47711806011426,263.0541852872183,247.4032073779414,405.1817855148017,404.0923325018007,406.0355430000164
29011,193.33075432238854,164.86428000310866,70.2756881692398,710.6849017483818,681.4581775359964,575.9905297234986,2254.3475084854113,2206.217998271877,1985.272484907116,270.57105450332347,264.14839606144676,250.52568630708666,424.247212142631,421.1426447287648,442.9608943354212
29013,209.0515388209113,176.85089821778163,74.11018237141103,715.9130343860031,688.0237609071855,583.4512816524978,2268.9993836366516,2213.3258888079004,1994.734361467701,253.3115152551105,247.82611097012136,236.3187068438113,417.1573916036097,420.2140104471108,443.32744446010986
29015,177.65321065479944,148.2454033004391,60.26028470171811,701.4767407165575,676.1970089747143,570.1295252699447,2223.3856039980838,2167.4759383972023,1948.2854948853687,249.2588087225028,246.35231100034557,233.33625375840558,395.94423858336614,401.3804904542387,420.0983590386362
29017,169.27756295963678,145.53456620768688,63.75592008179039,723.930620077735,704.4101528996952,601.468711531247,2196.454700736443,2146.7330002563504,1940.5406047142449,247.94925805217318,260.7246012659613,245.8027212796572,391.05226393557706,389.68096361290867,392.3583645305259
29019,145.89085439092224,116.88167368319543,46.28196102637656,656.1879257633366,632.2951894119311,525.1727216478166,2176.238601498802,2112.4828311908955,1890.4373292598461,236.52574603496677,237.05414637830683,221.78500410872235,392.81862323439736,398.2838789689396,408.18327268050655
29021,167.84812530510413,131.33231207694493,50.478655538590424,654.4152417163835,629.2216349303164,523.3293154765272,2212.0931818258846,2147.6733345456946,1915.4279767551081,226.60402404768132,224.14392719400516,210.1750335884674,409.1029547646425,423.24712820970433,442.7206688010776
29023,198.36328610329048,173.98125442441324,79.80275693175902,775.7888392849661,755.3043348367285,651.3995965442855,2268.220416374092,2221.697474727737,2026.714290737668,253.5746782782488,258.8420973829297,249.1840153021933,375.1477962870662,373.1358225028548,378.82627706069314
29025,148.22822479398033,116.40033234028476,43.681636668865394,628.4017410913098,603.6203535565462,497.7204244483458,2182.2484274738717,2114.6636560846705,1879.7565218046839,229.34809901572234,227.8931653897695,212.83549930461362,408.0796405328113,423.5132668026272,440.1221404453464
29027,151.95683163669494,122.2546858519908,49.69497029075046,662.1819002797533,639.9598644386739,533.1233184282858,2178.6442467667102,2117.8024448733368,1900.0254493507352,243.54905039160954,244.2491699302339,229.22728837999927,382.382989675653,383.3512979412829,395.5852950839394
29029,175.3858115413099,147.2856880137491,61.321274681754446,713.2971849123022,689.2916920018466,582.3755808663841,2230.672488280858,2177.618028504713,1960.9987826666704,246.28685769071544,245.09852999493728,231.64800154663521,376.8501802721469,380.4699035205865,393.93420502979217
29031,181.63971051766188,155.27694628000526,70.59449761594591,741.9289972653257,722.2556159633149,619.671859878887,2222.2782271025,2173.595225571862,1972.1303781603333,255.77263135638253,265.1476419490274,249.88679392238015,389.69384300531067,387.01394483864067,392.0623541183136
29033,154.514581043801,124.70021303463302,48.542723682463944,648.3858359401926,623.0398949024341,517.0922495839235,2198.9356596376665,2131.4903044842663,1904.84414155003,233.95340598899574,228.71050546041442,216.29252192311134,406.9558912915828,416.2554901710402,431.57991360862616
29035,176.23494521279736,151.7930160311095,65.91041394971701,736.5459026480012,713.8356612265375,608.8536221999755,2219.5386069678066,2169.1521846951487,1967.3830066156631,242.21638240214247,253.14693653194416,239.3096457160364,370.7524287468497,377.77871387250354,385.31990212153124
29037,194.00786727471433,161.5166549364381,65.67277952068895,700.6801777266662,673.5239700973295,568.839958295142,2243.204447497002,2182.506291113472,1961.5097721285051,245.87257209106832,245.17106252694643,227.90440528471194,415.1028968799611,425.3632192799079,449.18799199975535
29039,185.70077217253683,157.1067950752546,66.048215280888,708.1246369405601,680.5503264047201,575.0701995575774,2244.4372799681964,2192.736748174092,1970.608688820787,259.86020415817063,257.2383750362529,243.81350747441405,414.819591996851,414.0013280093341,436.0197529746782
29041,141.32363286554786,113.66666960535649,43.31811988442089,640.890711202899,613.8619384033507,509.8776426589884,2174.958253713602,2106.8960993144387,1876.6136529806922,229.73571927022255,227.08524951640166,214.42497267420077,407.8389849376434,417.39010095008655,428.41000716004356
29043,170.1690796858338,146.45182615533864,63.05224446796575,721.7630794154495,693.7965607705039,586.694143304977,2229.5339610554065,2177.7104451201253,1962.8509003484967,246.63775224089105,252.1822650490708,237.6434672114377,389.74747737024325,390.5705189035475,399.9677649802669
29045,129.13115277462404,104.64084697557921,38.489628046404036,627.0713412726177,599.3274513726421,499.4657205687052,2132.184313897258,2060.5151117097002,1828.2296241419003,227.10181433552438,227.03220858132198,210.5546915819867,404.5692232361913,405.60384739817243,413.8004508729673
29047,170.69860759677545,135.7588075153962,52.82368704550125,665.7163703675054,640.5102199487476,533.0616533657246,2226.4296043787153,2162.1842935508867,1934.3172530720817,235.35437375422953,230.9849622576112,215.91809975984106,414.1831117051038,432.6904726598963,449.55245827730033
29049,155.0762582404132,120.86338031728062,45.22787676248654,639.8969574680733,614.9432264662629,508.45776294011773,2194.7952526490135,2128.9999311175634,1894.0862915333914,228.35077482299394,228.7182243542612,211.6605703128615,407.8754755250232,426.4937321947024,445.2589915063956
29051,160.7203970045949,132.21667445362624,53.68150477721141,688.3185995709974,667.1828245796214,559.0696245865174,2210.7824241871194,2154.2329229376614,1935.8516206094096,245.0581062064275,244.2607263009143,231.28971757867095,380.5687350181456,383.0896690000237,391.56061108018093
29053,154.77090880822465,125.56972917531463,49.80457277406053,671.0698931039815,646.0792099656675,539.8031771087838,2195.3689598185997,2131.9338357448287,1911.236241841331,237.33806005335373,234.39727630548887,218.10457654567676,394.4577165801414,406.6459924287543,413.4660981092642
29055,153.2265096376044,128.14073859049356,52.016408497415966,684.5257170190592,663.6619311026197,557.7118898482479,2174.1696231954174,2117.9402761912716,1905.199035533614,238.06467334826615,245.7682051980314,229.2145638400756,381.94903338963985,371.3494673812928,382.3856533620751
29057,177.63057649345683,149.9482685369908,63.33360070984825,704.8212316027019,676.5510642444464,570.2633571395352,2230.7739638988764,2181.048857148392,1958.9203745319778,261.3173074431258,260.54372196918473,243.34943668282276,410.90642277302004,413.2620592901165,431.01291206000934
29059,170.66327460411085,143.133059978571,59.397823411183346,708.5512167779758,682.6627102428863,576.2637290337647,2222.1742540387304,2169.2586061648576,1949.9877196978189,245.74231472173773,244.5080760792342,230.69155484475928,382.84228295194754,382.60508143505825,399.9333230661077
29061,135.8743042618408,104.63881659691785,38.34301516463858,606.9003273694777,581.0184781650872,476.6192481064587,2154.2207788217816,2084.7168679204115,1843.6922297433835,228.154866194567,227.46543920994253,209.93783439633768,413.5591220888706,423.59338455903026,442.86296285766866
29063,144.01889508569454,111.443903761011,40.556486078320624,616.4551436061004,591.2689672221493,486.81458300757777,2164.8242284389444,2097.8233873955924,1857.786652885093,225.04440286977575,224.4689352939,206.75289481381915,409.7589199889777,422.59067483920114,440.9352928556458
29065,147.61253913944586,123.78565577124091,50.01766150524335,684.3332266688855,662.0060071251833,556.2648856406577,2162.2250423330815,2106.210382288049,1889.8595355781229,237.47768142213113,245.33770425555252,230.8892313925706,382.8664298614967,378.7117299032269,389.9228567791979
29067,174.16365944888796,149.93759390734698,65.42120316521655,735.5990479463966,708.8825163816633,601.4680499116182,2232.604821911135,2179.215905559432,1972.081063320523,240.31464256312364,246.79929345812516,233.92887886222516,379.19079797292267,384.0331746253527,392.2207320380968
29069,208.10339626121043,182.73918855216363,84.3191000211917,810.3284406778964,789.3060203848627,684.4629313056892,2312.23649209507,2266.0666474010095,2075.932705623391,259.3663086129918,260.5899588768196,257.7687269024867,376.8800010681306,366.7173469011681,375.35833461167215
29071,162.8075922542172,136.6639731932877,56.6628662659704,693.16569134907,673.0010802225166,565.5506373429707,2204.330237388926,2148.9161976164737,1937.40091603607,234.78088933862674,239.18505186514608,223.46018245581985,365.5783970478119,357.19369128071594,369.5352764517457
29073,160.92387511576294,134.46370765739215,55.31518978063847,685.1743836872932,664.76390901643,557.533523945069,2192.6655937442797,2137.0972935309583,1922.8444450681611,240.18333257544296,246.11593151157277,229.36031747686647,372.8407925535024,365.5048822213713,378.4421756890192
29075,133.05000610597492,101.06716110889154,36.09691139195722,592.1159558560024,565.4052309548898,463.05606650437477,2133.664780128299,2062.28350753168,1817.4655254883273,222.11574163197307,221.6814669743009,204.38502803049477,413.2194662983478,420.2493753771265,439.40028971006603
29077,166.43905265874542,142.42054457883077,60.362147339735614,705.6165270845535,677.2951826395773,569.7869179336265,2219.344882042319,2167.971008070208,1948.28513275465,247.4057673445822,249.97778086280204,235.71828621456535,395.3142621876019,396.59995626323064,410.1440749799491
29079,126.95028157770159,97.62350230462265,34.987171001078345,598.6375385710793,571.5711318455907,468.88401544992666,2137.583132939891,2067.5022473042295,1823.0565479857166,232.14574032979212,232.11800426931933,214.35151919926406,413.7820629415539,421.6453184719927,437.4667296086759
29081,118.14513274682852,88.69931121787349,30.64483832192105,575.631479358922,548.344281192524,445.72476556547525,2108.226459978116,2034.1499222698512,1785.9262725891301,225.54418494858646,225.44747958159806,207.6818355443605,415.2946494031761,420.68392344787674,440.34855707037303
29083,195.52771010783079,163.76226621022167,67.87752094625895,708.0289344452174,681.0536396040699,575.5948986023079,2236.534132008561,2179.16377553487,1961.6923441827894,250.83703044747753,246.1927922010418,233.7536630580697,410.08624729592447,412.167436058357,437.5707564182135
29085,179.1525460438206,150.06285738639576,61.61534274978393,708.2685933172869,682.055388979371,576.3154757450986,2231.98830132506,2178.2065103502237,1957.787107024228,252.76308806077705,248.32329341375558,235.95324580976344,397.1425388794706,398.39041029033973,416.3472903300064
29087,174.1834362650173,134.13487359262348,54.42835861501468,639.111590076982,613.7684333507506,512.1991237497319,2187.0121299516586,2118.8795037034624,1886.132968834058,212.59605676221577,213.30524439554,196.57171571634706,389.5536204025528,398.63793093538,419.25360652876964
29089,147.87088780567473,119.27906129062009,46.7619767646571,657.1777188428266,631.4769153466239,525.6235340849473,2184.3489266025526,2117.4021922263714,1895.2382714167784,230.42708907171064,229.15255417685415,214.283559778581,402.6640148705252,411.7114004155108,420.41470312215245
29091,174.51577609900477,151.62823607310267,66.22709699952173,743.5122539221986,715.9371444928463,610.4301377980048,2230.4891339226656,2181.113531736272,1974.8139066171884,234.2620231023408,243.2970282103413,232.12874618642368,373.05445171900567,375.42625549332087,382.87611218221116
29093,137.36582329424073,115.15432774688611,45.17380404233609,667.9010678355686,646.0598283666537,542.3678441028654,2126.7589759374996,2070.9136034230764,1854.412677485137,235.81757113696122,245.44003119513064,232.64989304099112,388.99337808628115,380.7671037965848,386.37852912138425
29095,183.0126150867513,149.363151558491,59.818851834069925,685.3732941045974,659.2157559464533,552.973902964671,2235.828716399463,2172.527228265184,1949.3628099849968,239.89895018649185,237.747717323198,221.88129569501933,413.04438008827054,430.215486639643,451.200108861109
29097,186.63288625904983,158.7783769420339,68.57488574640566,713.8759055957726,683.2733406088158,578.5084517384632,2241.489953455816,2192.8158741914167,1970.3635436600314,265.8959985681128,265.1490131367944,250.5486110274873,423.00881259475335,418.52364485739236,437.8229067171931
29099,168.58569035446715,143.83287725004374,59.68300024735648,708.8754286172909,688.2974995988568,582.219580055171,2226.8642068621384,2173.28724642034,1964.9931594696468,228.52350235223656,235.7019601297135,222.11368219972647,365.3330589909327,357.16233027751827,365.24608031205406
29101,186.87541233183146,154.74827663226037,64.02973721407923,690.4312636728007,662.7592607821048,558.1900885148365,2216.383641947069,2153.487746428261,1936.419977743736,247.606781034343,245.19028001905835,227.62433782653153,401.9944936374281,414.4693381511182,439.0715997324034
29103,127.91537666992758,102.4420297674161,37.906235424474694,625.2373030504065,596.7863925853275,496.57422848087344,2132.9300551850038,2063.3598644836793,1827.362496345349,224.2237085695784,225.34431745067894,208.09306107706942,407.4741122823617,414.1051308108614,422.8697513224787
29105,167.58587542703768,140.4586239796704,58.60335787508079,711.9349886257963,687.0420915364324,579.4345272610747,2217.7635321276184,2161.8534197093313,1946.6864041388822,242.97035771981595,244.54616354505396,230.44664331828213,374.4764165642599,374.9858880632863,389.3081035684618
29107,177.99497752484314,145.96483166444958,59.298084566775266,676.0630971530898,649.4658156700277,543.76370405255,2219.37805420772,2154.8278409749964,1934.8403069921303,241.3563824003092,235.65028748129947,219.90413251728927,403.69601586477177,417.7304547052261,435.79812301657614
29109,167.97493928832375,143.07740264817707,60.24710735683355,707.8773404146662,677.3450974822281,571.6196761120113,2216.195150072417,2165.4588242390882,1942.7013151368478,258.7298458082631,260.56592597985065,243.75616837229646,410.9901387458969,411.2813529853074,423.101563373548
29111,137.90135516833416,111.9637047729198,43.0428113076408,642.8308017513523,614.6840032461171,515.1855253375638,2146.1571913796697,2076.659742939609,1846.6279309740682,227.44040931612736,228.0899647196391,212.1249677445709,401.4556583305275,403.6620076272485,412.34468721874316
29113,149.3926549247687,122.36113884072697,50.45767634338113,663.1944630992551,639.7346916720574,537.2065925391265,2179.922473115644,2117.411202126653,1905.1180922674134,230.48144694190495,230.10274245056002,215.45328427968016,358.61547645790927,358.5820121541615,365.36508114127747
29115,129.31645084075572,100.76333313698763,36.514651142935115,614.7204068925828,588.1009891795014,485.68537918333425,2148.17093771168,2079.5810384898605,1837.693321079289,231.6038010837111,231.64441647971134,214.01626565510728,412.25584665792286,419.21879371916776,434.7744587566531
29117,141.0653105222812,110.72732014845876,41.452670522860544,623.4562355439789,598.1273351986498,493.4571173444965,2172.208946839193,2103.697781318642,1868.0028610264646,233.5967117451659,230.17824085770485,215.88632242793466,411.67416476909665,420.6779067546451,432.73819751977237
29119,188.42160557422005,165.06471829897453,75.34863442209975,748.6144084690237,713.9598140898564,610.4156520128455,2244.6692562301932,2198.3420272726134,1985.4068894379955,257.70512873495557,262.0911819422784,246.91748546311584,413.1964379556613,402.5101428204114,409.15585843887004
29121,129.5703990673418,102.11194808477242,37.80095812400786,623.1974825291301,596.0430014761776,493.51908307231605,2141.8325116480723,2073.8010473882564,1835.7842953515028,226.2673685468889,226.27087082376494,211.27149194247812,411.9119604348617,419.82138058647416,435.18757076852705
29123,148.6818784193187,126.77439237023778,51.98101602152584,688.5892939303433,668.5715368549456,565.5558222835584,2152.860149792443,2098.817673824263,1886.6676797397406,239.19839804901312,252.1720345957839,238.9951769937552,391.90820229082726,385.3620320446541,389.2644180267888
29125,163.9771709464179,135.62189886377487,56.02362917248619,696.32331748205,674.3757675334666,567.1407294733496,2203.8217871908714,2147.698466485919,1933.6046666785273,245.25752875419897,248.9008811551289,232.93510234777304,377.43279743707365,373.26594034949585,385.06702337201557
29127,143.61405215585913,116.70390888519562,46.547500877897455,648.7403654643414,621.7590230577575,520.9253694753482,2153.0949781036193,2085.8174102248386,1861.0747970484197,228.7975952149904,229.78394660135965,216.73565820928198,399.4808495093258,399.4358337549447,410.02273506620566
29129,111.94267142499675,85.31002950042934,28.665786667059912,573.9660684866011,545.8018241050404,444.1000860361786,2095.8117074622082,2022.1064647025669,1775.1933127261805,229.42287129630617,230.66465986747943,212.5455867472498,412.5358593432118,422.92806828151106,439.05641274666243
29131,167.66155861719227,139.8060532753761,57.18973800901616,702.135188943987,679.4848419035602,572.0123044568111,2219.800052870007,2165.596699619767,1948.2142392094684,244.76881856177846,245.02107023838758,232.01264080522947,375.99278283032424,379.39831151682415,388.9030005883241
29133,208.72235410930756,184.37821534587937,87.90368666339435,796.8153799359724,777.3646442180889,674.6277181690195,2298.44898361864,2251.116529776239,2064.5969397235385,267.3594447906827,269.3280875930203,263.99009098202566,389.98453927384725,389.32649184823936,395.04765707606197
29135,153.0095305042606,125.04274667224281,49.40467688473624,674.972771214171,651.8437635608908,544.7896457618157,2195.944925484684,2136.8456874148824,1914.3168359099673,243.04792572594778,240.24939996773819,224.84659669073486,384.0498478103986,392.5039712108524,403.55577580528035
29137,143.73124643828538,116.9338900799276,46.314372395152105,644.668082792299,618.3274044803468,514.1741480724288,2155.5324865904586,2090.3107884451156,1866.8109106126183,229.60738010630774,229.98964455139884,217.61620725421722,406.7173720988247,409.89538760804464,421.9368847440135
29139,151.26474519758932,123.05931703531239,50.95183912188163,655.7705571392491,632.809312761023,528.6824496387578,2165.3478146513576,2103.489514064335,1887.8292879883109,239.503389652545,240.8959766538015,225.25932349039877,374.1463981846761,373.9567730930577,384.1945962662843
29141,160.96700563842032,133.44488617462224,52.98248856060623,686.472248536427,661.8810302359735,555.810174664038,2204.8530399574006,2147.440261331979,1925.9208539484257,244.2492910841873,242.6953091931995,227.9257787299269,384.2964836115384,394.0527254237453,408.0355048420053
29143,202.65741403991424,179.11579009582186,84.08533020656566,796.8212937306511,777.1998679959139,674.1044896418332,2295.5929165370153,2249.4509151155657,2057.3164390056563,268.9500023145757,269.33570589123104,265.9463963799655,387.5589715054701,381.3664114555478,391.7462044557166
29145,181.8347798543891,156.4675095085725,69.17973778263168,723.657030712674,690.3736274500075,587.0890340382323,2229.395376003739,2181.5525043424987,1962.0500188095543,260.4521470533565,264.45514802477385,249.34919819671978,419.64416679998175,411.4195608034091,422.7456480818049
29147,139.3366149337452,105.6281625795821,38.61444343190193,591.3278482694142,564.1319548920269,464.70457560659645,2125.878398897402,2053.645505323186,1809.7173263588818,216.8051090527289,216.49756809946297,200.52252784863222,400.7329610067737,411.56499002457383,432.25599721537475
29149,184.4792074238845,162.03168567321046,71.67496352597497,756.3791498669102,731.3650653609867,626.4652031370825,2245.5117662682846,2196.9752802119924,1996.714826497182,239.31116078408786,249.21399200723303,236.3735986188971,368.3537365375207,373.61916879707167,377.1233339282124
29151,164.97497873112786,136.92028683489747,56.72233583699612,690.6264646540222,669.6031248744737,562.1352660770024,2206.6807219564703,2151.3137561885205,1936.939488133979,245.17325809571253,247.2750132514504,231.93357235312186,377.19405184442655,372.9923434481494,385.6772757965944
29153,190.1560002122353,165.84247636801175,74.7553519767863,764.7900059453814,737.3854017871251,630.9584981037578,2264.1072538820936,2214.6663456387787,2014.5968803014475,239.69214672491552,246.24645130625623,235.62218327436594,377.587954179235,380.7355605204494,386.4619477920014
29155,201.54648247779843,177.60379294916044,81.55873443421378,809.5565641412929,788.4726290386113,683.2591003087449,2310.892684908962,2263.2760498273465,2073.4491542501682,265.61198048607287,264.448402335487,263.0686402180235,387.83221268365185,375.191034023292,386.8545313875615
29157,171.52682146426224,145.4461418045501,63.154474392589535,720.3213283981358,700.1306067997264,597.1163342223491,2204.8775666049487,2156.3577173604835,1949.3017848092531,243.7943295718418,255.2222071652365,241.37096111343718,387.0407102364039,378.2115784439786,384.37977335018235
29159,166.76117192989147,137.7417763810839,55.59607956910479,680.4678281748808,654.462100668783,549.4581958650366,2203.242144547796,2140.897915017286,1922.9312521784582,241.37841387219532,237.42802600162145,222.4253022956463,399.9132981105524,409.3411306764776,429.2439626763423
29161,161.4670586321715,134.7136847370138,55.67403598933309,698.4964998531059,676.4294490966404,569.4347576496305,2194.5957779277715,2137.9759736148076,1925.5986984996111,243.42054726326714,250.249324655474,233.79108633142482,379.6534913539425,377.2348835395459,387.71951476192805
29163,140.85019935555997,114.2271317104697,46.77024319812644,642.3627748745254,616.5844397722897,515.177507554072,2146.563030707479,2081.3181197119557,1862.800144685417,231.967329078227,230.6612424039535,218.50835131567482,372.7799654754218,373.7675856497307,379.854609536503
29165,176.99938063508657,140.40826598729942,55.14927126053857,676.3733135933201,650.6331777218248,543.6146393234797,2243.5846233318307,2180.359560367192,1952.9530289125153,234.33226025167102,232.58826707276063,216.32239942965998,416.850264919889,437.1594430111448,455.00782872430153
29167,174.36658916468755,147.48519170865882,61.46859305480025,706.3522774995298,679.0070555759701,573.0337128345857,2228.3971616628896,2176.172675099217,1955.4070986266415,250.64553230279142,250.50088691454798,234.90238284104106,396.6261449651457,399.5738726676942,418.8060898269694
29169,169.2727972425492,142.05263734084588,59.84229460927419,713.3198908458456,689.5584789579509,581.9831453538243,2218.099461759207,2162.196883165542,1950.1396191933745,245.998297067235,247.97262329394192,233.82138344705783,375.3255543966563,376.50154573336243,388.9502950275198
29171,112.46832137374163,87.45597821545687,29.966912723057142,585.8013822863674,556.7451101257981,456.5799219131897,2100.960987826874,2030.0711761445964,1783.1042737130701,230.9655108151775,232.51730259005916,215.9850124165442,412.502963124102,424.08607838649704,434.33644836354034
29173,144.46675249466958,118.23931429100305,48.13895785711848,644.9678866712848,618.5203032205116,516.8993446375176,2148.5176853630446,2082.396948108969,1861.544911711154,232.89279055584106,233.12897820209483,220.49600199929705,393.57881556198924,393.64472107658173,403.20621522181574
29175,136.642958354478,109.2518773867204,41.7555579241548,637.0629885153575,610.6796542696078,505.92208215122525,2156.189184696311,2089.3247800886943,1860.0030779173944,227.6807864500055,224.77746961352062,214.26036833921853,409.26091648651357,416.5037492110452,430.0112712072643
29177,164.78465764037844,132.08343226062667,51.60135070173178,653.4761448044536,628.3639898383744,521.921299845106,2209.238016473174,2142.911125002515,1914.80466739533,234.0066808571109,228.47944258058268,214.19733312316603,404.3116347114036,423.7907437546469,439.2876285761041
29179,150.98268519039507,127.01788528952059,52.33299804417724,689.7485394229267,667.6106009907788,562.9306749112899,2158.6770164682684,2103.9040484449497,1891.8054653920267,235.2629850625862,244.9998546862903,231.2468948180609,384.28445589837514,382.1539318180354,388.36033120803773
29181,196.23450357402345,171.0893353820799,77.50096277862966,771.6680496918432,748.0045732798484,644.7720357264197,2265.5063834759217,2217.7781915672654,2023.2193497949443,249.94371280485015,257.7434261220429,247.4391385841774,366.0059049099815,372.26610676594817,374.4872948079415
29183,167.86065548470808,139.70300494355533,58.94275586583342,701.7539151613207,680.68437005775,574.7673833583506,2237.5890994492997,2180.7723510419887,1973.6820110407084,227.3009836686443,229.1368966851341,215.9074562530854,353.61822895714647,350.9328395241315,360.49400092482693
29185,192.94994248801206,161.98975428169166,67.69869131509112,712.20200686913,685.3820155083401,579.1505043279452,2247.2126718469767,2193.4327279691524,1973.5692184276809,257.39627309280667,250.90047350414835,240.4275581123408,413.586793004403,416.1597858441638,438.3969011152687
29186,162.75117882961476,138.92797885744767,57.99641154929408,702.9780989479183,683.0325395728399,579.0250629118821,2194.77313726522,2143.9250590102206,1933.255540422348,235.9632894983578,246.23390474133492,230.436091651039,384.1040584031233,371.5916574456661,375.6502265322575
29187,144.7674992464461,122.96940760778409,48.766350598652245,677.5137402976153,656.6098173257114,553.0573606349733,2152.460760705522,2096.8517302036603,1882.5129745520348,235.34353646771106,244.6670723600567,230.18057041171897,384.1774110020865,374.8331245552595,380.90996301148743
29189,173.7510851360027,146.06384060216254,61.74958426626379,715.57990380904,695.324186770053,588.6290005003597,2256.744005649636,2202.346017421852,1997.158835877241,226.46397931202245,231.39799421121612,217.18426747484946,353.1961585958481,348.1199060092466,358.00594231627383
29195,156.1812382005599,128.42120300222302,50.69992229432536,663.5887563657016,636.7684230735201,531.8174588024256,2198.867137841072,2131.847443109042,1911.0516376746298,235.5758666140295,231.20076233260525,216.0475986748974,405.1588215850284,413.04276067766233,426.9214998315456
29197,118.66951665640427,93.78759563808828,33.59334487410637,603.7011398579324,575.5213881078378,474.43829787683916,2116.5577479801113,2047.205070587422,1803.9816144405936,230.0071219665026,230.3978465768451,212.72872347726812,414.05412989719537,419.9459280348407,428.7923293259679
29199,123.15771318862593,98.9678104342085,36.110057501306656,614.6305331973332,586.7199538864445,486.2824452894985,2124.458811848013,2054.356489289553,1815.960403857595,227.69779232926285,227.28540840276906,210.39317947891792,407.5532844823081,411.94680468819536,422.02683293514366
29201,201.2724540880219,175.98963518710016,83.2650534312323,776.0635102276367,757.682631901243,654.6145778576131,2266.693726943372,2219.2945760776424,2026.7651711923463,265.2379428316379,269.6629309702217,259.13919140286765,388.4595650203871,387.2095124983465,394.96856235124426
29203,165.25731084448444,141.47702139567008,59.77255378541715,717.4976453261772,693.1726949850663,587.6365667694881,2198.5032490156127,2145.1049590385032,1936.9420998954906,234.31289842925239,243.83914339587153,229.998323595812,379.0348307988316,381.2238246837862,390.07148264592763
29205,136.6846432142974,109.88025816631698,42.2558088007208,638.0625475559875,611.1019560564591,508.742975205987,2146.3385540809622,2078.2112454106377,1849.6864512017085,225.50224332027793,225.1080502222689,211.41532240388074,406.0228076012266,412.0753138138072,426.1436137708262
29207,196.70602696104018,171.96186389021838,79.959864883456,773.6005396905216,754.5075271370745,651.0151708825887,2261.178089780596,2216.3275661400653,2019.9193159960755,261.1679856372797,265.14226718933423,256.0310000336024,382.0694605400591,380.60373322995844,390.35823206111803
29209,180.2711949269825,156.9782019479575,69.1378706758726,746.5560461811747,716.9087451630346,610.2830528382658,2252.345325367037,2202.4487161601796,1990.5188860766586,250.7905873921019,258.31484471206204,242.77936011668208,392.8325166519011,394.6142427689946,397.95726991943144
29211,116.44613317373918,90.15778659209072,31.34816114804172,592.8187326121092,564.0724742063751,463.3046974240633,2115.631246895846,2045.0684088550818,1797.520685345325,231.9686464736423,232.21840990484156,214.0057523170047,412.59268950491924,421.62119649408794,437.6557642370261
29213,192.16506989590445,167.51541736732958,75.59166544447649,763.8569116423987,736.1965454098804,629.31995659357,2273.472028975691,2222.280190030087,2019.74407589641,244.89262519515574,254.47774707326062,240.54939179906197,384.266351510631,386.69783381291006,390.5522965812175
29215,157.43124251936132,133.4299772755935,55.38045193716541,706.6076451074929,681.5842889574773,574.1963520239108,2190.546919116252,2135.0904461578307,1921.8294503182915,237.65542450201207,245.87389993294596,231.98711662315355,379.9773183522462,383.7380652725173,393.7297398895365
29217,207.71975861995742,176.81307178274636,75.68547264997054,717.1534080296742,688.5276432727383,583.5874417370553,2275.343703179129,2224.762931521047,2005.5233200402483,265.2355670916841,258.70088400834436,248.6219004705692,423.88055861693476,421.6622061283835,443.35890354911106
29219,156.54964505398243,129.1804785371616,53.70046301707326,675.5977376759239,653.5401979464514,547.8789530618769,2189.072351373083,2130.3324833936877,1917.438902176925,234.735412707775,236.9988358711932,221.13182508236324,362.9737676161213,357.5402719456663,369.03574196193506
29221,148.1836699930439,124.6030272242651,49.95624936174089,678.991895044889,657.6690108611263,552.5326992207034,2165.580490264299,2108.8845079552,1895.012460073834,232.9512341382545,240.19610186384202,225.33899161566325,378.5178747864465,367.6711920500994,375.96642931278507
29223,170.78318727054113,147.36851777497122,64.11093523685801,726.3806850635873,706.055881871148,602.0504410942021,2200.552259700261,2150.845744411349,1946.1688618965395,245.0064129235981,256.76534060990974,241.29743935549618,385.9525856329286,386.31583228607,388.21363875598786
29225,157.15015614991074,132.5148720469279,55.08802954987325,700.3297038316601,673.7670179113005,565.8465733529089,2201.5337818566104,2147.404749279244,1927.430842790362,240.43128389261292,245.46045230872363,232.13203480843714,384.0259311980748,384.8516540770047,399.48445185290865
29227,120.84178072426892,90.21302802930559,31.120881385378745,570.2335258296118,543.0105624899868,442.7759886946933,2100.580527175053,2027.6004263743616,1778.712347701306,219.24285895450603,219.8367022294793,201.69522866153795,410.07152114591054,420.08299111071494,441.3993735614149
29229,160.7720243441077,136.06721870053164,57.14423037761306,711.4103327642551,685.6729490608988,577.3228282915113,2207.709209526556,2149.515596567915,1936.5949767053048,238.93996493643448,246.031833518427,231.59394325869752,381.18957212950414,385.3276051412653,395.7101165054781
29510,180.63755998064244,153.326400231814,65.48238417857354,727.3796259884682,707.7965965064529,600.8311572859136,2271.8038113834345,2217.66407911035,2016.2692822939146,226.65999754154058,232.00157836708337,218.14763883909382,352.9612799053605,348.0384035550816,355.9749882923767
31001,182.4250405829478,140.70453707984788,62.01850206767043,577.6738417156296,554.0467915356219,465.7545588354142,2139.551630014635,2071.1768489448355,1833.0231573401004,176.85385900641558,183.1918588889867,165.2794813709743,309.63042686397944,316.3236496261374,326.96935148600215
31003,123.66107644254627,92.14435995465821,33.37491596622211,484.8757542777651,467.41413601414695,383.45862840141314,1995.906415659279,1919.0584182833638,1655.1708529216698,178.21086399790656,177.8168926879672,159.76979526362337,305.3468230631097,310.8556845979655,320.09538507877306
31005,153.9772359471642,123.21912594453985,56.779990704421195,458.74716815092734,438.16684264391824,358.0040444258492,1934.239677322296,1862.302760957239,1626.3186010645343,129.7855668602703,132.74464839032254,122.16958168429433,225.44098544888038,241.23311693406248,247.32522010399012
31007,123.00368557935201,97.44370770642934,42.344863663316524,399.89426766881627,376.15952459434345,299.2523752484449,1824.3612011106845,1750.5646008809483,1517.2486664251323,113.35680644426482,120.96021839196018,104.98293144267878,188.66763074846884,198.51202875437406,204.40009455827877
31009,129.8300755476461,98.6266673466292,38.35819745040042,446.2994162285898,429.8199445398601,351.9587709888553,1941.8312039567609,1856.4351080945967,1607.7139756979782,161.50622102538202,161.09228337161747,148.80952408107726,263.12404488077516,282.3262255423424,292.3655425813997
31011,125.68146895341556,93.16544498447382,33.533553915676706,500.23492913868813,480.9639610784983,396.9453393068223,2005.6664413873218,1929.8967695530487,1668.4585540991588,182.65674051075942,185.17409309315426,161.87928835580823,312.47335866497076,316.9791366043884,324.99904567569405
31013,137.02016565569699,105.45191500246199,46.959339546358116,406.733351372062,387.5719915076337,311.76278032451285,1858.696240552607,1787.3624650787401,1547.4304913164794,125.39210348175625,131.2170241995094,117.14609500542569,188.876391038638,200.20332383016546,205.05941783606391
31015,154.92345016609346,121.31569983672755,49.28624997562192,484.1926635358315,470.18366687379256,386.3237642975308,2020.4364713528344,1951.445154634937,1692.9004261940202,162.26463229410757,166.9330742448863,151.8149920985863,276.47086208112717,283.3429839552428,296.56968065057526
31017,134.8700541085994,103.82231213711233,40.904574019960165,439.5678670971146,425.74749297789685,345.8498697601036,1941.3144925095344,1859.1918442217034,1610.7361074953258,158.47880403712844,158.60827249541103,147.88365186138773,263.4151144564706,275.86165439969017,286.49658736120136
31019,175.19949059392349,136.74583714404022,60.99569302829527,550.7802444419672,529.6007888849748,442.50168705098804,2087.652625123633,2019.0742640873887,1780.5386047184825,172.1409701591703,178.62009165896404,159.0926985087394,303.2713664391127,311.422558126696,321.5699776852645
31021,122.0630020266984,89.46182290448964,30.220206508741207,537.3138133857179,519.8445631461418,424.34661136764237,2073.783955742183,1998.8731543421266,1740.6457382833444,196.90828902494997,197.45520793037576,176.18376664332433,329.9448308149504,331.590334299806,343.7805544659962
31023,155.14165994400386,116.9932656706932,45.96981305090391,557.2771333374546,536.4773425958164,443.4524046592208,2105.4614618262094,2034.8355426989096,1785.3690626902185,189.64762903487699,193.28966766507966,173.04553224575167,321.4277015613523,325.9829132410881,335.9737311127292
31025,147.63896795159198,112.11826461566481,44.95398742466686,573.9805924042339,548.1672095420789,453.7841247349065,2116.2262904345603,2044.9601776606155,1801.481492771162,203.16973929084043,205.0992280252407,186.30302058797014,346.64956076676583,352.03241952370456,374.51424053516615
31027,140.4121600350323,107.90799223264855,40.845154467194774,515.6566174754671,498.0123487836061,413.0605027760524,2046.9128940870767,1969.3398075219095,1713.3128615134124,177.19110993188272,178.50890931483292,159.52842858657476,302.7425370912598,307.1136768791709,315.35578300521036
31029,196.27361818894835,163.5740162503701,81.51708953549699,535.9303305022268,511.54613426534416,425.87131220465636,2048.1227581181042,1983.6389037953904,1757.942697166395,122.56619055218292,131.42423273176456,114.65538914554622,221.8903222140525,240.72092422980344,247.30401130028554
31031,140.9329301487095,110.40317390068749,46.90528215090707,423.80848289268135,414.77675390857337,333.7793887796754,1906.8812267718658,1832.7171655036686,1591.0736780514667,134.9668933619904,136.22600947345313,129.66813112879186,232.0091845490428,249.472801648852,251.6440147778556
31033,164.44608391069502,132.8381505814004,64.00224202266395,454.2247860431905,431.26521390689715,349.1516608082607,1916.3618740713398,1842.7388003610315,1621.5291774353755,118.05841231905158,126.81729729999438,112.75088394093889,211.79987679648184,223.93653830229988,229.85946293307694
31035,178.39841316191445,136.87926685469037,58.9774607310571,584.8607503429712,560.4333930309932,470.8189907223647,2152.300683289217,2082.7467992750103,1842.4845056723927,183.08181736688428,188.49809838293854,171.60711374068887,316.253793199053,322.82625642682206,334.2892899822212
31037,141.22452123184496,104.65042498451189,39.11659650746892,538.606674854432,519.059730424103,427.73089549498,2077.4017738255216,2005.119945460985,1750.1817972254048,192.65430379528524,196.45729265144018,172.9514834257224,324.1393717167176,324.8262860631331,335.69306909778817
31039,123.45340189963085,91.11922459106154,31.309027895410537,523.6298252999101,505.08479018672296,414.68393079084797,2047.0216854688836,1971.985965989402,1712.3592379587449,195.13292734036168,195.89952308468816,174.7027870585917,322.2406254843288,325.20115385782333,333.5324504170509
31041,137.04751824979547,103.99245758585316,41.83318878894964,474.7608728487576,455.8821693282265,374.8505766342482,1973.2595917638214,1894.1357556952644,1645.1610250535389,161.11725802168775,163.69181696872076,151.01761001140625,276.38151829516744,292.05929936464634,298.08646997271035
31043,126.60156727167107,95.55742922354509,33.110101499712236,526.8553238026111,508.5753424283224,418.9041400278522,2047.607534007006,1969.6904850309115,1712.0452635267034,187.2469069623757,186.31500968381172,166.9075771877079,318.1846160849608,323.6482529486025,333.234530723232
31045,156.07467678394238,121.84548463799396,56.43807070545265,424.82657712561,408.710700644158,331.6728567224552,1875.195503475104,1806.9527110908716,1569.6582639491542,126.7752706210272,131.05125763434935,117.58491622937103,191.55110282082455,204.91799554456807,206.69422844089286
31047,179.58141033406233,143.63182218744367,66.20851353917041,531.9240501954212,509.89094251867465,425.42318603980783,2045.0990228445949,1976.5780539092411,1740.232740844093,161.2263493723708,163.57244349716933,148.43711825019795,285.6950450241663,296.79398234054725,306.76422016604863
31049,196.25034561743016,162.24154111641298,82.494154697107,501.3759426459429,478.9417616826283,394.51299952431225,1993.9828985055021,1920.813919238566,1705.1964639073624,121.95114307306645,128.8201448973144,116.27216016980579,216.3907124877956,229.5092117896085,237.17269702443747
31051,132.4466936552032,100.59874750756359,36.32594409566936,520.8408674537761,502.52089652206166,416.3438864944461,2038.8857416916385,1960.4815552859677,1704.2777708035196,184.82867853811672,183.54367561516767,165.69750937537484,311.65513002728505,317.38244284162715,324.7764924183497
31053,134.22764621005888,99.13117099582185,36.00637227007486,544.6712328992086,524.6253757994463,431.3472709341928,2086.0675308591026,2013.765104675612,1760.0534862614368,199.3277787408585,200.6630299630593,178.53305739549427,327.3606181662757,328.9996191652581,345.6202537977926
31055,135.7578369782155,100.32420594084081,37.51883527541144,561.6635225337274,539.9705223566124,443.5382055380977,2111.1302248960596,2037.4211005981488,1787.9227834766214,206.06061207666693,206.9661906251036,185.78480901088213,340.35301330450886,345.7416544778147,363.014676813826
31057,201.3760089748773,168.38309448341278,85.08695402895465,549.0837195231338,523.2798323377494,435.87563118482905,2066.360090179369,2003.4118446266789,1779.3193546613136,117.06668351983053,125.42273353496687,110.52222057328261,223.82016740512063,240.22874279492225,245.0447423428136
31059,174.73650214946503,134.06715222185233,56.70848468916995,588.7879760359758,564.6400952887747,472.7184303868906,2151.568737554491,2079.530705446764,1839.9992117031888,185.0862648435988,190.86569249140513,174.28142795494793,330.081042182057,334.2820272068311,346.0793504642646
31061,216.3014870422101,175.28641008978258,84.61044268867353,595.9958961512972,572.2040422708238,481.78954895814314,2160.3554372771723,2096.7200533715795,1868.974901708567,164.17910325538307,171.8040690525121,155.6024445375942,308.6612869942482,310.8217804639745,324.5594298451141
31063,203.6187346697982,167.18393909758367,83.46029454084568,544.4789685879776,522.8371925352169,437.79200762620985,2051.8663393791594,1986.6952428421878,1758.7359641838011,142.2246858171473,150.50152954346763,134.98433990773623,262.91593154043477,275.3727004110369,285.02290758312455
31065,247.40425272572193,206.77189067500862,109.6574717737507,591.8451210182474,570.7938283898976,481.87677999188327,2121.885255172426,2058.3367917333608,1841.5000710820495,149.37221425954718,158.61779356253814,142.72999304735544,275.9937676450829,283.57203602691015,297.91218873073564
31067,175.39630421735677,136.8794378706267,58.806925250677956,600.4614265213116,575.1677468226567,480.49214708822126,2151.958219992423,2079.9245444527114,1843.7405061479428,190.10095981306287,196.7902465986661,177.83379753686395,351.946069639298,368.516096459969,378.178774623363
31069,169.3681770679018,137.45144917758518,66.43131208497329,463.16480613762934,443.30432205416173,360.63039977424694,1944.1219239826664,1871.197563919511,1644.1226296158238,124.52509936471915,130.443572598517,118.97210576171645,217.5216875590542,230.96521306784462,234.63975143877687
31071,121.08526653428555,89.30773207019178,33.203190449560516,469.4703698683096,452.89479822133006,371.70559448587335,1970.2276887163916,1886.277422425821,1628.8410893267571,169.96290346600807,170.93611730848465,157.2322514359121,290.204047080749,302.6998089336663,310.48971765714674
31073,219.56004010680422,181.13960448779898,91.94803067120131,568.9744528254971,547.6335237723537,461.3387028877017,2089.6102153346324,2024.9760946163829,1799.852932626312,156.67123210636598,162.9040191332246,148.30683806279478,286.2356688277184,293.95004782390725,305.56627497704505
31075,136.5701637231964,107.35294648805416,47.013012858124,427.63773181955713,411.6371969291031,331.8845561302385,1887.9693263770835,1815.4530438200795,1570.5717620249386,129.09487691975505,134.19295705575496,124.14218356528436,225.8030374895139,243.42718080296203,248.34960868651234
31077,126.16385223220512,92.7364400107516,33.39487339019125,501.97358358787017,483.18497137536724,400.6396148032562,2014.341485226811,1935.134348501592,1676.503745154334,177.29702874153847,181.30806170866222,158.72991658555287,303.31006704459537,308.74158881780806,317.04382809773097
31079,165.1149165050487,126.03506882478351,52.50958151583488,561.2576382472422,538.6797073474261,451.207883692042,2111.1393878872873,2040.8674376176896,1797.332222223554,178.1731186412057,184.84962901785582,167.79923160329776,302.9564718155086,310.25514081958124,319.7551058733518
31081,163.3329915812109,123.74880858055451,50.77158868071611,568.8653433436843,545.8680502529298,456.70739868174985,2119.9751003017323,2047.898692711114,1803.0785924902787,183.25822132118603,191.34041683775183,173.15866808468587,309.08931388489407,315.2100422383402,326.6580648843145
31083,238.91189047328254,198.1127115269506,102.1707653204312,598.0690932719519,576.000326741417,486.18868670032435,2148.340664660567,2085.6905009778125,1864.4792701256556,159.2688247797073,167.48499717999,150.7923369563765,293.34672043994135,301.1342016014279,318.5194052003635
31085,189.8934083729862,156.99551455018647,76.38705105011795,528.004224093773,504.31042299926264,420.6143994531857,2032.6089648351003,1965.8833044235805,1736.0412690081048,126.77306801200648,137.0592312964173,120.45915893807697,239.67416204755128,254.34148381518736,263.14770619859917
31087,208.30056154366008,173.3974876256582,87.74720629849675,553.106860734735,527.4700061705371,442.43314666617397,2071.8326479743664,2007.2075198660743,1781.141795657199,123.87137675398837,136.61965977495578,119.8436693119534,243.44934778770943,259.4739546534525,265.9863888150409
31089,131.98134623621667,99.96168504121576,37.62078525463309,467.6158582231461,450.6908962579296,370.2260203534994,1978.150963054571,1904.3491032032925,1641.6972521086561,169.6816818387539,170.7314524423437,156.29325264901257,286.64247595755154,296.49598390983056,309.4297731636442
31091,134.2088553468637,104.18421496446528,44.08280986203099,430.7396220739982,415.5118046404661,338.10947418628274,1902.6120904201948,1828.392241279822,1582.2002196817007,137.69362779486215,137.48531167245847,130.0226639556027,231.5533467839121,250.29633193478244,259.6823636073233
31093,143.2634213495558,108.26853999442037,40.98623166486313,533.2667464908697,512.5393318060158,427.5065245642321,2067.0036177652646,1992.0093917956503,1740.418958567278,178.11340752373508,182.5277813804848,161.97747814341864,298.91937304896703,306.14246772756155,312.99556968059994
31095,177.35199789708972,138.2299324371009,59.3785091192746,595.5585381997244,570.2324500394085,476.5687575689164,2155.590243333121,2084.8856611815927,1847.395435918655,188.93975250205767,193.8355129562603,176.986353351014,351.41245525521487,362.0732962413311,371.31212096901527
31097,173.642614201247,134.56469470420586,57.535326157496556,601.9098624387494,575.6054764101948,480.573752257443,2147.1069729962087,2076.9766605825107,1841.062250333963,192.09170562606795,198.05366614218485,178.27672757851138,352.0035277083305,363.4772056680031,380.3195582854184
31099,192.3956483319326,152.7076833441645,70.41651569571661,573.5828364260522,551.1028007711351,462.7564968832776,2124.209177724195,2057.5386577742966,1824.0355159730193,171.28843175695266,177.07698921488185,159.23736279802552,310.28606396711035,312.75741857846594,324.37895046171343
31101,179.85936655925912,147.9093067248024,71.85658085975373,498.36562808331985,474.9833225190661,393.44711830208524,1998.07313148879,1928.0698602177504,1701.8959634843181,127.87169312321188,132.23228386022168,120.45770484345982,224.02991814688363,237.48978532258224,247.10446652393912
31103,154.54027592865,119.12354923931836,50.19913838417198,451.3233758874406,440.264420567722,358.1568092625178,1975.6366794478567,1903.5108820608887,1651.9670480304053,155.02359233024566,156.72948045777315,145.80825565305616,261.3568068584807,267.9015961874356,280.1182145887766
31105,110.09663003135861,87.26002653754345,35.98231107008546,392.4430995326197,367.10703840685323,290.5097171819887,1797.5991224484721,1724.0844927188762,1487.705551511296,111.39868864320529,118.9467086000906,103.68207304062389,199.74786318608514,209.86825376366195,216.44006339660822
31107,139.77673156471027,107.33864821084747,40.70728715455813,498.37430084743283,481.7723301469633,397.38303770525914,2030.5916485560106,1955.4120653010846,1694.9287204046989,169.36892720378228,171.19241653720186,152.45497118081116,293.6701970614323,295.667724310062,308.2805966811037
31109,162.2366887605099,124.88094038738477,51.8135946583066,581.7176547638326,556.7082468959461,463.18182670700526,2131.7636747057586,2060.0940561236293,1821.5195420793202,191.94542822977706,196.5505214155182,177.97484609070057,333.7824914415367,339.53462330689774,351.1707457329949
31111,158.3069789661323,127.91699916191124,57.74660713469274,489.57212696137924,467.35658272470175,387.21394824012594,1976.130641461164,1906.8481621866576,1667.5327564417676,138.88824071284472,141.73149687815743,129.83802424474453,245.73557597070513,259.1233180619727,269.7187020026722
31113,128.45673092708802,99.82070440137201,40.401734167852204,447.11341525671423,428.7441213211452,350.67918188931094,1924.1028045998858,1846.3409823833547,1599.3423413070032,148.7396405696633,150.10124158719015,139.64667190420624,250.4608200778079,266.40966623182385,274.4480306367768
31115,126.27945364583783,94.33896976530185,36.00834415171911,456.532682147047,440.96710701865334,361.7656599602037,1959.7654445946926,1873.4346773917473,1621.3382607108902,166.75586274519793,165.3327252953034,151.87672695833106,276.57630386312184,291.94164627118545,303.6311148517429
31117,137.1881532765389,108.65695131487394,46.58217139226808,447.3600512148537,428.81104815115157,352.24796597912797,1919.4645529647046,1846.0083478393033,1603.5909442576237,137.88284371210062,138.8439682391859,130.3801179867284,233.90514077488743,251.0178233320189,259.8033668387557
31119,129.23158360850027,96.15850973153896,35.04565071757339,507.9104402141097,488.0350526990026,403.0381793593456,2024.076128963395,1951.5378879582227,1690.266108878819,184.72869692454455,184.45737754900077,164.24488790697305,313.0755470205764,318.6789553059733,324.6900798179063
31121,152.99827109314978,114.93385185822629,45.01609692052772,552.722077766689,531.2858076715792,443.33009202707217,2092.5182739241473,2021.1940039021872,1770.7293922088695,183.6973389416777,189.16479812788262,170.93063277550112,305.81087304990496,309.57386024345476,320.12029765348484
31123,158.6572822719757,126.52769073943504,59.79323127125822,443.39879538661444,420.8657845186814,340.5552588573085,1919.5309224529985,1845.9264716617872,1618.3434250087819,119.80599079230288,126.70562094482588,113.62261917514839,200.94348815014578,212.02364695293414,217.36082236066568
31125,144.69497815341512,107.68075528400206,40.84212091478152,536.0391002289616,516.4694431934245,429.8168235973035,2064.9863231173404,1992.4527733972184,1738.3574719267817,183.3207389809233,187.45847986087253,165.72312617785408,308.47742153501866,310.7350489803138,320.7954654199943
31127,175.71462807467813,135.872670219837,56.93198126909861,620.5100614206522,593.6819524672251,495.7415367204002,2167.647246786627,2097.5096545235706,1863.5431742396577,192.88255190184674,194.93168242215742,179.25157970719823,350.5906603784434,364.8181462144009,383.34921097864543
31129,191.27268855601295,150.4750483490429,66.77935232611848,598.1493829359013,571.8519363952107,481.0153928975913,2177.5074188016247,2110.6291784201517,1875.0287679125609,179.9450351173648,186.1340280283734,168.6172328825263,323.9493996392363,329.3286954452527,341.8644973257422
31131,160.6965269822005,123.63182398217353,51.328648409099344,589.3168598347445,562.9860208813941,468.3723111261831,2132.228863087464,2062.216947620823,1822.9865725576394,196.9476694773379,202.50756685450816,182.32516008502697,348.99241680515047,357.0624668937704,376.88472942820897
31133,190.29667315788203,149.84914790445413,65.19611855530025,626.1360151698025,599.5876021422832,502.8323077431829,2176.843927640567,2106.155055826946,1875.634950198791,192.49842044940186,196.84556350228726,179.70199970203873,357.2220821189004,375.8129848842699,386.8846833960987
31135,188.3771731752079,156.63063556210162,76.93587560476865,519.1745604925295,494.9560711717542,411.5112688422021,2025.4861860241022,1956.2207038159208,1731.6160523763654,126.09791864602926,133.15201321324247,117.75954874817202,221.8426436972778,239.7272273421641,247.07279227659123
31137,208.4358143362477,170.46911944688517,83.38277900884705,571.3535386762009,549.0421768396099,462.3618274398873,2107.7564289750107,2041.7425354454422,1812.4719918301548,165.3954787989062,171.77855146005982,155.2198243600157,300.75303178755433,306.8274195581692,321.4016029802775
31139,125.4884895251691,94.18171879836771,33.89778770568433,496.67911659409094,477.83763571439414,393.91919397762103,2017.1208497592652,1942.4886279245682,1678.386688793957,180.56612601920608,179.35433969965533,159.82802936767033,304.2674339627899,310.94529079885854,317.31565568508364
31141,145.90396315006407,109.41435818086634,41.68332294721258,536.4994892391305,517.334847250293,428.5632705871188,2066.80843130823,1994.4506082067899,1740.811432355969,186.3878252920701,190.65479155667498,168.5804088153379,319.68625511571315,320.09514483507206,328.80984933390766
31143,159.84620801568053,120.74079151176525,47.86493925363013,560.9404491035235,541.0994618562531,450.27448111791847,2104.243053024499,2033.7152453939875,1785.7566740489178,186.86414483089712,192.21193783825646,172.57066265096086,316.25992995471523,318.6860227297905,328.06090196746936
31145,224.00549379856912,187.1973488536281,96.42636389334204,565.1877034071415,543.6991658796632,455.43585925501355,2083.857310123133,2018.8503235881149,1798.1245718255407,136.32759770954416,148.7706983277912,130.70287532723074,261.10365803648625,275.83360117655076,281.5024680728135
31147,192.59732818241815,150.41987581507613,64.39658630809762,647.9635843025077,622.3575382748112,522.2836948364572,2201.296803574742,2131.8454920222302,1903.7216529727625,197.9027835487897,200.31179734856437,183.37385418459505,361.13126516647844,377.9776148337329,391.69155003075366
31149,133.00848639859692,100.98801513880434,39.340179660339516,448.7163976952941,434.4190492769227,354.9519453634298,1953.3207685840534,1875.3352982782794,1620.4309619842056,164.38064757083106,163.75427977011188,152.38681478280915,271.9855706812372,285.62957473539836,296.36436248345194
31151,172.05835306266766,132.23974659750374,55.43327091565019,589.8510287787166,566.4601124381536,473.35306907369613,2145.589736268715,2072.6703688120624,1834.615960116298,186.08826713072773,191.91340751682628,174.3469223966751,337.6756184652114,344.4966612914377,357.3838400803584
31153,143.16732512049597,107.2936126274637,41.83546542940428,572.3266015296751,548.6916186789944,452.3996659857518,2122.726008569577,2049.9893047118653,1804.2284088591646,206.18572578075796,207.74297879865557,188.68466392459123,345.286654692222,350.4435859240798,369.59489369776884
31155,147.5995586526141,111.3791631805838,43.349482778566056,561.4263788728088,538.9232613723756,444.7305366246188,2112.874417405402,2041.3467184304252,1794.0496958059844,197.26997238822796,199.100670869017,179.72205283331795,328.83380511822713,331.92641397670394,347.859617453141
31157,149.30104353078542,118.25279646158526,55.777495226623934,427.4435393740171,403.8228431341412,325.2585179952478,1884.7489469441964,1813.7856490494062,1585.9413006525672,114.72553109875689,123.14264141970007,107.73090978384319,178.1971028780033,187.62103428731206,192.4510471271725
31159,168.73181040126366,128.98131194051547,52.78832026581839,582.5627284280522,559.9823314036196,466.85203304295027,2136.0455205672665,2065.598803586802,1824.4439728737555,186.78127097438855,191.21437808472007,173.2979624878206,325.6433988937789,330.5490255106969,338.9939717046351
31161,141.30465095065603,108.65966146367873,48.14822862678376,416.8572810293087,402.6897260747302,324.6042963109561,1865.8454777293737,1797.3967767996983,1553.4159208935948,127.8985363067532,132.2936716581696,120.30068985296607,214.7164650606763,227.6770538462873,230.07915006750733
31163,148.78695719579875,113.56407315283282,45.29834001766291,521.9168078238565,500.99918116891024,416.6842475690643,2050.369544982492,1973.0504396375047,1727.3792816002874,173.80710790189374,177.01654058998116,160.99677951558337,295.8072218085589,303.84348252873394,312.96145271665733
31165,132.01043351929826,102.85751596162511,46.40979870967971,392.9481728408221,371.4481706776361,299.00219473819743,1811.0752002148517,1741.569250774001,1504.0994422513133,124.75494879459833,131.82536641849163,117.29643420331175,171.5624100690596,180.61319809186648,186.38682107239683
31167,128.58401968647453,95.0204557610848,33.895306654762486,516.6590188035018,497.0605196842124,410.33738554216177,2039.953244683417,1966.8329808529531,1706.3272112780655,189.68047025328295,189.43143712445485,168.68321390680435,317.004547307494,320.03805143195694,327.3549918002497
31169,181.84204439283184,142.0570158416089,61.51622927645368,595.2145320395003,568.7832575561087,476.3095495835158,2169.350255094921,2098.3524198386576,1860.8326271407434,184.47979660668923,190.73495616249147,173.70559298719022,337.1639131498335,345.2151380270601,355.5666684608681
31171,131.23448456542533,101.57380027482924,41.04530845977662,437.8764908299139,421.93263301176205,343.9259422654344,1920.0994886056365,1839.5695595419843,1593.3396863047108,148.35257005549312,148.79619592760838,140.5153277057951,248.28410853467682,262.8206803559148,272.31982257073713
31173,119.65743784710848,88.49202636786858,29.82438556774514,523.547288029511,505.867352654415,414.16965409781477,2045.9411794367709,1968.1295143759319,1708.309162188867,191.57292564691843,191.2483544829635,170.53026658405383,320.8726344823235,327.6563856625495,337.17641212760793
31175,133.17346787425518,98.18754971876751,37.69646188240303,495.71959558639765,478.3188489940279,395.68371758578496,2011.8036670971917,1929.244499771914,1677.6056194152516,173.20029348034078,174.750695274695,158.6561817256807,292.49849922674923,303.76429501610596,310.36612737681173
31177,129.93354435294702,95.09495593042307,33.930447069596894,552.6107426507322,533.0208586497669,437.1551512175215,2100.1212680589915,2025.72868963799,1773.3674337469577,203.43996786662262,203.6529157957757,181.81979003473842,334.48876784131375,337.5142930489227,355.27376522030926
31179,125.10155403536501,93.22959811918672,32.89025539494108,510.9495158010448,491.63172078342916,405.6733334100776,2032.162676450013,1955.667110032588,1694.8568998681578,187.71085987682386,186.5735262483567,166.88132982339002,311.7760639959703,315.3105081532396,323.5313055981809
31181,203.3247615424493,161.88919574114692,74.49508065644635,599.757062856889,574.3064720594166,484.03427344713884,2175.01151738679,2110.3189830431543,1877.2509677626454,171.3677427811158,179.60095567426842,161.86931952293855,314.8945359000749,317.7835837076549,329.0667381362258
31183,118.57208358621253,86.78992946794702,31.35299019760121,479.28572249852624,460.7369607089232,378.5438862252094,1977.7606984533572,1897.3406493761418,1635.0061421450598,175.67279387853094,177.18156218961815,159.54634958393828,301.73295135064257,311.7449702427333,321.17333229867364
31185,168.82426180675185,129.2177787134703,52.925644182429075,581.0647094766972,558.9214199540008,467.33176465527487,2133.561811253203,2062.1844205528296,1820.4682957580803,185.6309457069928,192.21989854962925,174.5471649393706,319.65447192776094,322.7020025068862,333.1528284904398
38001,105.04041351651986,80.04906099996069,28.495472912974417,346.5670329696946,340.0462602626592,259.9409243140675,1774.030026724796,1710.4072589170676,1441.589888254247,124.2799145712327,124.8027828700239,107.64315188388453,190.19235838991762,199.89238497495631,208.90314748771857
38003,74.91252512947864,59.728771834335404,16.729563283755674,366.9748359988773,356.536152182421,272.464061371598,1762.476905164455,1685.8108049474781,1407.0206124018164,132.60112033085542,131.61256629489515,118.36018198775893,258.1639252088582,266.10879112383907,280.04687812165656
38005,53.04977465456837,40.1601230605463,9.035843341211102,322.19116264165893,307.27592711255863,231.17834805372587,1669.9348451706421,1595.2499766121196,1306.3741703317078,120.55269478756009,121.7267845861323,110.96399963404022,254.97282781120376,261.98536454164963,276.4794476132039
38007,100.99833377452117,75.79420198992882,27.63431932712273,342.9983391790881,334.29785182883404,253.6621553672299,1757.983188000752,1676.235428652323,1416.8650246512939,116.2824728651556,119.57281009685862,103.19160649796224,187.35475944175843,199.41637165308197,210.5148019127426
38009,48.74701558269406,36.52503402189528,8.253209359962652,309.0102438379557,292.6429349682959,217.45747439900757,1631.7971199530314,1552.375631181224,1267.0625405581354,121.74344253052134,121.12327231653515,111.5732076820262,239.92551326000708,247.32465120826018,258.5002714384792
38011,111.0049786970964,85.50344265136314,32.24284051248462,350.40819789849877,342.28726485252946,262.77029466814895,1773.543477032418,1709.9323340606857,1448.6030269407988,124.36525537137675,122.68558740993736,106.20020126785369,178.93576498894606,192.66118392591076,202.72196502092066
38013,50.901387056871684,38.39705897780003,8.846978790470155,302.1832124170016,289.94174540460926,213.2004999267985,1624.5485917343642,1540.2116266989324,1260.6672279207353,103.91699252199733,103.58713046706691,92.13289652770169,213.78769977822466,213.99838575033874,222.57414390420362
38015,75.89963246317653,59.06041803746596,16.94584974966958,334.68832408625326,327.4560416980494,246.7276599837368,1727.8423581605693,1653.459678867836,1372.1710319155657,116.6956000362746,119.53570729532903,105.6414223384688,219.30137099839553,227.34390597103948,243.26642418420587
38017,75.44195819403669,59.2428773239972,17.057861981330028,389.3366139075093,374.0750700045964,289.1979382135008,1799.9801316231872,1722.9674952041628,1446.9413041775995,130.54834744259114,131.06917224865848,116.78581292494815,266.77141871535173,271.9257635526591,286.39352815784144
38019,36.88549611250152,25.90713912052798,4.998572627322255,302.54705459008375,283.4489888201213,211.56793285736848,1608.3068140036319,1526.2049377591004,1233.5487394309052,118.18389706767532,117.05589286761297,106.40247801734954,260.0899563055983,270.3523782143242,278.56069930703586
38021,93.47043604260742,74.08672949398343,23.86578543798182,387.3511244866962,378.52272731042746,293.93877143072876,1816.0846233921911,1745.9536211898298,1464.340830223537,141.48663136692187,140.2767133598818,123.36319685844903,252.87726523076586,256.9881975123608,273.7912776774168
38023,65.15770226140631,49.60088667062104,14.274868403323632,312.7633287822989,301.0000996923819,223.04253595632812,1665.0815132814737,1582.3465336620493,1307.2584291722183,101.73081807247425,100.1373775669039,86.19188829755225,197.74368131358057,198.28666475081877,205.55681765014893
38025,92.97180550145444,69.88272078518267,23.641648666820725,344.1123408451218,334.114953160316,252.7057302240784,1749.92698642354,1667.1984786804562,1406.529366630763,117.09109422951046,118.93662315505382,100.5407855489319,194.45936876567808,204.74946005306344,221.73756164867314
38027,58.47200309430143,45.11375835922503,10.944492173656773,332.6952006912011,319.07026694791756,241.14111196911117,1695.5613574950207,1620.9761578710397,1334.4875504290058,118.30799840076887,118.7520936072713,107.23214347791262,252.06047409996086,256.79292561212355,271.21559933644534
38029,97.66919613344416,76.99970412262888,24.933217199240794,359.2742252432275,352.0271157395826,268.24502261776206,1794.47899691333,1731.152038693185,1445.5163607022355,119.40850085959451,120.6485085384968,107.54893740071414,222.98752351052636,231.64868010005708,245.18122889735554
38031,64.48065041895639,50.50107814586424,12.91329495582111,340.47923124487164,328.4769442292822,248.45963268582068,1715.6775531474782,1640.8516332409013,1356.980046723274,121.90518407957298,124.02838081170572,110.69869514672757,250.6978812714734,256.42817517456115,269.27054176974394
38033,105.01893393978405,79.80907082083995,30.097448706470676,343.4094394509285,333.4489091323565,254.11699239864373,1762.9304771960706,1684.1010417258149,1425.9121856881577,113.99831295226787,118.02093708515288,102.93101800671946,185.10935096639471,196.27651265054504,206.93252837337292
38035,65.75750105797603,50.36032312990683,13.746680592175561,367.26579717819516,350.26386988299106,268.67772263019435,1757.2569969353524,1676.931513216095,1400.0980961522657,119.1046750373145,119.99235369011001,109.41508410336944,266.7217826115551,267.3926831247702,284.3034524261369
38037,104.40551395754903,79.74472811800254,27.57066114846335,354.01816479987485,348.0674643908288,264.9449977107241,1787.757557724494,1723.5151577045508,1446.3187602160942,119.00933462390671,121.0286601313514,105.80173160034073,197.35783162221438,209.64793514914854,223.5714526856713
38039,61.9509761640374,49.305732491049284,12.302934299601151,345.536682873,331.3293134477377,251.43302420614526,1716.3268179929141,1640.484576814331,1356.0669221377411,121.95858255925182,121.163054147655,110.35569704404267,257.8969381697016,261.9075677372848,275.8564403782824
38041,99.86615553559048,74.43334063080037,26.150467481508468,341.45803425666884,333.58874768723217,255.10794956715867,1759.404724361196,1690.0299547082163,1419.059625178666,122.52277173651096,122.94859152453212,106.5358531713727,188.64926492120273,202.41032794793446,214.366687216872
38043,73.69052434414462,57.90888733191277,16.04506204535733,335.2379458742322,328.08606404898364,247.87144854861836,1728.7344844509687,1654.0152512133911,1371.6883473442024,122.76523050198091,125.6359555443664,110.18744946588467,236.58947060032884,242.70042726194896,253.6203063466368
38045,88.07227998495736,69.93831617063753,21.25653180800527,375.8517971364023,368.36683266213623,283.73039498050485,1791.3701348003847,1719.5101627269719,1439.9818679140762,140.4809819287317,139.11000962287522,123.02364667836726,251.6513961124108,259.81445481164343,274.1659870373949
38047,82.82877957328762,64.94024211282627,18.822520687631958,346.49296855141006,338.27866106451074,257.81510234853624,1753.7463869664807,1684.141914520545,1400.7258934963572,129.63291771368273,128.33656388611922,114.35027051875969,236.65036861794724,246.9745462202461,258.5421259645369
38049,59.61528098442231,46.03095125374794,11.321126297147718,325.48671227999506,312.42061198064414,233.47277726151907,1685.5535506384458,1607.8579339831035,1322.430458013202,125.81366697920183,122.68897283441989,113.89385213807634,238.96538764048378,247.08034381576073,261.70428581857885
38051,93.31884232482184,74.14238294770897,23.220518358559527,363.14004163158864,354.91585413058743,272.54642174528425,1789.2151030676796,1725.7396734346257,1438.6872557525924,131.84707011547408,131.86745676598966,117.34305806718297,239.56753268657008,246.666893417647,257.8259674851855
38053,94.70364712836545,72.91107295861704,26.004176243446587,342.3278347682677,332.01203462951287,251.18244063365756,1743.6467671192554,1661.0397870949644,1404.5372405895255,107.09035932640764,108.6715749955855,92.04825175181217,186.834760784205,193.70605917157025,204.61344736612608
38055,69.64491267824064,53.09649725338149,14.92115094509462,326.7564103240532,318.3187869840138,238.72504263455352,1698.5547346300962,1617.320701451792,1340.3960025655879,120.20125731514233,121.7336412555953,106.87793468893987,214.98912256024892,222.60942744310154,238.7331364707139
38057,86.77449076082122,65.36234593003476,20.69782700092186,342.4698288668787,334.3241691595116,253.1715726541328,1745.8432771927298,1664.6726820850017,1396.957118381319,119.7563049783109,122.02093863268874,104.97862958381127,201.54688877924124,211.5876010403591,227.68543069309263
38059,91.65719036793782,69.71316490941311,22.19980037876494,343.5623039009349,338.85204772241,256.0421418376599,1759.9927885795526,1688.264267064281,1411.9795503708935,116.46750200232236,120.55670031534969,105.94374801081612,202.84898466957446,214.69564739552297,232.0774544431368
38061,63.86223187350333,49.61258495435618,13.332069866964776,316.10371851907365,305.16076946052965,225.70968684605282,1666.21792861852,1584.4184466046086,1307.5048893387543,111.71210125403749,110.04555342403151,96.90717656778575,208.56540927388633,208.8675240927717,222.49427633721635
38063,53.44403041854541,40.28194023413656,9.424801984249537,333.02304313788693,317.19145819347614,238.5492030408348,1684.3244700010207,1608.0578349659088,1320.645489653968,117.10333437482079,117.59491867116529,106.22954350277612,254.94675627118872,259.80888640674414,273.9564451317159
38065,80.37903779277276,61.53207136102817,18.219209277098702,333.66909964555583,327.06660331899354,246.8116012108607,1729.267688899125,1651.991229927696,1376.371004822284,119.74100098748643,121.50465146229689,106.67795189000235,207.99729003828344,217.2809755243296,232.3798785560394
38067,53.6501532660417,38.67801942032407,9.827427252384737,350.26190780679747,330.4685241783628,251.07359121498158,1721.209086941149,1633.4335919167074,1354.608244049219,119.83287130398321,121.48308684846673,108.25803106384271,262.58056073056974,273.0065247313122,281.76629544124455
38069,52.74468207659713,39.969084484260705,9.006278220254663,319.50395480417956,305.52987564221655,228.56270121719405,1665.6011493505837,1588.6148577663944,1300.5899815037124,128.3101683565192,125.8543639298767,116.1904554824196,254.12669451886399,263.70343231580944,277.7353150923783
38071,47.64741096686426,34.86333610520744,7.713797925952889,319.960468048446,302.0682507074784,227.32653117738363,1656.3035959617216,1579.8546173603804,1288.950905868864,114.71733939145956,115.65524214321348,103.86208134006843,251.91170980166027,261.0600476473583,273.09873063987163
38073,81.44260889581679,64.9771054635595,19.143584736301285,388.32988072615825,377.54293296125724,290.70712389497095,1805.2904841567338,1731.4354515166829,1451.7289320678358,134.3985649188998,135.58467604335934,120.60764121941433,260.5026654119914,265.8200224668151,277.7646034112807
38075,51.189176222250914,39.418398405927604,8.873033424504966,313.3684434524651,299.2917559184606,221.15617870148344,1633.101382249622,1552.6133567775453,1270.5174074653926,111.89213768120223,111.93640675199427,100.71757944482817,226.7005542193878,227.75752535274393,240.11950262958038
38077,78.021440723587,61.45087251583383,18.104708687890323,399.42466705155596,386.5433581128995,299.76148992194817,1833.323971588397,1757.6716979518988,1478.5169071631658,137.82190565889624,137.7893268909698,121.94577904612704,269.4218424994484,274.5076762674169,285.33083859599986
38079,37.70881996819746,27.049613852209184,5.147302343532017,295.02253097547555,277.5348714511408,207.2468746654252,1592.050192515202,1508.8628653177461,1221.259729122828,128.56579407317957,127.00461001342978,117.93240809550873,264.05898195003977,274.71418133388545,286.98444955403977
38081,81.66987056527728,65.40425422308186,20.004023406990562,389.63095188763793,379.7893199162602,294.3217785529476,1818.349198979308,1744.883330414238,1462.4363877709743,139.3383880532973,138.99479111832926,122.93737755900963,260.14760841226456,264.68803044608603,276.9471678606969
38083,57.1464423590289,43.66430221631466,10.603694136899732,313.0480356908394,305.02169805950336,226.40174932934596,1663.3967443747556,1584.9504545876189,1299.3026032663363,121.60925727233844,122.67680074801672,110.57962429765523,231.49093926867403,241.42646899894422,253.29543620281743
38085,108.29523164162488,85.20571507727456,29.511362070002445,364.0064004408531,357.6906367055113,273.44666918513906,1810.0216285706397,1748.9440208472297,1469.8494075442918,120.1708390256791,120.51127187201098,107.36334539750032,209.99317187672713,219.78248638994995,232.39294662742242
38087,105.62303881964128,80.93947588604667,29.98986633868362,344.7916360778462,335.4191143151151,256.2170856343472,1764.8155610380068,1691.6134105336027,1431.6851199820403,124.098793250034,122.15320917678109,106.3385524888809,183.5582704314993,197.43682965983254,208.6610338197567
38089,95.86543632737657,70.75122323295165,24.776151821285698,337.64671201138674,330.46960658853345,251.4100183622141,1749.3426540884636,1671.9779890773746,1405.976172360716,122.9659303733855,123.21107914407966,106.22627681544722,191.8566985636444,205.78366606759673,216.98448158303532
38091,64.56429420001825,50.892456364383406,13.432371125582998,358.9571488265048,342.996113802194,263.3222619661507,1738.858186726728,1661.0583044036805,1380.0282948313347,122.75437760724397,121.3033938997335,111.40947837973188,261.89817009690773,265.825899655541,281.61233418838515
38093,73.5181800232214,58.47392925002525,16.043955077194617,347.63091149280314,338.7281779420538,258.4032160322336,1738.295984491533,1664.163859548,1381.865863978746,131.99538705094787,131.78563344155143,117.21359999042993,248.19969115600483,255.7140641352143,267.3450130874327
38095,40.87614785740229,29.33711528419355,5.7035719522878505,306.681343333503,288.4646231480439,216.8290243198181,1618.8808039082446,1537.3118765840047,1247.4045067800052,122.16800267645924,121.25828614183486,110.03834568546145,260.187686186748,271.8358691905058,282.9494039940643
38097,70.80350125484331,54.89595669018261,15.679482200250357,382.1689774514382,363.95040983975775,282.39013538871967,1781.5235928086581,1701.7899686279275,1427.0011789310552,124.98938823593548,124.26665736355635,113.48255090325215,275.1010831443833,274.74510753138037,294.082728281553
38099,57.34401993043225,42.225220172390586,10.978955494158411,348.26221334280575,331.304859244996,251.19869727052907,1718.4454940089458,1639.5376159305426,1356.6891491916206,115.99435930976566,118.48882525098136,106.25984377936433,258.4174464701815,261.8512327774687,275.29905530589986
38101,57.84132356610947,45.124142854181606,10.959124773421175,315.4742792203614,303.69048231652,225.27209137134886,1657.1088698999024,1575.5167209831084,1294.1350853475174,118.22102517975932,117.42331465515534,106.23278830404372,221.551850502364,223.8315571848913,240.08306225270434
38103,60.06058651031249,46.4943612325277,11.487864529650448,324.9122514533442,315.3802929672573,236.2542646882927,1690.6431765131463,1614.992468455637,1330.5542176391773,123.27788190849637,125.13908791312072,109.97731536019273,244.39903576259798,253.4438685834807,265.27093224172523
38105,79.66422533354303,61.91307784090414,20.278695567319254,327.88236039610746,317.03582812716326,237.058803463625,1705.139544720397,1624.482977065783,1352.7369293445238,101.95867127198599,101.07361337144327,85.48864193540948,189.94568315581103,192.52756239522643,201.5256537431871
39001,88.16831081471453,68.42190446448885,30.417440617433606,627.514076317307,601.2327996341126,506.51946968242135,2073.5587476291757,2001.4741038736024,1787.3343658316976,219.9796534706571,221.5150210596433,213.81574911063203,408.1197890346426,402.8585181794472,390.6282628593619
39003,70.92042242899,53.905283375154205,18.824117668801698,525.4325146257872,501.31443740870475,405.7070563214396,1988.0250483643517,1904.8912677671844,1669.995215429249,194.29222009993998,195.94735892658684,182.98949591855973,364.84919760747914,359.8082574142396,360.04019505193435
39005,49.776772492920735,36.479118497326795,13.179917683132112,487.1450493531509,463.121504767597,372.2448759749532,1892.2479000211365,1806.5730670740686,1592.149499442417,198.9979815153011,201.93224503609116,187.3295695118868,394.8534920307506,392.98250603763006,393.2044928318984
39007,44.29582464887368,33.35663299916503,11.975370430929013,453.1790870170156,431.28220595427103,337.6984678063223,1842.5740765250707,1766.1232314599715,1560.281045388884,183.6911312933406,188.02863082785913,174.31605284467096,363.4665338454557,371.17710429606973,365.8989502957428
39009,83.27003228416376,63.92019156105514,29.88739527851097,596.9318014926081,571.4770278653596,480.96740212861204,2018.5424171552063,1944.665447614365,1740.6587260572924,202.53193595598032,204.48238318457993,196.38611428109544,402.1157319523984,393.69562114055594,390.06153371163555
39011,67.9477686300687,51.36367480935303,17.78834495343551,524.7875525127946,498.8850479180005,404.5242490108518,1977.8234988812026,1893.3241532474397,1658.1529107684648,198.24437884455307,199.47377792235767,186.47904960956924,369.5708042272614,361.5561220316751,362.6335161229191
39013,66.56941898546094,49.92628305589217,21.38256624975229,549.9260263170686,528.3953659789329,437.3070442255331,1925.4084867636898,1848.4356358526352,1645.4419993148986,213.53434924384314,212.92443482053187,203.50619344983045,405.8565449065531,400.12990125949216,396.6030702592053
39015,90.20330648240963,70.01157475680216,31.076430765806446,625.6478545685121,598.4655823050828,502.03418202646424,2083.9177342715143,2009.8142963244668,1794.050576834043,220.14545923054365,220.92916091107622,214.1545752450889,403.6550821586753,396.6450789300173,383.5466352875959
39017,86.63045940716408,64.81674250606208,26.27625179795266,609.1286718090184,582.104292563117,483.21730676118085,2087.7289226114303,2005.8402897792773,1785.018683962306,218.298907407301,219.86401668916005,209.51339777337952,379.91320573086875,380.3034736017634,366.9990817890367
39019,59.19321312556217,45.1615857120987,18.226931446946484,519.4497465278776,496.8694621712202,404.47862911202907,1893.035982235193,1813.2460768170436,1609.1609314422965,198.05097853812538,199.3289823339064,186.60387508087896,380.76786803750554,379.4840662364636,377.47713236970077
39021,65.00023032662459,48.33855958178082,17.53551128023698,529.4885390343385,502.64769442875547,409.05878858288594,1962.8148178736676,1876.2772315720697,1649.408105900088,206.5879532546866,209.1754136755379,197.1234877680139,385.70008357946807,378.4849898073452,376.647206326931
39023,70.08370484570985,52.72347934149927,19.862586083429427,552.9522633162544,526.0111354465774,431.9640830865039,1996.3739025411455,1912.7428939070892,1686.9532162397452,209.82141634414953,212.9922129958748,202.1342156545318,384.17878443889197,380.15001869268804,374.31049319439074
39025,93.08804269784545,71.34251264124333,31.783657634131373,630.2477088961286,602.4134175629993,503.73695692905596,2100.573480730861,2025.5165799160063,1809.326355735337,218.91276300023014,219.50376688133457,212.01706899194832,396.5029152853725,390.5219158378344,377.47863650969674
39027,76.08184844880091,57.00598734212864,23.677372702549945,584.7242972627068,557.5746058944944,461.9209610355392,2031.2205183851463,1953.0532680117062,1730.1235566841158,215.95897730351052,217.5949419583671,206.64075633930116,385.4554888147145,382.2477338703188,373.11956159627124
39029,56.0980755799128,42.842331319226524,17.270687189100848,502.11303830915176,480.5484192678708,388.33774412238944,1864.6141832091773,1785.1827887506984,1580.5308732581448,191.5764915195992,192.92454421953366,180.42579389963495,375.9073940116012,375.1450551399221,377.1698582399208
39031,60.75729381515513,46.55166944576189,18.05490989254034,546.5804429945811,521.0437766178624,428.24600588415734,1947.6583728399787,1865.641533423205,1656.4463566076597,209.80132906016283,209.7964604865379,197.9797873159804,400.86057154903847,393.0204109006846,394.7645851730007
39033,59.296270841912204,44.17609098909075,15.646114779115337,496.63984832012574,473.3555587149373,381.41895061528453,1937.909734257232,1853.5714332453856,1633.0014062249127,196.50970154417433,198.19740145517477,184.40376296121093,380.553937848204,379.23357085958594,381.67641432209837
39035,51.60596236263243,38.66186268914659,14.586471010649712,475.93504496026964,451.62496760008264,360.7539868730877,1894.1373111796129,1813.0351878445738,1603.8396307135422,188.2047898285112,191.93518769717704,177.9673597383215,360.175618628979,365.1602477131924,367.0203370376682
39037,67.12603688387786,49.77526449993641,17.591049808866494,538.0264465747437,509.8968097613777,415.5314570514348,1985.547734841046,1899.7382866910393,1664.5336161150947,208.56971167144016,213.80699861234706,198.28005834862347,371.8666345186276,367.76523631837597,365.654402245281
39039,74.1699452765485,55.879027012901574,19.89269266774654,519.9409894464993,496.37718985176207,401.9776255258061,1979.111881981925,1895.7652637654173,1662.5394357718596,191.8301969306897,192.58577459016902,178.6694499830749,364.46203177941845,361.3953756933873,364.22486781241093
39041,66.59971803451346,51.0279990390631,19.07993844230477,541.2889895787472,513.9591050735598,420.25648815441275,1981.7124237147273,1897.7157720575838,1681.6762975306137,202.32669159489146,202.443634955837,192.1627744421686,392.04043926984,383.9392618850005,382.8917407647639
39043,58.266077397703285,43.77831318038359,15.32157858832883,490.4956593584799,463.42893411307097,370.4538940919573,1953.5075836144144,1872.6718161293916,1654.982779045114,187.28601747143654,191.07472689833597,177.43143939145557,366.5368429535772,373.5863874170045,372.0984796624634
39045,71.20079043104877,54.37474462773655,22.125167332056378,577.9236488276497,550.1403140522194,456.7123987698889,2013.4954798780577,1933.6380943642985,1720.0428791285565,206.50461821749028,204.2649318008253,197.94830053525288,395.4896628478012,390.02799657099615,385.3690238651004
39047,74.28602785887827,55.48895311928136,22.76381697242161,575.365365982355,548.4636989795631,454.5607001333864,2013.8416939230915,1936.501816846298,1715.1821596053626,212.70223964861574,214.51428479821556,204.4314198517614,388.1798478533482,384.7427743221697,376.96103968678614
39049,73.34325948247927,56.1607823805919,21.893760648190213,568.8869657755272,541.1028573260841,446.8632555866808,2016.202365216412,1935.9470519504564,1720.0583803678478,205.08587541010723,203.905794675665,196.40341829539284,394.86834995751207,387.66913010378977,383.31218011874756
39051,71.55756391816479,54.05440159454812,19.088841564142307,509.29723515862196,485.12599588077074,392.4002952818555,1950.737688435378,1870.5437749325679,1640.024563144337,184.94812732391512,187.33947432219128,171.75188119248682,350.3441464790085,351.6768558631314,353.56575001453876
39053,86.67564414479627,66.66297908535579,30.794383590367353,630.7834303068332,604.4805457408522,512.9484904838196,2076.0516704919223,2002.100767340044,1799.3062290499784,201.03286669250718,205.96869979826397,197.29912108155443,412.1895775553923,403.1785947187009,394.5965600045496
39055,42.49447197503702,31.60956134441605,11.375657163098605,452.0250485116832,429.5331805979583,338.7696988730045,1837.1976758980745,1752.7403145852775,1545.5802920038768,188.51571240822673,192.69471763601823,178.49649808017446,359.8098522985621,368.31112765990326,366.7792025568618
39057,76.18199693939212,56.969998885349796,22.596717165339285,576.4151870492038,549.4139106956346,453.9471615341498,2030.4887840952579,1949.9986945897963,1725.4163167883514,214.17840157997412,215.76872356950366,205.18773151456398,380.60344024108446,380.5465788982266,369.95990941778894
39059,68.31966963712128,52.10999578687498,22.191494436903273,558.0676631880328,534.1980166013797,443.18108437811986,1945.5580538681722,1868.1389097068827,1661.705994476788,211.3966344103977,210.35166719144112,200.2247989378731,399.66014571441724,391.0373854463563,389.95109687303363
39061,94.48911733397213,70.9483889212409,31.00993993325843,630.984397263344,603.1381247063155,503.78582550578875,2112.6329096215163,2035.720631777854,1817.655544228713,219.89782279760925,220.42523878861485,211.66195031741034,390.9516846981938,386.87304940841403,374.11031005566696
39063,70.36118623641134,54.23458144864962,18.910117583889257,520.9782433408334,497.9915795781918,401.7597936987736,1994.1303920358525,1913.649417220823,1681.632084634596,188.09996190688813,190.47055905192704,177.30764076006145,356.46921950993544,355.584944534204,355.3669464320667
39065,68.66100472633745,52.18374653221247,18.25757471360118,520.7059384177026,496.700251765477,401.2985574334213,1976.6111600248325,1894.3926524523988,1665.391194969477,195.63291475313181,195.60769763309924,184.09878082332347,366.8327576054792,362.8470953308587,361.96878828657475
39067,61.61579149080687,46.69516629151823,19.288993312119295,536.5972047380399,514.0780659377922,422.4843933161848,1907.9256818615202,1829.0973550173453,1624.860616718825,207.3251884664186,206.24673006468257,195.67317402157028,390.01450058034163,386.7005937876319,384.68655971130204
39069,74.217118285834,57.160615659780795,20.259821098517776,521.0604403330433,497.7428516098357,402.5945200022497,1987.8543590884915,1907.3084187290835,1673.8724712548296,187.24872984464315,188.26135294535925,174.19971558196744,352.88240696646074,354.4034131414316,355.92146807661675
39071,78.58990019448761,60.02986726625505,25.693065976816676,596.6602573070254,569.8385831768853,474.870962907187,2038.6961859775406,1962.5731620541278,1741.6798977532205,217.36334476754132,218.29608370758652,210.29367973198913,392.2438329825609,384.55084265203914,375.56973411508113
39073,74.82268081747596,57.02608472658809,24.860354809454304,587.023599779417,559.6523753180992,467.4587866519658,2014.963270650911,1937.7533342121508,1726.92175172879,206.28429106436047,206.8340167699649,198.94122721270907,397.21842040203325,391.4115334024159,385.53540557320974
39075,55.13734423362073,40.99001221509763,15.569880818952736,520.2215704380583,495.71384078759183,402.04230339368377,1916.7032319553841,1832.5927479981885,1623.0186913080095,206.33943984666092,207.25480407995184,193.76940944274673,398.98124695153444,392.91177642143396,394.1079905109296
39077,53.69055686023821,39.805849284552,13.742518816259281,480.4263426379897,455.5949597532948,364.0191295869258,1922.738166371892,1840.1979302172208,1619.5470588360893,190.71972104034708,194.80288173089005,179.91667232995547,378.91637442997535,381.30607623767685,382.07536187484357
39079,80.34622025333547,61.72745524909569,27.75832940637057,614.3072441539325,587.6144217836224,495.5246955585514,2049.3836749178654,1974.5192252955699,1766.3258592794264,210.16353686045636,212.012944715703,205.0590292578191,402.3584312929351,394.9428021219699,389.07153772688434
39081,61.08154332341401,46.56844026013489,19.16627734587322,532.5238287613053,510.8546650909331,418.12130854833566,1903.4022781743993,1824.5505861754039,1621.9081435302658,203.92500942978265,202.04959694383126,191.07411699602352,384.920181051449,386.61842814851593,383.0974043911925
39083,53.21626609298902,39.7576737254161,14.416737815616765,519.4255358894583,493.4390148973096,400.23703059751176,1922.74511230438,1836.4754621808636,1624.166213369464,205.97498349786474,206.4217709858719,193.54374671908164,401.964257273952,395.78912266010525,396.3934804107233
39085,43.46105670412889,32.46301254485801,11.715431849004087,452.40414293712627,429.564104592395,337.394366763335,1853.764171459674,1772.4274395058214,1566.329378551158,184.8035115952418,189.9200590504334,174.8504491301448,354.62357954829,364.91392797652435,362.31412327098224
39087,85.52358310973236,65.90248463452126,29.448235004571735,643.6704654618297,618.249536303404,525.8455233645452,2091.1605180021093,2017.3161742901134,1812.885755083157,205.7876985959445,211.03444990512736,201.80343778979994,412.7445328223791,407.8605426394369,396.2100879381035
39089,61.435397984070576,46.87355445708946,17.909368824098927,552.6346662195305,525.4285480824132,432.0958100568602,1971.7718112230173,1888.2628335811387,1675.5814756715165,207.27304985014038,203.4726581894046,195.511497970988,398.175631393769,395.0333356844839,391.8247673886491
39091,63.58248996641758,47.49373572324487,16.72262459742548,516.6944027985376,490.6858655388887,397.02377540352325,1951.5546191145102,1866.2163982587585,1636.5341215899175,201.46397159463282,202.91592556908458,189.62472147757282,381.24475429147833,371.72080454048915,371.69181514919205
39093,53.79794902227968,40.02674388327238,14.42021337186308,482.969163330429,457.3001405486789,365.7961771346331,1919.260742517724,1840.1509705162912,1623.361733455718,188.8967322205136,191.5658397543578,178.3584685384054,373.46144332032173,378.2016296722127,378.44190882773825
39095,69.50706957194367,53.367120854869334,18.60159262830781,508.11538463610975,483.0693188425613,389.4829219525298,1976.5039409962926,1895.9728425059734,1668.1375429701445,179.88166818194327,182.0867455231331,167.8880783795997,339.35677265664714,343.27616845459136,345.42513074234455
39097,70.18839861427078,53.11410830855101,20.367743470733018,554.9756955772086,527.5414357372754,434.7470426479966,1994.351776602852,1912.9005137076438,1690.8895173477588,207.045371551392,208.52022843017244,200.29992928062666,389.29409493180276,384.9214678486543,378.42616876436034
39099,55.43585695669954,42.20036755062243,17.07382320693913,492.9003896163222,470.12573848283245,378.4946957771791,1861.2539570472352,1780.1295463023391,1574.739363152415,188.63368918274418,190.11267574606188,178.30774939119254,373.5399691169926,375.4709530706189,377.0183445855801
39101,68.61464105452993,51.79531524584669,18.95399680403036,522.3055354806519,497.7866768306959,404.4878877359708,1973.0865531268003,1889.5809879997064,1669.3384207662498,199.19197426563113,199.75783929315384,186.81085350565746,380.82793651202917,376.14495811513245,375.81137571275656
39103,50.936874715632385,37.511700471020745,13.806800394038527,480.62945005791715,455.93714672312615,365.29696727172865,1892.1868782348902,1812.569150464956,1596.7488602403203,191.66879776909553,194.06496769031838,180.20568518855768,373.27855696647794,376.1450550070734,376.68345978407854
39105,86.38309896663037,66.54310769832853,31.5526500375269,608.5966991676817,582.6191747882061,492.65069267985166,2036.5684466912621,1962.419915925057,1760.96514997051,200.78675531497663,201.80523802620274,194.98435573463706,407.10319942451383,396.5571679336227,392.76474066900767
39107,69.16687843647242,52.471084636772446,17.99643903095174,527.3915190575242,500.9314815819879,406.696836873674,1983.8721166103805,1898.40408611719,1663.0785173136378,203.0812919097812,204.47546051929913,190.27061125322894,372.1333939051327,363.065863521229,366.36408772487687
39109,71.37209074668121,53.19227229851617,19.66139735456018,553.1883257419961,525.6118554008744,429.8578231941754,2009.0205139742611,1923.9521161599957,1693.1514850789456,207.219988354399,210.87644260103062,197.40206526375795,372.333648047128,366.7579647045219,363.19136790104324
39111,74.67978817227643,56.54521935465203,25.681045060995757,567.511912279304,544.8519173807325,454.84288910107716,1953.4842065766006,1879.1003699148655,1677.0574400970393,216.85747573353473,216.66521607837035,206.63704351245093,416.9386242885357,408.8537483661165,405.60130607550263
39113,79.73708225941778,59.42363413761618,23.05425091901215,584.8304426780694,557.1375722798474,459.74035920242403,2054.282821141755,1970.8480588241491,1745.7391196598182,213.27515710613716,216.2866792900856,203.70657118908872,374.0971715673719,373.892983500307,363.1441601024916
39115,79.08762047676589,60.617571263712975,27.81586991345255,582.0601830553568,556.9051735956025,466.84446906556315,1989.321287408941,1915.2399677337894,1709.8680211912215,205.38360376405998,205.65826801389267,196.00387479727635,401.8735039008093,394.3629624060541,390.9075061762252
39117,54.99431892514376,40.78888643116622,14.523057430306022,507.3915720328956,481.8604027341081,390.39840628963117,1924.1995156625053,1837.44244596088,1620.8468492861375,201.90221912595047,203.13848051784345,189.85469417669952,394.8778232158003,389.8518658350475,389.44053157251295
39119,70.52778310384531,53.951500739395975,22.640432392557337,569.8046174626162,543.824951820129,452.20461615389775,1978.982724867575,1901.196445255337,1691.982651513606,209.7097957379837,206.58481077144484,197.96431323679218,402.26912384812033,395.04814595208074,391.0607791852569
39121,75.59267552997346,57.7233283724378,26.23775479461953,569.6000595741465,545.8451627660934,456.2102045073642,1960.5050778970035,1885.4081471231123,1681.9634265382788,210.0709146795895,210.94576341691942,200.31559863373008,404.4404718429116,396.56577122538954,394.43026858867756
39123,61.98610066199946,47.6915861266164,16.127682064864743,498.1616525291597,471.03835083427094,376.88577758599195,1980.7600422711653,1899.5196190915879,1678.0343136435317,179.27782621501893,182.62806202552443,168.0737204043127,341.9550352517871,350.92666656235,351.0795456553587
39125,76.04379207426965,57.53907003819935,20.49139964654419,527.2168424221644,503.55934049302004,407.9863034078133,1997.2057857468615,1912.6971161458453,1678.5844215075463,193.4449463718802,195.0731397066766,179.94377253558355,365.8417648041566,362.7739766420895,364.2607368441921
39127,72.7617081298403,55.62763154572828,23.68504658253142,579.3914284884249,552.6660276217924,460.5549967470921,2002.04847486728,1924.2476040458896,1713.9314065022772,205.80937926697942,203.59400155716824,195.64283360155633,399.98756220218564,394.1665049549473,388.1024485959195
39129,79.32537026815524,60.01411190854994,25.113058572276362,589.5814740970075,561.7491039012532,467.69686431075877,2037.4061891026809,1960.8492213457175,1745.3556144520542,208.22111129196628,208.56814863674012,201.46605663017647,391.61357828277113,387.321296313319,381.08522706004
39131,80.26913610012194,61.46003429558923,27.183596018645943,608.1272181136677,581.5361178997098,487.9863301503692,2042.6224221212487,1967.831065915998,1755.0013531487516,215.30122747255137,215.60677076813482,209.8572902521038,396.94704389816724,388.9904535187132,381.821559981106
39133,51.853093270514435,38.761685665466906,15.015016771390856,483.5274597250782,460.84386187764596,369.04500947747476,1873.0503530175909,1790.3904050310418,1582.8716385757848,192.97824642248492,195.15169872849566,182.129669366364,367.7019667933181,371.6838085050596,371.37866515270696
39135,73.03966495461901,53.813669356361494,19.84967228245904,568.834167542938,541.7798852648373,444.90018023943367,2027.7121312220545,1942.3625452440833,1712.0761845662728,216.5182309336166,221.60280437229727,206.8439775970027,375.20102927935636,375.01617644728617,366.28388239795186
39137,73.64132094152083,56.46347650666708,19.95538071408715,525.6952652724389,502.1677773295929,406.5273178518963,1995.4073993336456,1913.501477618546,1678.050246801246,191.28596083823572,193.43180472031074,179.20667195902723,360.5229350016573,358.8751521639041,358.69034928967983
39139,48.64493162793153,35.3032181586485,12.375333414252749,481.586803783165,457.97563512768403,367.695019061533,1885.441555480938,1798.0391402217397,1581.8299434249723,199.56895684138627,201.99240347494475,187.94111457309842,395.0838275855665,392.2304956397284,393.1653907994621
39141,79.42779725088734,60.43355649590078,26.375524700449766,596.4872730033775,569.30306572902,475.93616198700073,2032.8041027302534,1957.97911728837,1742.9282492091431,211.36580770652012,212.41043626360843,205.34569576133822,391.2000101629253,385.54364775524994,379.500350184077
39143,63.48866559361096,49.24941334261299,16.77142828398649,503.1740401924356,476.9920435149879,382.7605644470783,1985.0592705353101,1903.8040869259428,1680.5783684514977,182.66853124901462,186.57913616466195,171.3578892147322,350.43234166721453,357.96777399704234,356.32022230718115
39145,83.8338285401346,64.51151433917875,28.720550896969776,629.8102203932982,604.2916122464142,511.02768046595867,2069.524288396681,1996.6870041253787,1785.9971057976243,217.69510486333314,219.28854973602398,211.7348758091501,407.8308116393805,402.9145134821305,391.23033114633785
39147,62.52276942226846,47.915008417480394,16.494256442623943,500.5688538760256,476.71628767909505,383.0917306167067,1969.877272402738,1887.706997230919,1662.0413067522509,186.8037177286015,190.85627344585401,175.82049809616433,363.3581205466456,365.33487402193225,365.1724721875943
39149,66.23213759539308,49.0981263755588,17.485490948240333,529.3060985563463,501.93357264126564,407.59640178934967,1975.0241563093514,1889.6000911190954,1656.0154399947696,202.02444197817027,203.72935121031043,190.87240478618415,370.7115708935145,361.88140731693164,363.9615101849116
39151,56.08035081770039,42.25658891580873,16.74948710814606,505.77480368469276,482.79319672536093,390.3576143322424,1895.079658491823,1813.922457014654,1606.9321470070377,195.442385008715,198.8136901619217,185.36703658313442,379.9369057164819,376.6581192663932,379.21568764621276
39153,52.7141874003688,39.350698163272774,14.96788562589821,487.8041194872718,464.27424994009596,372.5651449791863,1889.3598309748436,1809.1219009790282,1597.680303234863,193.64675851701926,195.7384004601891,182.30697212104337,369.80969060738823,371.844532625409,371.4082255533159
39155,53.63136597232767,40.630653842312064,15.871951848620967,481.01147000621586,458.4525218638949,366.6957261423257,1861.056258000231,1777.2699189577147,1573.6968043406778,188.20633265745676,189.93416501242677,177.2374290894926,371.99037006299267,378.62251667252457,374.86319837945945
39157,60.95405645635667,46.23846773204478,18.625627206656123,535.336802004291,511.38894413623575,418.31091159805675,1923.7644638281756,1843.3048134050762,1637.49239746545,205.81814676515683,205.95843482655488,194.72143228984908,390.15715551523823,386.3932278767204,385.36493092326185
39159,68.90875217691176,52.500364534954386,19.408751226136165,534.2697525428284,507.35363927698734,413.9838402693108,1977.3269996357462,1892.1386288569488,1671.969166574124,202.11762841795658,203.21823232312116,191.96056070593153,384.984211325297,376.8252904904492,376.6840274220099
39161,73.39646350960724,55.88349585955747,19.458260518520984,528.3067909265841,503.92955232433985,408.4427324920247,1997.8596464760424,1912.3236718039648,1676.9366685093814,196.7016014746132,198.9346783030615,183.4318797682228,368.97186642922816,364.2289433250829,363.3345980748674
39163,78.57111654172003,60.176743329401475,27.22785281701395,598.4436021360174,571.462715911114,479.7971807549141,2028.7504810527266,1953.2673715689677,1745.3079538931481,206.05977206179264,207.44840296650682,201.0160155950562,398.32644991450366,392.08576082654406,387.12397263583625
39165,84.37944074992642,63.03996653024861,26.332071087598916,605.7899953146124,578.1491880296339,479.8340895736889,2076.1872200425933,1996.6292558438593,1775.9213880315249,215.97293854793878,216.68226307089807,206.76117576799192,380.63607141247905,379.6007087975301,366.9164967376254
39167,83.39641344056128,64.19550916837717,30.739848306243783,585.8934229155545,561.8435479781116,472.1674506908588,1986.97740861915,1912.6173541462854,1712.6598735178486,207.1826487330764,209.15732766216797,199.67330307580255,405.7671532949392,399.46115064487014,396.13175818755445
39169,52.42226516263124,38.931540804538294,14.59075508117294,499.87528951983785,476.3043388025846,383.9074925258615,1899.654964677408,1815.897599159172,1605.015043721776,200.12008915604514,201.78585418237893,188.42049072610965,390.70631510842725,386.8573877447467,389.7346327790492
39171,68.63842248994034,50.47438296139963,17.681330331105464,506.5320059496192,482.62105678817915,389.98849117093584,1943.401066987445,1863.1945731818807,1627.739865283835,193.00704325777934,193.09399100798834,178.72211312547458,368.38286527521115,366.2145112375647,366.8834865699909
39173,69.47679161924617,53.834989694868206,18.59516530692352,514.4637898385892,490.10909349836913,395.30650119040723,1991.0943313286182,1910.3796181080113,1680.8062157342392,181.662032038841,184.47066542975563,170.75105703744802,346.306516436104,347.7731133578694,350.28061133066296
39175,70.49413406303854,54.003917625715836,19.405558458260817,518.7574586530634,495.796117265261,401.00213212826594,1986.5456349960186,1904.5073003919995,1680.0080891608432,194.09352463829114,194.35073832690153,182.56773651829627,368.2438696720587,366.43240212741705,367.16273154655426
46003,151.83254353602817,117.85828068301892,46.81972193707941,467.639240877874,453.3627457145314,364.74470773551053,2000.1005851467173,1929.7423406340372,1669.1142137599115,155.95895288962092,159.72594431226406,147.60655912947152,254.22698031242103,262.31111195502547,270.02859296205776
46005,131.13760602958988,102.38949953373611,37.49466039926742,448.43445804849915,435.6677732169868,346.16379061697546,1973.3860850113954,1906.0264281283457,1633.2568365312297,150.22335856726073,148.40497047874527,140.03446533052352,252.04866912291783,259.637301038373,268.55972916780695
46007,153.5176765190551,120.15670457116923,52.963451943243285,422.79623075680803,412.58407175413896,334.1179132197591,1906.0814670442276,1838.7514693304634,1596.7850934809044,129.62472582640936,131.4235750594815,122.98607246117778,213.45617906340914,226.06574437281216,226.73333490734223
46009,150.45635854771584,118.49953340806371,46.221628206975375,508.7497353107057,492.6012153687884,406.1400404574815,2053.448414439965,1979.919499510539,1721.5008585233143,159.91205413225788,160.43831999136734,146.4181079474382,281.3687378799131,286.55950575796595,296.55067244934173
46011,91.01259331556496,69.39652657712206,21.20510394346534,426.3232389926132,407.38133915751513,324.44325031386876,1899.6966061526964,1825.8403467193934,1543.4778349509315,154.0665620630278,154.52188873487304,144.47339719069896,293.07047720740553,299.01243896197127,307.93237910995174
46013,99.17334273584774,78.53806455031172,26.528021690828673,400.01803713864103,392.1861103805709,305.72162818132006,1850.3539428337856,1782.1217166623433,1497.8159543732397,146.66202375849835,141.8360858578339,128.12345318932802,256.99864260173143,262.0836026689741,276.70560828741344
46015,164.1990258966302,129.84652498859754,56.0621572026774,461.54805758629254,449.658475810974,361.5541854100812,1997.5630578832468,1926.5248991367466,1675.104172817805,155.73511876742637,158.1749228659872,146.88868157525513,250.34518515920223,256.9363939037022,266.62586128516796
46017,164.9590871805123,130.64924026516297,56.526335977465706,451.0814351259546,440.03590684230977,351.21320086779747,1986.9045020189212,1916.5940824188826,1664.6413231934087,152.2521724213691,149.228870493448,142.84523212075857,242.00033220955896,250.392001872467,260.71310772264314
46019,135.7636216395465,107.93782111410933,44.4731928669067,380.90758944493956,371.57444641392806,293.25312378897326,1844.4788923397136,1788.2259136460787,1537.419446126097,129.30717791968445,126.59258243038153,113.32689727682414,175.6150740823566,187.78175226971157,191.6556184436205
46021,117.65805559062096,94.47894103420067,33.942143904185585,386.1795926741221,378.4895902536462,294.02894591593224,1854.8105170190058,1795.1667951738514,1515.1064832455836,126.94867301926092,127.02885269774518,111.96851203061162,231.8410072110652,238.50439525976412,246.4582327332568
46023,158.59384065005065,124.35544819659818,51.00192870087894,485.3416975836243,472.1656086300976,385.0570307947365,2025.1629736327122,1957.3638421763346,1697.3461130869205,158.62905528555748,164.0844072902302,150.9136258761427,271.20739141883126,273.7247650321848,285.1003994333475
46025,89.48809748630829,68.94532839435024,20.89425230004818,399.89544682513275,387.58101819592036,303.6371974596435,1878.4417530837338,1805.8195480395466,1516.5796322818517,148.7081918148465,145.8915792191353,136.09683349256778,276.2313727636798,278.76417402397203,289.5023345808128
46027,148.12311093436318,115.69922567963422,44.67014688283386,527.833838691148,510.544582220195,424.089478046824,2056.568445170572,1981.7842982063698,1727.8150179213505,172.21751505576398,170.88648954545585,156.87899228901622,302.29370308999347,307.8060848330934,318.8501073322142
46029,79.72838221671454,61.919872611807776,17.432061309985276,393.29545140861535,378.5508202681973,297.15478810310606,1855.1321748008072,1780.5757948461837,1490.8254894908857,147.09330055753753,142.37654108055034,133.8365793687291,278.73729602530574,282.7014936025147,292.3408916824888
46031,122.71596974246211,98.13905812622185,37.5567785532206,381.00154486642316,374.1957674876533,289.2596794265234,1849.517591883538,1790.9287259523758,1518.1596097750903,123.5748032910714,125.88933350714774,110.15367388495429,209.07376342988158,217.00985542124278,225.8075853052554
46033,129.578070246812,103.64070922622336,45.007552579789106,373.67383520425784,360.0105382127556,290.37124658701117,1776.3069583209713,1715.9775053598453,1468.6586845620266,129.19786198985406,135.7305003330303,118.65557589959924,188.82796393378047,200.53487309969495,201.7353838257661
46035,153.75699672317128,119.14389861121795,47.14428441677736,490.4175513819458,475.3434129891778,385.267178820078,2036.3952508809082,1969.1660983888225,1704.886076252356,153.69921904443294,158.52250365420747,146.25904268095832,261.2585848272678,269.97392694799794,276.7027664699682
46037,77.04943835741184,60.29833569856938,17.284138708153986,379.4436500974206,369.09435718264973,286.4970358317515,1823.7906119909196,1746.4919932299927,1456.6450001408539,147.22330967892904,140.74402148099176,129.571959374732,270.4653377606818,270.9821243971036,285.3746284259755
46039,81.16062771294403,62.643218808088065,18.1330132185818,409.31446191882236,390.75445277750987,308.7982022480211,1866.069476038383,1789.8439674447952,1506.3649072380117,152.8828970017257,149.18020304977617,142.62498836369758,294.48415134452677,296.098392883338,305.21029049388915
46041,142.97791025147473,114.07715436783901,46.9158984328381,402.4472609872188,395.8950462023195,310.6425147932233,1903.9706646521474,1846.9553500474653,1584.9153866507472,128.087063897842,128.56869602615922,116.07141648500215,213.86043820950962,222.28077256373095,226.09225308023036
46043,151.83023996813836,118.58265252705091,46.74719333905761,483.42662589137797,469.392819878179,381.0880802431772,2021.1749781546998,1952.8363467324089,1688.9536569240408,155.11086794285342,160.12604708824182,147.9312566186478,266.9068719580853,271.69413923410764,280.50728836000957
46045,119.60692894276136,96.40575977195411,34.47014385590602,404.0533859020677,396.1849676152316,309.8285787112848,1870.6812985299698,1812.84014488285,1532.3752721252933,142.64430204099207,140.8267312000645,124.94111101862866,244.07457742296873,250.16578519120904,261.6613902829195
46047,175.60318467195947,143.22177905872599,69.64415912219678,438.03271380763,421.5268569326063,345.3665652300209,1897.615952237617,1836.7147102681934,1603.434173690647,126.73828525883559,132.977294599001,116.59856179307091,184.58365215033686,196.27060711615792,196.59354697088628
46049,128.45839980315415,103.70614872668364,39.065149404393296,413.630423408946,405.1449307659174,318.45598511746766,1897.437530573686,1836.7268282163895,1564.5325719886782,145.78771182897265,143.98595612701703,131.4328606128417,247.1771868861525,251.1879801949255,260.21031046744883
46051,82.0823006209599,64.53915772257307,18.819740558652228,405.21348262092476,389.3920987620874,306.6333871470343,1863.3323325924073,1790.3593780421575,1506.0802531021939,149.55863950150027,146.24448038426368,136.071110865462,283.7988521058695,284.60725825646387,294.4924991481088
46053,157.49064271555557,122.93875140598361,51.84042761960576,458.78894691038715,447.8580510247331,364.31474615051593,1988.9343864277275,1920.9808165272734,1663.6342012550576,159.37057815026014,163.87623875926215,150.77893611802182,265.7150988174097,268.8278946411386,279.87474590498056
46055,168.3381165788525,134.3802532457742,60.00927443256734,423.75511388690745,416.8167965896605,334.837736587032,1945.6831329899444,1881.0986744371542,1640.9381636578291,132.94200517295235,135.42677053487913,124.3680642119543,200.57552504906897,210.80243786072728,211.497277576371
46057,87.33818448821872,66.96431161355987,19.75942042049724,408.834553265354,392.2703292489238,310.43638166113345,1886.1284139860934,1811.273060331044,1524.9425726199484,148.8483938909095,146.81422226175448,138.467976604894,284.6259686907522,286.95617918597463,296.89938439567703
46059,137.93481575970796,110.4395100819559,43.04002103165913,425.30633744130836,416.04900167567075,327.6762180781239,1933.10910545211,1865.0681446100782,1600.47849435885,148.0453317796232,145.4290833967574,135.77769665009205,246.4599739530716,252.2693033955149,260.2761657583081
46061,146.94563446624903,114.77194250806119,44.48646304849085,501.26424021652826,485.45048581517904,395.00834228744975,2048.114472477569,1981.7160051120504,1713.8559817718203,154.88235051889518,159.10168336220016,148.20003634768656,272.40767077209296,282.2424258524398,286.6853568617546
46063,115.0137897684986,89.36497930004211,34.14002564340017,355.1235354055255,347.54147803233974,268.46637233173874,1783.7700528305238,1728.8855940967223,1464.9226084373827,124.62984501990343,121.69628971740735,106.88495901195836,173.86064160961874,186.77456739817893,194.32395371286736
46065,179.95717113963642,144.13603590088383,64.97360284607377,444.5989999012856,438.1407082144436,349.3114296157843,1995.7732719116648,1928.9843570961104,1686.3747136591678,143.66660227201254,139.19484220896177,132.7104004035492,232.18679288242964,239.40038286556842,245.43581024574186
46067,146.2675652992016,114.696952124692,44.30321945993099,503.6946733729854,486.6273523275028,399.7083141103684,2046.252436553442,1977.480187921091,1712.3645240807666,153.8360027513659,156.30353750242776,144.7374566977744,275.74779515450075,283.01298226207916,290.2698256264045
46069,154.2534321339452,123.50404556895316,52.20717031551508,426.81140507502306,418.89060154288944,331.3428661347813,1946.7023144265636,1882.1316243981405,1626.397970740331,146.22430216630792,143.51785664111353,134.5487428723306,241.11505517330858,247.39927962050825,255.34465369449313
46071,175.59144347089827,140.92655918327506,64.95809615888405,441.12421263864445,431.68302041694506,350.2678496265754,1959.663115031623,1895.2779372223654,1659.7935509247425,131.5304988907387,133.81849531021317,124.02320753159344,205.78195789771945,215.44936289615634,216.02383636038394
46073,142.1166741426984,109.13934115927654,42.20150795432692,447.09097365258083,434.1011877334646,345.77197618306275,1970.6001250883473,1900.3077354605575,1634.3371689939208,152.78512198634385,152.64235335937946,144.55824115075015,244.74550248085865,254.6141826990676,262.6109123610207
46075,178.85718451225517,141.6242980957266,64.80060138630793,443.07943038910906,434.2880919664973,350.65457905906806,1985.3482645344804,1917.050910735155,1679.9103207446067,139.13712996019538,140.85443664217308,131.32222423647278,222.19947436871107,230.01707126931925,233.49191986968307
46077,102.93694535612977,78.00175000096563,24.893745358178368,430.9430406935476,414.953737752627,330.3193198415307,1929.3698976867254,1859.614439738464,1574.4156608643325,152.1641539182695,151.238916796443,142.90447038891523,278.2617109362633,282.9250260096522,291.112470273692
46079,101.22234644265124,76.0297625729053,24.179902849654816,439.9689118350081,423.05271688235945,338.0145587878043,1933.1226609455534,1859.8494139567526,1578.006086092379,155.31152588828144,158.3780880087246,147.4334021386655,285.87369206943606,295.38603443551125,302.95429307664756
46081,79.38910672965766,58.73027499671664,20.46964186324349,294.74601763786734,281.78023440580296,219.4566223228688,1618.2858990074178,1551.5719934258045,1290.5810915401235,133.0337281194333,130.59743390833006,117.01069020234824,181.17062852473384,192.93051463785974,196.95892996656397
46083,121.70914692550073,94.64498429209766,33.30919113845738,495.8433054286872,476.5743760302056,390.9469372384024,2000.2823767329573,1924.1711323661245,1656.5420498649673,164.81634793509383,165.6370690232191,151.8784433031604,303.5439056635634,309.89899438278036,322.74738434486363
46085,182.09390162850895,145.65255588617782,66.83483814812412,457.07983352827233,447.812743557288,360.6557301808044,2007.8447147675038,1936.7128602285152,1698.2784675190942,149.58802088842378,145.41861910602034,139.11331567557704,238.31967982211276,244.0297122064563,253.4686769751958
46087,123.77586146575143,94.42069048750115,33.57573719821992,476.6873231068301,459.99847699088957,372.3681862552267,1999.6383952923402,1928.5135207279666,1653.6426819459855,154.83967436557083,161.65526763281747,149.24112708755484,282.9536492139663,291.46930258981604,299.1597773833991
46089,107.85690232856484,86.1666898159189,29.368960668873576,389.4578505561324,381.49211086425925,296.3490265531769,1836.8437770810356,1777.4332485353184,1494.2175493899415,138.5087559622156,137.19437669793166,121.91229322320919,242.71369042506294,250.3613858023601,261.51354030130244
46091,75.20011802516242,59.60578648432879,17.777679565752408,377.3063219595488,368.2964466869296,284.5613047527075,1804.3871019221456,1728.6524287704985,1440.4343931459257,143.81887329247695,139.61637806765893,124.76298003627304,263.8764074116433,268.0359089321322,278.2299803131053
46093,146.95062727158796,117.34399984380391,50.216722086817676,398.82509603837127,389.5056468502127,309.5199649830608,1888.8209848743209,1824.7372331837062,1583.4781998980575,135.18006295031398,133.09911223540968,121.55013377858602,188.669637009921,198.8348302285404,200.37225805157806
46095,178.22376767681078,141.72509918946537,65.11177318177182,449.3284553610958,439.8484956710792,356.8978988844636,1986.036586791064,1918.9158355714505,1684.5529194621818,139.15346391196024,141.2185497593647,131.17945148519706,226.88687710743957,233.00773084361077,238.58134191867583
46097,125.17999919753211,95.24325989934414,33.92945660969215,467.26737184630076,452.29060837767065,364.0112040379107,1992.9600564779048,1924.9835344793705,1647.847088961229,154.7710505599639,156.82269344235993,147.58657754601066,274.95213482434866,283.2770544811414,290.5813854842998
46099,103.14974245945162,78.27634667940649,25.908420827481955,456.84328959269243,438.2800360200937,351.7683981192917,1952.1131192272478,1876.0902610934543,1599.9310037584144,159.72080945235035,164.23942657950496,151.0738707860356,296.22661078826815,304.1423446413771,317.4418883728821
46101,93.8012158693776,71.44392792244498,22.540281045291216,438.4238092530808,419.547970007151,334.4991214205885,1917.7263709322858,1843.2237244267308,1563.5324044184028,157.24342303966472,161.30704778880522,148.38321349992322,297.7573058517454,306.1161202019852,314.0757460409594
46103,136.74048185351253,107.57248997387595,46.847777434437596,379.7230072249984,368.90102192564734,295.3112021581091,1812.8237876975709,1749.3080302819556,1504.9586068749686,130.24800079768394,133.9927714077655,121.71226439317074,190.65925913348943,203.79458287847592,202.94228273103943
46105,120.0989160343235,93.23923730951651,35.96220905271143,366.42392121431016,360.86654236671944,278.19194772785767,1822.9282465492392,1761.7483441135187,1499.153963218921,127.40198590562882,129.86511523795463,112.26500505441167,189.99578938080828,200.22251478113685,204.763589219254
46107,140.8182325678543,113.51041390772585,45.23899609383806,408.264318311839,400.3307376000425,314.8753415049106,1911.47971899369,1851.7071515957755,1589.5247708559136,137.36592279269337,135.67956957546477,124.1145081309832,235.0423460493083,237.24870948612096,244.8116581889884
46109,77.95254068423812,60.64638987757813,17.905639517133924,395.09057695958387,383.0494124012713,298.0448455049982,1842.1096912847474,1766.0567467682467,1483.326409004637,145.2071251991344,142.24664920952603,126.8369180480775,275.6108274954368,276.6063877636076,285.51714891076733
46111,147.02115498551308,113.64591286458597,44.0395528912788,480.95840888511503,466.2635329801159,375.4838331870102,2025.2728890997091,1959.2758527475519,1691.1354096655905,152.9975369734435,154.72890778894526,146.1627984543183,256.98667016770736,264.25105438671443,272.6363476907357
46113,170.97347204507597,137.00595767064237,63.281829057344154,440.2964204159049,429.77182633900276,349.28062454240137,1921.5675535865025,1858.0351254084885,1621.2018391267654,126.1416177721489,129.35392665242398,118.54709243148031,199.51850441231034,212.88702570384038,211.63956029965138
46115,112.92375540618347,89.96058337595083,31.15303807099615,419.5377231349262,409.76499698771556,321.62994388938506,1908.539924131967,1840.4197629461785,1561.8547230902275,150.2446339820467,144.92157806077552,135.76841658349082,260.1215978224971,263.3616792601505,274.4015819108431
46117,175.68063577183943,139.39419343665222,63.09404676820068,433.64452063131023,428.14635868086,342.4211251884979,1976.8935538033159,1910.7737556684995,1669.2615018718134,135.7901233990472,134.75554718709083,125.57951836645961,214.82255796343503,226.00146512304946,228.37601904222456
46119,161.3606433413189,129.17129718908632,55.715561867900405,424.72125636279924,418.05394212296085,331.6203029354381,1957.2506349149553,1894.8974563351044,1642.5509805335648,138.52348407656893,135.43385099526714,127.39579732882244,231.14802623421556,236.7752333753952,242.37142490895772
46121,157.21370509827406,122.98751067503301,54.17816188999416,431.21816353536667,422.3212189347103,340.53828518135447,1943.294485117025,1873.0790484255874,1631.3573872584425,137.71307458798577,138.93912607118926,130.8452414403058,231.55696696625392,239.79966462425196,247.40040492627176
46123,167.61831615440184,132.45671152422742,58.99109948526516,450.8029610928126,441.6415224012975,358.29313951149277,1987.4584609231213,1914.8575594346798,1669.5684562297677,149.86634939065817,150.89106104334627,142.2722996136678,250.669530226606,253.58410438148002,260.8585789329744
46125,132.18435719855373,102.94281716910814,37.72397792699569,498.15950890997965,480.1793229488805,394.2950717482164,2023.366191655284,1950.6737726917022,1682.263689043491,160.57391413166135,161.62407695976862,149.20645674752936,290.3070077533888,297.7606575972654,306.977050508246
46127,134.55153774461297,103.96693175262138,38.359784618010515,522.2422961380826,503.69692363006754,417.00836645124554,2035.0486737082974,1958.8726291246894,1701.958463996826,176.10781219003982,174.43782290590053,161.04267437496304,310.5803230245251,318.9443252244998,329.1775043355494
46129,126.31680441331312,101.55369966354354,37.8823078717057,393.9513448266394,386.1544807469385,301.98759475846725,1874.529815772804,1816.5804838439083,1540.999443207563,131.39475945129817,129.8411546379536,115.28247608133381,232.6126772974531,235.67794418540834,245.0531624625374
46135,149.4648481054591,117.52886503736067,46.04271639131629,518.2778405455382,501.161415346019,414.73017662038666,2058.7743574479377,1985.1519570223427,1727.8773255437416,164.7072837710296,165.017263966479,150.7578282399542,292.4200009507215,296.92632168995766,305.3467688360598
46137,144.45256181028822,115.39874138343112,48.97954832121706,400.4991237215912,393.3429520419914,309.6337750079716,1900.4267314217027,1839.0701889730458,1588.7833253101169,129.96404021920182,131.79790968759627,119.27190728546123,198.6901691426596,208.68450731166732,211.55738044103137
55001,41.296925992443306,30.494470402615576,7.449697512194822,411.882081234439,393.9341904152923,307.43961152444064,1770.1753471392763,1706.7144132793505,1441.391713828392,193.59975873633917,189.78497506614607,169.1094348703001,376.4089659366588,383.6498418285583,394.54828814342557
55003,18.63036471322804,13.309477507184743,2.6901907708915678,300.68959381116883,280.8390471343043,209.65648536951167,1541.6435518906733,1480.4141450572988,1216.5171802455322,165.33934473276085,160.08741449032647,151.80347574944503,362.16953255445884,368.4105963690839,378.1242493146878
55005,36.35080888490043,27.846718801991976,6.979500618432536,396.24894174125063,377.5723472143087,295.8065404356328,1727.345516372266,1668.3962026875174,1396.5932175266032,181.5578533598024,175.325880299229,166.202664898378,379.21845234224736,381.1473672299027,396.7808120900023
55007,17.057737353084924,12.127539481487954,2.247622596836759,291.62332855628625,272.20927687880874,200.71149744428635,1539.3206921738497,1470.786434766141,1209.0894726376011,161.05584144502433,156.80971220167777,148.51374264657642,357.2076638434054,358.77938169582563,373.69716038747237
55009,27.58223040876195,20.929791882645585,4.1516340623216035,377.638332642,350.54189852270565,267.45505451531545,1760.450150432116,1686.975491174318,1430.6285103625137,165.8850417153554,164.14602804477656,149.06754048527213,333.02998562441906,337.31018607362194,344.2847287212486
55011,55.080337092932226,41.31289437139479,11.347951181956173,448.149435527129,429.44085489833697,341.405839203574,1865.5905025032466,1798.2556137613603,1524.821351939749,193.88849443330764,191.834597843211,171.83141784502965,387.0161560060929,390.17051032308484,400.4168637209766
55013,39.8092640559955,30.40444022625432,7.69212255560377,398.78154161618534,380.1532310429119,296.318127212333,1745.01876919028,1684.6696923287466,1417.1951517802859,171.0815714592801,164.9855287266872,156.3810713029737,367.29459515109124,370.79751599539503,386.6090606382432
55015,31.92760932373462,23.74833341213245,5.262474500659809,394.4135449305712,366.8765899531255,283.0177575704259,1810.760216932565,1735.771639677649,1478.54248710177,167.01367222815247,164.14192404499084,150.53840797624844,337.6843893383167,344.33095655304385,349.7792874415184
55017,39.115175475687714,29.991479557403824,7.577042633340535,404.9073976426515,385.79753174585574,302.83595503129766,1760.1920328971348,1700.5251235006483,1429.0700303482288,189.27532254706125,185.69008027865567,168.44629826520043,388.53482235404573,389.6799312509619,400.65096905154644
55019,33.44332700495909,25.11375590913307,5.983591595555816,389.64483618579936,372.7116117017284,289.87098096531633,1728.2688677060553,1667.7556257915683,1394.3442476837115,188.76042014139207,185.56380267932528,166.7398125798599,390.82055882671494,393.4081149810778,403.23060475086095
55021,45.345196815235155,33.43665427836986,8.672535490839294,426.80531263836946,406.4314313296221,318.2461229373239,1813.3283710406354,1743.3167519711224,1487.4639744827832,192.1048011611907,186.50280035753744,168.36624799124687,375.87946815292156,384.15526490985997,393.7844377616333
55023,61.21366097437421,46.1441333170072,12.706819007717419,475.2394437625045,457.3521508543748,367.53685336926526,1907.1791422945364,1831.0051166763121,1571.7108479763385,207.35786607678583,201.99450157266193,179.17323060733105,391.58874581315024,389.0982226388661,400.4005047133856
55025,48.82695268838719,35.31642297010808,9.61557842773682,435.2484282988039,415.00782725612044,325.6968246639852,1831.216952751825,1757.5566970640998,1506.3231039330262,197.24803793781294,194.63955344544289,174.2846112802172,381.22783777448626,390.26589024223813,399.3885304479052
55027,45.38662240063728,33.52528083921447,8.905021325605421,425.22871358410714,401.70913153142794,313.52492747622887,1855.996777638423,1784.3954361256772,1533.584727271729,182.9333227589606,177.31520041680193,162.09356664868008,367.5993083152986,376.9024438167429,382.7601326977707
55029,24.147503501479115,17.208156812978686,3.529597234882187,356.2847654756464,327.84092211023295,247.78331476222223,1694.432261761122,1628.7021225958783,1372.6420817054513,161.24686341722284,159.3559396286049,146.10790163704723,332.16682565874623,332.82656222770186,343.50346207069003
55031,20.393923288331365,14.842797391143074,2.960866791926755,320.531972518822,302.3153189674243,224.4056150582349,1600.5329415604915,1530.8646739477388,1265.745005731668,166.40183596280482,159.10446297736127,151.9753801803309,362.5327758081145,366.4048344725579,380.9036746649346
55033,48.941978078545745,36.867372002610395,9.991229133668792,431.1542908105528,412.723377794517,326.163522363607,1815.1138669361876,1754.3256881793004,1481.633780849143,191.49996691913682,187.76648651647642,171.66104225292526,384.5514916300223,387.74846902480357,398.06881134645516
55035,44.5674186708177,33.81271513055829,8.983656936162848,423.31216130021056,404.9442106489999,319.0283324052329,1804.5379332865382,1742.7827450270865,1469.2233663940228,193.5893074664688,190.76461784858128,172.0912937505428,391.32639915558445,392.65580464019615,403.76558489252653
55037,15.590747391573228,10.525440870690481,2.1387043896389053,310.79002613100585,288.46736590180234,214.30448372595052,1496.668773219117,1431.171019602841,1180.869806716164,163.4582281502474,163.68971721050474,150.35034803138979,349.08447778318435,355.18130983922737,356.89913437730166
55039,37.33037105109843,27.34692831977311,6.505774062033689,407.0626611849025,381.987021981265,296.58480533231403,1830.6425231896308,1757.1315726394234,1500.2334459861759,172.6110139684527,168.41276412816103,156.0558395541585,347.6634122616403,355.0872275767084,364.7065330110894
55041,13.230535823337338,9.157183765443303,1.8119234832959645,301.5695142768844,280.50586212131657,208.14635284368555,1459.3631156997908,1396.3045937794955,1144.396839297441,167.35307558364585,166.65806967622905,152.60124027280017,355.3797406827008,362.0231239756226,364.34509659471956
55043,58.91714550183876,43.43322876777861,11.616363240084196,476.2569673450956,457.31298103798827,365.69527389305233,1917.9852894599394,1839.5310190432633,1581.0187610212936,211.70473580285642,207.2495696890243,185.91835023583968,401.76350385575836,397.1055149486646,410.06867916363024
55045,53.57945584961321,39.467925218492084,10.92301026579203,449.7178225040079,429.75260213145873,340.9808082773333,1864.2686019982743,1786.73104768636,1537.5381374518429,206.68981602016146,203.7163547164592,182.78231619226173,387.3399456746773,397.44049313645354,403.98777992009826
55047,44.1703815360846,32.778246155302234,8.469820539416864,422.1076633687915,400.2920413998407,313.37088955575115,1817.707474033085,1750.0071387894325,1494.4840984079701,183.33674877851269,176.90422865712736,163.20074339446597,364.1542433936926,372.5444609951672,382.5492041076914
55049,50.78442904051509,36.029394563596895,9.518832016733834,448.4545655939106,428.66995690725355,340.0661254151703,1853.7084095090727,1775.5584138517527,1518.3103795289887,204.27165119772022,200.65610546451165,179.25785012377824,393.9042734511805,395.3526774220576,406.69339854560565
55051,14.119056007870839,9.512785915237162,1.7257186757861462,286.0809072776117,264.6851158031228,196.78507079084378,1475.5230495635988,1416.7597601746652,1154.2327768856362,168.70133272026706,164.35907884043888,155.03400361632993,366.8471980299081,371.6560703780057,379.1881673967752
55053,45.986627325696865,34.72146957747991,8.97417237508434,428.67535751232833,410.78842415435736,324.36328181683126,1815.9988177185442,1752.3518999637422,1479.3808587929611,193.03454312639278,187.32405842308953,168.32616145504386,384.63803435408937,386.83452764767964,398.4235116343956
55055,53.02378483735957,39.42695456286976,11.48437522726627,443.2382924328848,419.34153755441474,328.29003938779385,1883.6998231468992,1809.2349651764277,1563.6761097260041,192.34972868413766,187.89966348599512,170.30127061861876,377.6875354232521,386.00949566690906,393.4530860038195
55057,44.484516143250374,33.248241570301495,8.237116800049726,424.1294370600851,406.1145907415005,319.5072282556792,1797.0032881402738,1733.645045464326,1465.5229228208764,196.22336759956755,191.59836180041412,170.6461300584725,380.87077724434005,386.86851778223036,398.72797402536736
55059,39.45679426496964,27.147377804330212,7.236352335197189,419.23246523757905,394.0701292926981,304.17333241598146,1897.687504816738,1824.576138503362,1573.0921652670409,198.96982960480574,198.02925304760964,177.68426873460433,358.54251354621374,362.7916381779419,371.1145896302555
55061,24.891874003013662,18.457875897256667,3.5602925626417985,364.90755297281333,336.4920595132527,255.22801686565913,1735.488876690802,1663.554968033263,1410.4924882254595,164.29791732456468,162.37623193663518,148.45460988464316,326.90927762629616,329.4713555376585,339.22766998450817
55063,57.56983831693801,43.204768606111344,11.748620387530492,460.14137612903386,442.45357000635096,353.9235676651964,1882.7868076674472,1814.3456834861493,1547.6836719851622,197.66779499449436,191.23627651831055,172.68996152959548,382.09398537059917,385.38566758034756,398.08355278049766
55065,54.92681215874851,39.53529867421165,10.619092379204105,462.5792665077209,442.3314915386469,353.57132273418216,1887.4859548867473,1809.5209997629543,1554.5287159527966,211.1011170577148,206.9567656412922,184.06820353584902,396.6354315156069,399.43383056646303,408.2456649518168
55067,15.470587024521212,11.248623843541832,2.2749749061886253,317.714819196298,296.4709773814638,222.34107051838814,1507.1631217236106,1446.9543640122156,1188.0762832711264,176.24059260220966,175.8960374770903,159.6029243321031,366.7848638034107,367.7512714442435,376.6159236913221
55069,17.474786776594556,12.750053582864783,2.52432683448057,321.11818440101615,302.53527681077213,228.09437264831746,1535.1687574604007,1478.006495371529,1213.0975325624274,181.64532718318475,177.7216231260495,162.0141689490789,381.9019434234807,381.77991532827485,393.1713403862216
55071,26.654434288212588,19.571614928868804,3.9373536150315056,375.9757513149767,347.3359561903719,264.8146842023636,1787.5346036252365,1714.3758899619904,1458.0862219873818,165.4715484040669,161.58566893143404,148.408562120643,327.01103020425785,328.7490419466361,337.7353430673606
55073,23.865459232626623,17.655684700042304,3.7525148969832878,353.6343520638458,334.97809662454046,256.10450902751893,1622.569823257592,1561.152142248863,1295.5180414092565,186.98815264632756,182.2808641203032,166.81618584342831,385.70362775655394,388.01828142160696,396.2840534677194
55075,21.885043396098524,15.69815133705697,3.3766380502420468,344.8052922811204,319.85125671317945,242.4732525106824,1624.151444673033,1554.4182603556728,1299.9105784062572,164.6101327491531,166.61633254285954,149.88787055795282,341.9773064748869,345.38029507135553,349.08666992561837
55077,44.73772984056696,33.47286716295844,8.62220924907174,421.9871902485881,402.65597541549823,315.22941690385835,1801.6719968414,1733.61338410119,1476.3758829709946,190.40363136667253,184.8107932622149,167.7435482660688,372.7145523560148,379.7748471309951,390.8222338356563
55078,23.676141167280623,17.671591473765076,3.843744928491733,355.1125704113709,331.602493156849,253.46795291977833,1619.6370419545506,1553.3189907258711,1298.5075071790366,176.02398558285117,173.44326275181479,158.35066893460595,356.31470502262846,358.0523585386517,365.49360992117084
55079,41.64016197954957,28.82562479752039,7.7956428798572075,421.5538998026785,395.75274163977,306.3171616941301,1888.8485213962817,1816.3346197639808,1568.185568754361,189.69368282904185,186.91255116035882,168.20183371006652,353.4826759931278,352.937452092876,363.2386927397887
55081,45.80557411906409,34.19663346653344,8.50612523396877,430.92254285876834,413.32471566976363,327.07012800167973,1816.1028601363698,1749.5039721408436,1478.606069028309,196.86577823296403,190.23200579388742,171.2990411886842,383.7251795681891,385.71029104144674,398.55402578215103
55083,24.478208530863082,18.320684669672687,3.787811101340837,360.4852132411745,335.1683011459983,255.98583000423187,1661.3870125618141,1591.6094185197335,1335.8230664016198,170.48615438736795,168.11280036436045,153.62489595207325,344.9531889646988,348.8055944241591,353.83819810117177
55085,13.700004494692298,9.729477609592594,1.8687376117834558,297.20646142436294,278.02564709003525,205.86042002398887,1460.7982731254847,1403.5768853095965,1144.2323451730185,174.1448755556973,169.6824038222656,158.63806426184874,369.0181329798364,377.00960268758035,382.0608913586439
55087,33.83206720211278,25.32990739417074,5.854869104454288,397.00144022412,369.34544636472725,286.0929113590935,1768.594749538308,1696.2008444212602,1442.0779088615125,172.32152058052503,169.92007172387147,154.30150048349736,346.961371202279,351.09710772487205,358.38496858175915
55089,41.72229253974943,29.899435952294898,7.8591503124703355,423.25861887049643,396.49965620905726,309.14409965510833,1869.4797610108842,1795.7175093228532,1547.9416221003426,179.94872461195553,174.0486371100218,159.8328150579511,344.2824128366675,347.1908402092892,356.44820663633055
55091,56.52328540059941,42.682562390694464,11.961541737173679,448.7528901350702,430.02099036262433,341.7895199988994,1862.0995011795142,1798.274038141601,1524.941421912346,193.9331745518799,190.81217176030378,172.9031742849558,385.8153448198768,390.1943353698824,398.19686201762914
55093,59.440533606074624,43.96458721207931,12.614454913760142,450.4788645512093,432.7089735568551,344.21105568550286,1864.6722919070405,1802.1005149289304,1529.4105053911774,189.55128861548528,188.66823691074399,170.37571725244294,375.37993221993474,383.5540695524802,391.05505771848823
55095,44.945432536717405,33.940090273955136,9.174448327391584,416.3900511716282,396.8629170046583,312.42314716574884,1779.0281925043105,1717.5476093502446,1447.06042392425,176.30164853847168,171.8167867089966,162.01777994772118,371.8454323433144,374.65057813590465,389.42265422854865
55097,31.413217169705284,22.805937212931497,5.31692796336918,380.2900739169478,359.30542763530184,277.1506050573772,1688.1767909600858,1626.801180872606,1363.9015619317752,188.0944585039546,184.6483105771316,166.31052559905086,376.50444275585426,377.6208665132941,389.31040651940765
55099,17.48795118207815,12.750265040032703,2.5117269076831,313.8004281783414,294.3907103370549,222.42892272568128,1540.9135230904187,1484.2640409337328,1217.5759281907253,175.38971854223922,169.18932289763873,159.6636785342206,385.0752916196,389.520300221714,396.12087439522486
55101,39.93341041735236,27.554494653820104,7.203144907731416,417.5430059135539,392.0044924527585,302.39703225527217,1891.5543559545272,1818.725683131608,1566.7825549297656,196.2769605422971,194.60593524962943,174.50052891459978,356.69621276546934,360.1744097870314,369.43882789409406
55103,49.95142030610667,36.46880138272344,9.41677082980399,446.60589156761006,428.2388256100852,340.7829380725675,1845.9313049055368,1771.1192621232763,1507.9962160759205,202.6153494876386,197.2885148404231,175.9565156098137,390.3238914900418,391.60492098522604,405.13506065908433
55105,54.97422036773994,40.9211766672983,11.850109728153836,450.90676922105195,427.24928860217506,337.692976992653,1877.3361973757933,1800.9500087933538,1556.9382314602167,203.07369894013976,200.0176084360841,179.84945077309956,382.2712126322514,390.1072552190534,397.20791867723966
55107,29.165432688033757,22.272707940022013,5.239035032603963,365.5042568895233,345.5840197433173,268.5288281373544,1670.7177471534433,1612.4594088609301,1343.9133169870865,177.693317667823,172.58417471529793,161.6205548177789,384.8723248873402,383.3697574531396,397.472243864975
55109,53.15105233154259,39.131153416944215,10.990156659560052,437.0304917902341,418.63782599852686,331.8627487605258,1831.1777428637815,1769.5382270084915,1496.7782229913232,184.63511285630017,182.60381518235187,167.81380473956892,374.5356541106031,379.4558998380511,391.09931518209567
55111,45.17350976507419,32.81459374839134,8.282553363993754,429.9819801988807,411.53745225747605,324.0167617066339,1809.1676558113782,1735.8153962900942,1474.3423550263853,199.15455130178003,194.93379649216476,173.7240338756709,387.1050103526228,389.9704745941612,402.7946403797017
55113,23.088162475514576,17.283074598326927,3.6415344259207414,332.8569000972378,314.3048711406696,239.16728040420602,1606.4026680087832,1546.6021152919607,1278.3499190016703,169.66832445964178,163.9003533608293,156.63926375309185,373.30317541374666,376.8824335870584,389.9672549022837
55115,27.115106233948456,20.10866017283406,4.495243964819497,369.4832831106279,344.61631842233294,264.4077132430895,1663.067328034061,1595.1529770494421,1340.7352986447054,178.2468149383113,174.22834048344083,159.24497400098375,358.5883099268809,360.3364979498427,368.2321656716674
55117,29.576404462216818,21.441829560740267,4.75642823270071,388.9798915767121,361.35010953596844,277.4521303471405,1823.64933698251,1748.4749181143204,1491.4145173714926,170.68063558138982,164.9522458347225,152.99510259474215,333.35956121320953,337.4800275757945,344.7898889154517
55119,23.157637977597766,17.37079437774535,3.5476142617472832,346.6950881147728,327.73646342305767,251.9092519395519,1625.3022456208741,1565.4754242839674,1295.4649902955125,182.46301816673105,178.06040021945708,162.00668542584756,394.30024571099136,390.1721884428869,402.6237029278572
55121,52.89655516441694,39.93875313033328,10.764183745987797,446.158019118446,427.15317668566723,339.64994633094307,1858.8574668303768,1792.1331022102627,1519.6595245069036,194.15878811127243,189.2828530749874,169.90342782112003,384.72470929595,387.3137527841217,400.07975077627503
55123,52.15182852406376,38.63302610301989,10.203074524992385,450.3815816443301,432.9396989979509,345.29091028692983,1854.848917425445,1783.7973489094707,1517.309016920021,203.24717930887186,196.6053477073501,175.07508805515812,388.04199152852027,388.42791987593307,400.5475983290059
55125,11.848162750180872,7.9812697164865,1.4058242616907821,280.7714477240975,259.7426809332247,190.94062267473956,1422.619666687162,1363.1461735568905,1107.3264317454664,170.2257823045145,166.97818915758614,155.7869797578201,366.70792132503175,370.7887811457948,376.5187165135368
55127,48.775634822717215,35.3149786675778,9.98871662745081,435.1297597367902,411.05654332156854,321.4715777594006,1882.9059722412305,1806.1520599208386,1559.4854501015138,199.75229293363287,195.4471604100109,176.10369305319892,372.7101272636912,376.45594838354566,384.43541368578224
55129,29.616384705166826,22.80660171094893,5.100377422074516,368.00946799935844,349.14876112164393,269.40331222804934,1673.9485176441515,1613.7119422827786,1344.228274381003,172.05441103573935,164.05469174092147,157.1120924918804,371.6820912788742,377.0823256286712,387.7593308174077
55131,36.708569465547825,25.846590233278278,6.2037817347917,402.81093058980133,378.63858653739277,291.9966377304603,1848.3392337879548,1771.735037190131,1515.9820471927565,179.20667284322636,173.78166944014535,159.75548283052012,350.63487032250123,357.1877344950477,364.0356654203715
55133,42.814919560469704,30.148632124017166,8.074382538671262,417.9882617354553,393.2810104667327,304.00962862575886,1879.1626910497173,1803.6091404363608,1549.1451307886027,188.84335321010155,185.638255443397,167.82641434411806,362.3142330706047,364.9887586502261,374.0067410072933
55135,35.09058068739053,26.0971605299484,6.453101418435648,394.95189495649123,369.71550776308635,285.942558141438,1729.161332725266,1662.4942505669503,1407.7274160421634,180.99131086421923,177.9738712903648,161.80197627179072,360.47897517174266,365.92086716525586,373.48860217060354
55137,39.68097052323297,29.14732122099191,7.254684490801357,406.4009959922365,384.95075123930735,299.27247101422165,1767.492594952401,1701.5764060766876,1443.7085692582746,185.55714352984577,181.17146624720993,164.08358490712078,365.80322863778485,372.9668899260822,384.71616266091735
55139,40.91254082287972,30.34106426968767,7.5911275095506925,414.9400379787627,389.62740712599634,303.20882349385676,1822.79574148834,1753.759475151961,1497.4536974982482,174.34453373649927,172.15724461294892,156.5492747967179,348.65509371284804,356.794775945922,364.9254965814562
55141,35.57417616947028,26.456075677051434,6.313939899908613,394.0011437838708,377.36477890585684,292.3947798741191,1730.924189962657,1670.1934795412594,1401.4113173400233,192.17884703627496,188.23956240493553,167.80558568753474,385.1156302999532,388.44791980813517,397.68388800279916
