FIPS,EDD_ssp585,EDD_ssp245,EDD_2000s,GDD_4_5_ssp585,GDD_4_5_ssp245,GDD_4_5_2000s,GDD_6_9_ssp585,GDD_6_9_ssp245,GDD_6_9_2000s,ppt_4_5_ssp585,ppt_4_5_ssp245,ppt_4_5_2000s,ppt_6_9_ssp585,ppt_6_9_ssp245,ppt_6_9_2000s
17001,83.0938593466395,74.80407442960288,40.54823042132465,577.5493599648692,576.2403392166194,503.067676766215,2011.5890839310075,1986.8464505842603,1828.432131895725,222.85472989293598,228.78746032408557,216.66795374592203,390.4342694250319,401.8398583079503,402.17134647587915
17003,143.6297596729808,131.3647457365058,83.23374856564125,720.9674180516143,717.912499918218,652.603940082924,2175.3519312747735,2156.414912261926,2028.433263610952,268.2370942458998,271.1595543776572,258.78834597675524,392.721850007659,384.78215940209554,390.845038525834
17005,100.13419509993243,88.6298100902392,51.35751753995927,641.6544966994379,641.8646582871197,571.6662938905993,2099.0852299227,2073.267978948849,1932.368187937377,226.63785757221086,237.37558169380526,220.12771351456155,355.51031576039134,361.39217834479433,358.78859921976164
17007,35.18392190641126,29.318364820187202,13.192070301451446,415.78063584937945,419.25843572689354,354.1400461575672,1783.2074558443735,1753.3545206505364,1594.7120982392503,198.42933443867523,199.67806713340573,187.7089349519678,389.2634130996597,393.2870537754767,397.12406450992177
17009,74.83207824140212,67.92103491483776,35.64165572697435,567.8123303155443,569.0290634265991,495.2456335729961,2005.653583686116,1981.7971795556884,1823.0193040557438,218.57084979851143,228.0729244430476,214.1708104353013,381.2828035366245,390.65545701419785,392.0411796605748
17011,52.97977363833185,44.82296850769556,21.60604926056829,492.4282642026451,496.4005751726048,426.4538416194109,1903.6997530976932,1880.6617505650108,1721.2881601418485,211.86137619106677,217.7163688745449,201.75835244499106,385.0932065660912,391.8988452276607,390.5619928536404
17013,96.36453669504493,86.62195881257695,49.69791235438741,617.0991593371925,617.8969998766031,544.7790794947841,2086.2963899542897,2065.1542631455177,1919.9605763389059,220.44369403876925,228.21003717435406,212.581561513844,357.11813049919505,366.2301369585065,362.4286019061742
17015,42.79187113119974,35.116271262154,16.665006911270474,459.3729693339229,465.4627959854405,396.770992378355,1838.1709707107152,1810.260722010647,1647.6027818685957,209.49505031199132,213.14252483359627,198.31210955169644,404.806991423816,408.9119938444269,407.4551958177375
17017,71.0181560070272,63.44617538853689,32.2513358123765,560.6458953675921,564.7449155838187,491.28967889595987,1993.0804709705178,1969.2678038907306,1813.0971677678347,218.6680658587381,231.47180147333273,213.07829746455513,376.49068921401914,383.82629950655956,383.63881992307216
17019,58.92088437329968,50.74451510548233,25.75015314247137,545.3993697323037,552.8068247280007,481.0482017675771,1969.472184271102,1947.1246021270877,1793.9475074941643,210.58582030547535,219.2533292905253,201.51583583667264,395.5000525860003,398.4070884870722,396.3419797681514
17021,78.14709073041884,68.96968114260498,37.604522907035644,598.7632648031602,603.5705129427877,532.5204554125611,2034.1192345360917,2009.7070650627477,1862.9024261075078,216.10563829383742,226.77589670678717,210.5929532022661,365.02541812831646,372.1726947509768,371.90582373494027
17023,78.9240740723653,68.72508392956267,38.891025006232795,604.2785490619925,608.1142290497552,538.686402494312,2053.669489434402,2030.7909638432352,1887.4749982012959,230.795034600571,235.75622592304086,218.61431193032894,391.0400536861724,391.0267132195787,395.78186213642175
17025,87.64220585048581,76.27684014225824,43.9490190476627,621.782110815321,622.218760239322,553.1157784213292,2084.620111985322,2055.8189961555277,1914.2272968863442,236.21635361076164,245.25196887653448,226.68902831724694,366.75090145294456,368.7543350982722,373.3933648564506
17027,110.00956004105163,96.92810482356303,57.38475517884532,655.8179498841617,654.5327329873662,584.8671295107118,2121.1743731492593,2096.93351078831,1959.8314583576089,232.62419427112346,240.34790688033127,224.77000756011884,357.8540953915267,358.632025633043,355.7025370567441
17029,74.05259300921804,64.67787084149133,35.24485521553673,590.3350767253922,596.134794866993,525.8614425617664,2034.4848341746626,2009.5972631131262,1864.1846183182624,220.9426551433813,228.7319867521404,211.48530674298073,383.715764029359,386.77427533888573,391.531533569326
17031,32.59569701096954,28.47761300458971,12.61425637246203,433.9269186777925,441.2136982449268,373.3216336641204,1837.2418861046142,1811.577920694062,1653.4536973126656,194.32808846723952,201.40209052734627,184.93929680683217,373.73560906934387,380.9270882154574,378.7116359346977
17033,84.4262000376085,73.36400393836699,42.839359878861856,619.9362711999786,621.1163987283898,551.4831331040305,2079.281952997241,2055.6285902245863,1911.9398824445398,241.03913412332395,247.2991183002583,229.74317490831572,393.50120460910415,391.45541470982647,395.5214645176391
17035,78.83294696112924,68.53235744219072,38.34361217820979,602.1392926072471,606.7924007792433,536.5244497975506,2052.791124484405,2026.6254992263614,1882.254701329747,226.25456707018702,233.85443369218734,215.8727880216477,379.47413246851255,381.37263494640456,387.3079544137925
17037,39.49757640570537,33.683952574874105,14.96690711054831,443.55732154747045,449.880427660568,381.59519380132235,1828.6597381859597,1802.268034338437,1640.557779425099,201.75483804901893,203.4517391920354,192.2566299361669,384.09567553904014,393.28121184961753,390.8243584020561
17039,63.69633577070683,55.420146021542266,28.488801028856578,547.5025784349596,554.5844265895801,482.3174866266134,1967.190370905232,1945.215480317664,1792.2440568162776,205.06459016452104,213.4560751748792,195.05155521878893,378.87009379464695,382.78500046395914,381.5660387181024
17041,69.00126982638174,60.20901253355329,32.12070112488983,576.5704431733582,582.9223979217129,511.98753867262377,2013.8201322026682,1990.7508162578342,1842.4994504417057,216.75620359771375,223.85500091926423,208.1954778505226,389.2912691363366,391.8115760803868,394.72487092632235
17043,33.95033799257802,29.462337303630363,12.861478080940838,435.07283804721203,442.0117486026579,374.05628145499384,1828.149482761421,1802.7434710267066,1643.607983814773,197.50337467765067,203.36002894549722,187.80808051139732,378.924164282255,384.18624222824167,384.2084930945988
17045,70.76703408289693,61.22749450938436,33.484819215093644,582.3714162047563,587.5215498472868,518.0068252680886,2019.4627877238531,1996.448652910821,1848.8074682641177,225.21482581099477,229.76350095196813,215.51330149781606,399.78573928272044,399.3718095830466,405.20935045328986
17047,91.85188743888332,79.24198863829017,47.0498103222275,632.6333271984456,630.5173607122306,563.0714483691912,2103.5090273026335,2075.4961958847907,1937.1722976751273,250.5940134246131,256.89418483510235,240.52095730388146,375.5793497008925,379.71949854864016,377.7853760718557
17049,82.01688922418211,71.63317205875657,40.1434627612259,613.516271026272,616.5618720944651,545.8838874855152,2068.54472853047,2039.8328742334556,1895.0072693830818,227.39951519603966,237.15253890876374,218.74399283987563,365.8730692642431,366.12840352548017,374.1100897902684
17051,86.87279078197388,76.38257319861827,42.82368451478665,623.2844618584586,625.4307701778698,554.7443475600328,2075.5943694280663,2048.1614849149437,1904.0902796100968,226.11092410336227,236.20136551938282,218.72165834979918,357.7872183805924,361.5278043912056,364.48215328767196
17053,50.482792352582585,42.41078371443166,20.710250185139316,513.3409863317063,520.0528857296162,449.6801654179445,1925.3119338417612,1902.174689405278,1744.8081703312357,204.85239867524052,213.43059441821396,196.43281161391235,391.33795583449296,395.1140409372846,382.9188052621429
17055,110.50974993008212,97.63945026055767,58.98532899696289,656.7546598442043,655.7413591337465,589.7538223403442,2111.362230536996,2088.2147033454576,1955.8492130276827,254.4722928928491,257.67190527073376,242.58768793763926,368.3391553863164,370.25970602296144,369.8075151019254
17057,65.33338785751585,58.07054784621447,28.727952412900702,543.0628190648613,545.6450838494216,472.38782302988693,1972.2846061438984,1950.9382631761248,1790.761766528464,215.07144725171037,224.50120837133824,207.8130546611972,376.39188536887536,387.9535035206745,385.86527224277665
17059,116.13884633561031,101.89437981303958,63.185544237141,672.0735267763846,670.5261130103266,604.8221539000441,2140.4013213944568,2118.2844684902443,1985.941552523768,256.05989246262806,257.5048410726437,246.4218783076351,369.11794141789676,374.7763411489762,372.4017021271082
17061,86.34248947229798,76.41786503989094,42.613150732789656,601.1503115032667,602.348999443365,529.3968832796592,2055.8144304332004,2031.0556343996388,1881.1716719656147,218.92102283105402,228.57222856149423,212.93446837185238,358.2780008158337,367.6873449073042,363.1677066641373
17063,47.883383617496904,40.53474792793973,18.88415926284589,486.1872632786141,491.6953469798462,423.2507587828744,1902.0641530258556,1878.6619545374192,1716.6921187453936,200.01767867979555,205.95447682825062,189.69803829016436,381.91205487146254,383.96082210027146,383.34607063729266
17065,105.01562886535203,92.3367341830992,55.64953147833107,648.4693348145095,646.843453550889,581.0913009063265,2109.4641197361248,2085.812571620931,1951.4935972431854,253.6478485168505,256.0448626905539,241.72515616402393,364.96009098331734,369.11077817038176,366.28594134665775
17067,76.9528297440202,69.72274904415724,36.351371852490345,561.3971569146495,559.5695532357164,487.6111770162609,1989.9963740623916,1961.9714722655906,1802.6204864193114,219.18377512120605,227.02746165291086,213.72111201292842,393.55157527057173,403.8156483737836,406.9799000889093
17069,119.34801829994574,105.13468899208969,65.83830077717545,679.1828280700396,677.3999489455414,612.6695663572951,2143.067042605805,2121.187903779803,1989.3236019739568,257.1841261325452,258.22609970162273,248.6542046751405,371.6321186758141,378.97369540739317,377.5478742402456
17071,71.6779536116559,63.645914040655974,31.850260137242977,546.6340077986022,545.6032784781819,472.89177211658864,1963.9028428740075,1939.5154942015429,1782.9909472745244,215.31622228061738,223.3650594537306,207.8889524775846,388.9373941735886,397.7036950955204,406.4250543618852
17073,57.53146015869837,48.987807873038356,23.92432264381413,510.50885390709425,512.0609606831267,441.95770921636677,1925.010577312913,1902.5493280018877,1741.7038437096664,214.38103808420618,218.56684776906081,204.09737764607857,385.9353913161695,396.19774708026887,398.5237988033276
17075,49.81176169655184,41.75997900175311,20.255660543700706,509.3652763235529,517.2851619453756,446.20737998707756,1922.1042742983948,1896.9980500689405,1739.5156895276996,204.29158195187486,214.72705808221286,197.55596078265927,387.78518876841616,393.8704354663697,379.70950914862954
17077,119.22141941039312,106.43995620189926,64.89589907207952,674.3293252035016,673.50170996171,606.8319953929189,2122.5844454406606,2101.8517809409736,1969.7779753181828,257.0755320414638,261.64124879745157,246.7490050138998,376.82610798391397,379.408348729784,382.0987858995132
17079,83.91065985417835,72.86665090219883,42.16265253894055,615.4215052103066,617.8767795838994,547.5752676784875,2075.5976072438766,2048.7888196495246,1904.8054010871267,234.34547993932543,242.34879612615873,224.34206144588128,381.0980947508822,379.83654267896605,386.4218696454044
17081,99.52219399191142,86.7266826228653,51.34699628045182,636.3151707400798,635.0434546814208,567.915691413903,2090.678834948233,2066.0762586166843,1929.5432087174827,246.32211357081798,249.85812023622702,234.891182912783,363.97578533627967,364.64936682600535,359.8013440528008
17083,98.80148896957063,88.22706098236233,50.50900947458519,627.2825371434581,628.1757141274638,556.052788717089,2101.802182981354,2078.9721306858937,1935.7891500064172,219.6850685613585,228.8500736719935,213.15613120761805,354.9558529210135,361.0500177907968,355.5087328674373
17085,36.76326911452931,29.923022249956357,13.832423942339613,445.416701428279,450.10759504520263,382.86951265306465,1812.685669309022,1783.2769173245167,1618.2926801632545,206.616053845189,209.13793142639128,193.26251325129877,407.71868748557574,411.83187695187587,410.80706234949764
17087,129.6564043542782,116.06978166171,73.60071115951554,696.010288011162,695.117882056644,630.2322369059008,2151.7593220125336,2131.440127136625,2001.8494782842477,263.53233040071507,265.38645528381693,254.58019696332727,379.3494788283483,381.36201885762637,383.5599640772203
17089,35.444509990478934,30.475048854519212,13.17642256292937,430.5523936295005,436.01231603549405,369.47274694698143,1810.2318009249234,1783.4160471019327,1624.6616251801024,198.23651472725288,201.83236052054318,189.9080910318698,380.9068392434139,388.2403897832466,387.7247595455464
17091,43.894854416732976,36.808050740419894,17.081229564379576,482.1202601308238,489.43048776931374,420.17786328641415,1893.2958287522374,1868.100210694361,1705.71307700486,198.77177154009496,208.63588222502145,191.72878624569816,383.5128790010517,385.3365662900768,380.9451976452948
17093,43.719894042874344,37.346693810667986,16.79371101296291,466.44453328454966,472.94860840938856,404.1648706814426,1871.5554231222309,1846.7377671371178,1684.9382783773137,201.6677766163797,205.63070813401424,190.54556466076096,380.85027154423904,386.8477428529427,383.79590144204514
17095,60.71413940720062,52.544658993226264,25.460621939478237,524.5170237792813,525.4083021348631,453.2153152758616,1942.9020777690998,1921.3421250144806,1761.581662532693,217.50378211272155,222.99544347083634,207.80516337953412,378.8922359205368,389.6196727184681,392.52537345510194
17097,25.024100612189052,21.715743211352844,9.140492415185072,392.74724238995157,396.36149849051395,332.215470308894,1785.8195919582063,1757.867099382484,1602.6129581137434,190.6812431950518,195.95536307229187,183.42589449754232,370.2166464694983,375.47230936145667,379.8611269910079
17099,51.50364626663618,43.59906097254076,20.593039713212853,489.81148110956,494.91054227980993,424.82906677596947,1906.1183850761204,1884.2179302423094,1721.9620245898059,202.9065454803279,208.34698330230762,192.30200339753182,380.53923991862257,385.0692595726312,383.6737685672627
17101,86.61665207044578,74.52547226402619,44.119448147800924,628.0110286814501,626.6610112446497,557.8076091128476,2093.577886934123,2066.5559678832497,1925.4299257172781,249.92174368579336,255.81810186037688,239.57055216960742,392.8654039504148,391.7975616712241,395.55014635793384
17103,44.51272306524148,37.30028040425099,17.01572327848716,463.43166308332195,469.3708043913128,400.04083418435937,1857.972540140366,1833.0026722583084,1671.4081529156429,209.8748840453612,213.8401584921643,200.0495088747202,394.64810146053185,401.1518504769225,401.5503188016161
17105,51.82516549585021,43.241039085656716,21.064544559635905,502.0754001525427,505.7514185595719,437.1276798659813,1915.542857080101,1892.6090255296033,1732.3460517356027,199.79691744622318,207.07119012467265,191.01297355422088,384.6234382498639,383.6178625755109,376.36342162235644
17107,68.18573563182233,59.799984051621024,30.649105342746736,557.4817454108879,563.9586453421103,491.4824819205017,1989.6797435121039,1967.1420613248451,1815.762064327898,205.6783333543634,217.07912811512634,198.00572354143713,373.9429336939687,377.66333202370174,375.1889833151157
17109,69.9293943037823,63.08828400183768,31.648115590485247,546.1416685402426,547.0117826121569,474.03750767592084,1966.2065234060187,1942.04143986876,1782.4465920386065,217.8275759352793,227.07906814472375,212.47724683274532,388.1779793557377,400.9557388935765,401.1498939134185
17111,30.1762424893005,25.24927312234509,10.957681099627376,401.92180806775116,405.2263433374558,340.85895843649433,1770.1637212650814,1741.5028987665555,1585.6067353286576,193.8605850819219,197.12354295792156,185.1752582167527,378.73133544713033,383.1781793648378,388.70713620271795
17113,56.632226152232434,48.418107358566594,24.253591505225337,521.3716842403041,526.5383422315634,455.4527665651047,1933.0888875492335,1909.8609780351592,1755.1707368166176,202.27227759731952,210.04192694752086,192.9603720932683,380.6770798629597,382.36179226939555,376.72226464375024
17115,72.17199049626751,63.76475462203833,33.66920500669217,574.7337244285247,581.7514433093814,510.0667209904165,2003.2216776685405,1980.4486443486348,1833.0025798433057,209.16155918123476,217.04699524646554,201.84366419289262,373.0326233575871,377.4648289840722,376.658829708327
17117,89.92478466834145,79.08765085227536,44.54116859873358,614.6110548841857,616.3115726076651,544.7508792436577,2061.7427830009447,2035.9987366232042,1889.5307408469125,221.16085884089267,230.3354077979421,213.75779295305043,357.56346052996366,364.16704776007543,361.0383293055171
17119,114.93866421233209,102.51451929345103,60.618170957211476,661.666199147542,661.5466739429648,590.5575254416527,2144.0156083021384,2120.6228320156256,1982.1417994773706,224.52137797434688,235.7059744625269,218.74709820872494,354.5265414247238,361.4409636543402,357.0177962517296
17121,92.17419433675339,80.55924374413225,46.244732001753775,627.8496341716816,627.5313435682813,558.8031624473554,2085.28044644919,2058.1510054725104,1917.355875625477,233.87279095785897,242.1202829477996,224.5718020489146,358.1842594588919,360.72787454380455,361.56661913283784
17123,59.33478235736285,50.71401997004345,24.7660486827829,510.84337137743006,512.3558438527875,442.544376713153,1934.8422356683066,1912.9775595823144,1754.716331902158,206.4916511940575,213.04645523001955,197.3983823616334,373.664849402096,377.27651353710536,377.0614185460835
17125,67.3758901677157,60.087201634527865,29.828462756028436,554.219608748542,558.8695115041149,485.4596806485821,1993.5901700298812,1971.1371864485889,1814.9997636710123,211.43569898755217,223.59252775526406,205.08381556423132,369.4376939370308,379.2490308088368,375.9367050022003
17127,137.42326900893107,123.36253822588348,79.10252105953697,714.4454410030655,711.8184639865286,647.2148360418723,2176.8213288768275,2156.21572981727,2028.752642956793,263.90562228153397,266.24229398327003,254.479285916318,382.92857131300644,385.16647098226446,386.86460780983447
17129,67.61411091526335,59.826623901565355,30.08399203136247,560.3649992704477,566.2074881001497,493.11453708239395,1997.157139949264,1974.236762686975,1820.4885805245099,210.69378332560686,222.90524874336938,204.85413776029196,366.3479683793489,374.0382614697376,371.5734559524994
17131,67.72717926823397,58.2054489965012,28.881809673969165,536.6349167919569,535.7139191918162,463.9329562731961,1958.7627857792097,1936.0384540100063,1776.391002326738,214.41533859470354,218.70619826203105,203.29819786488954,387.73479518560987,398.88392532776413,402.33917679676233
17133,120.62217714379226,109.70478180608984,64.138197445402,669.1374587361064,666.2288852481208,596.757482851235,2144.952309402611,2125.286336344824,1989.2008617105716,232.5489480687066,238.52416432367568,223.96054015268493,367.15357247689934,365.35015016443293,362.80063343556463
17135,86.3457451922083,75.93012449385756,42.508192414677616,616.6935292891704,619.4394042022157,548.0446765805647,2055.8821240878206,2029.4625148370437,1884.5618863898567,222.05669205158148,231.95830698961396,215.29516656635255,360.1234230069764,366.7812262163719,365.6235990803926
17137,72.41904728028912,64.4772950382402,33.52875170961463,568.9183214620028,573.2445595089001,500.1035130741276,2000.6023433798346,1976.1006965947429,1819.8322386357431,218.6470582094198,230.76993199041235,213.44098098844475,371.4092587150849,378.23396932338466,377.525334025489
17139,74.31976016564813,65.50650968273368,35.115188108999405,587.9204026647523,594.2048457287626,523.3962256651423,2024.7509448377155,1999.5805874443145,1854.5344808914542,214.98676538845388,223.17014449282087,207.0833446799698,373.9010968136964,376.86205619252866,377.67698504676287
17141,39.2426584945524,32.70615342064931,14.766602051432216,442.6832587752782,447.9937385022325,380.4974070244444,1822.92221355697,1796.176470772028,1633.1624443120102,208.52243215081617,211.54831877066704,198.10174088574223,400.4680883555284,405.48636051638806,406.91725227058635
17143,60.32749682208474,52.48424786371195,25.380776029905487,527.8209686589062,529.8316807971754,457.8428903632055,1961.4507517733261,1939.3969298388704,1781.6376713202249,210.10156439242456,219.5042417931126,202.13444339455162,366.51450741222106,373.58043654224275,371.3995362567928
17145,113.17539804401386,100.2273038828121,60.23571153625288,661.214844361331,660.1777341553301,592.8439332085362,2116.8455000701338,2094.171654842219,1960.9044679685874,250.47065220713762,253.09998204629582,237.5891977435624,370.29548477114315,370.83106211587904,366.22351399232906
17147,66.24165570985397,57.86417760452342,30.21916229506842,560.7310746314026,568.0974809186285,496.21665580336884,1986.7346758494434,1964.902761993578,1814.7122340679257,209.6772970248664,216.5237081189226,200.1829860550968,380.6138952455452,384.46640823033033,383.93818556900885
17149,83.1770891859438,74.80026484874132,41.26157346007057,584.309012675533,585.4221215765216,511.2292234341773,2030.994758857667,2007.3664648748381,1853.3192685168913,221.1467862545998,226.167406349354,214.13158653307178,370.6201506738114,378.7591741212526,380.7873503133741
17151,126.3192085774524,112.2071878516712,71.2390713324769,691.6704603845086,690.0826971041703,625.7547147571637,2151.486910544315,2130.3741976662714,1999.889624940705,260.8480222084355,261.3745924877747,251.3291715721839,375.03183525940887,381.7118929446473,382.40784181662787
17153,145.2932157254382,131.9134472349634,84.28142479052993,724.0450988112929,721.1406866606756,656.2863887854778,2184.710817333892,2165.3364236993248,2038.6578015007708,268.9339272333599,271.22747334442005,258.3644642785317,388.29705856904735,384.02007189694456,389.06979089417246
17155,59.69558016822312,50.919208758155555,24.978479698359745,508.8180863052962,511.2225321460581,441.3679370436622,1935.6187056191873,1913.8008852880369,1754.8477777930989,206.3958510077929,211.4341547191519,195.70879551492817,377.3669245233174,380.43207112308795,380.1471052903105
17157,121.91908172473146,109.93929311530917,66.1479005893197,672.2340322407281,670.7625459387475,602.7060793378321,2132.9398539064205,2112.898455732919,1980.1509740249217,242.6709748207656,246.28218458405803,231.01039873774624,373.6530144362552,371.8379138545858,369.35447449650445
17159,87.02465428792829,74.86253053985999,43.782740863856205,622.8774593588194,622.4336451590686,553.5221280424952,2087.858234066908,2060.7744974379357,1919.8917738057485,245.46133965852619,252.03604103754387,234.25898483433815,380.61205393978014,381.2162292321667,386.1073230679348
17161,62.29520026249345,52.599221239258156,26.275703778510852,523.4483934748533,524.3527339754336,453.5439218056466,1943.0874560854984,1919.83899387267,1758.6615022587794,210.86595217090402,215.6068393604058,199.86535338116875,390.75651214594563,399.97126328438435,402.9751799847878
17163,123.18067526085206,111.07362162438176,65.74529221990151,674.7257970674201,672.8186711847098,602.9351991980394,2158.301104764171,2136.8915618132946,2000.748881396437,230.55459225513445,238.89379405243727,222.9095917835876,359.64442027474195,362.6741106342729,357.5596231057897
17165,117.03070032585637,103.09233122051039,64.0395373709945,671.3926002890342,669.9692792163812,604.8984357607148,2130.923220873017,2109.1265135424737,1977.6402373479693,256.4953743219971,258.7647726653734,246.9202309046645,368.86321199365153,373.62223177423186,373.9891325928755
17167,73.3773737851369,64.9465908611223,34.119766376510306,579.7337561773951,585.1529327595165,513.0680702588768,2014.9250167017271,1991.3214157253944,1840.4296056676424,212.95979612573683,224.90395283608282,206.51565508606436,364.81397158338694,372.15484539683905,369.41525949754913
17169,72.82549099628625,65.87831848405912,33.73130708610408,556.829274919288,558.293307168183,485.37336282055173,1989.1925383002895,1964.958085535373,1805.2711506292155,219.68485424211084,230.57812721882766,214.4230736913049,386.23806748381185,397.09102947118765,395.16464602868786
17171,76.66129663392331,68.5125926998363,36.649773470484845,578.4329589118806,581.0687633964433,507.68952379363236,2020.8735800351096,1996.1763707551513,1841.2096664142155,219.71041991756684,228.21806788496878,213.65095959600126,368.4209386396584,376.80115140995434,376.7968034659374
17173,76.28804078797084,67.27329144357792,36.55106361585589,599.0835960170823,604.4037489716662,533.6106648107595,2040.4240721625279,2013.4576906735024,1867.995277574563,217.70484357158574,227.68426565028403,211.3846238049744,365.958709920128,368.55133674701904,371.61078657510336
17175,55.10105310101898,47.08985789224241,22.468549839232058,507.68062832643284,509.2829676890821,438.82617888196484,1924.5178349595171,1901.8981931284306,1741.5180230052392,214.00851083626156,219.64053841792935,203.9938437692474,373.78533878747476,382.06589190761804,383.3255394807544
17177,34.84697439195538,28.49448407841809,12.93604677531384,425.1930210457829,430.57848870494007,364.5506188152995,1782.7964616378717,1752.9339851786797,1588.9709846915537,207.30394830324502,208.99281014705056,195.47354036383598,406.08563955566973,413.27552887905665,409.46969403086604
17179,62.97906939015445,54.96046058498138,27.29099842332541,535.80740334901,539.8930233829266,466.9817480689979,1969.2373971974132,1946.3413966653093,1791.8761691322918,206.6309976060138,214.77302509400434,198.0726914707654,370.23445661572487,374.54448679933654,369.71214316719784
17181,129.76192434166265,117.24827374973533,73.34355901457639,696.2875309005474,694.8524519370643,629.2720911620369,2145.634642346535,2125.7786309509597,1995.8693474651038,265.27160081949376,269.08597656144775,255.8771006374158,383.72461909122103,382.82166711206196,387.85546786203867
17183,60.89034899500276,52.70996351502184,27.14213595145456,549.027435773469,556.7445384429542,484.62203983499,1967.4967202117932,1943.4677432102776,1792.09104651964,216.14652412925176,224.21724347789547,208.7398300138804,400.0327288325814,401.2794432203487,399.72928644193155
17185,89.84960693025481,77.31498478319523,45.88530543413093,633.9364008611767,631.5534907450198,563.6483107104738,2107.0236560987896,2078.3671914831366,1938.9500632932672,254.29473064043964,259.9540759807759,244.97604273517163,385.01017159046376,387.80923587576405,386.5085083731023
17187,66.83711240557732,58.7563411475201,29.122805131852697,538.1113351355672,537.7489965869644,464.92240512834724,1950.4737528412356,1927.9282067767024,1769.9749246136785,216.12697457093827,224.3372162869147,207.75418713921195,385.52484235279496,394.2659412040841,400.60436222896544
17189,110.72332873478005,97.87205662555054,58.1582325506659,656.7166642551975,654.68588315633,586.1150596851517,2117.201173557473,2094.1299738785615,1958.605559339126,240.29476524764203,245.18109882590593,230.38983680016526,362.8900559206655,363.6462799936976,358.1084212971006
17191,93.21786758439174,80.88822370556151,47.654667407726485,629.7498876748057,628.3835011271174,561.0762933643962,2094.4938513517204,2068.0937977546255,1930.299895803751,245.71770129425536,250.89869658917434,234.9703259421006,366.3540117864091,369.45226790672297,368.18733814181644
17193,104.82624665905568,91.88172028862304,55.69730513448975,653.3007104331897,651.3127087085525,584.9174852844541,2124.3869037672966,2098.935698862552,1965.2794795399263,255.40714507359945,258.2683341827609,243.21977401274543,368.9209812505151,374.99842203382434,368.8934195042476
17195,51.8250379182629,43.66329016273046,21.130159735818403,488.0072565441881,493.38428270502374,423.7672951438979,1888.0921960829342,1862.382797462314,1702.0449335722437,210.89386923389924,216.7451360139452,201.30342808271735,397.41398001154414,402.7150193179966,402.51816111662356
17197,40.23446567666749,34.094832613984146,15.29258253777049,463.532612985144,470.77629599674873,402.18989489368573,1870.3086313372114,1845.701485620067,1681.6618001500533,198.7957298792942,206.2260328297817,188.30211551265967,380.4365614521055,385.07527500358856,380.81483827261707
17199,117.3832270741154,104.41079321458167,64.54713716229428,672.6340013430986,672.293779642361,606.2899427829309,2123.7003725246063,2102.2011512446766,1970.993523574444,259.3757818480725,263.5321216644352,250.10505692640731,373.92662983615634,377.96622305263605,378.3799693374057
17201,35.82775821887291,29.62191193727357,13.34696293394197,422.837538160937,428.4012689516,361.402845111597,1793.8219965916494,1763.6265135940478,1602.3157454923999,203.49078596174522,204.74792912896098,191.46246922320574,399.57870373688456,404.8474266607237,406.694294204745
17203,59.97391239500628,51.59049444975737,25.442391970327062,514.2398201973112,517.0361464093464,446.6564755513329,1935.4682144104456,1912.4555105198451,1757.022227629014,203.23520328957994,211.52091420691144,195.33517756516665,373.0780045604508,375.75887761589985,370.74073008069155
18001,40.99665071320105,36.02454309588599,18.2151277423166,468.74354262206526,477.21687686523256,408.8939799896938,1860.1286496328698,1838.6776968262027,1677.0506035855483,194.35513126636405,200.99616917666083,187.80889883083668,369.8459720075294,375.6862127557469,368.2879987250167
18003,42.50368814981904,36.44437304354171,18.457174928741914,467.6450699827159,478.8065532816116,408.36800552605564,1864.0158595313248,1840.5992268554783,1680.0622888254213,188.39855908180772,197.689077599827,184.2508990410219,371.40664019219815,376.68293575822963,369.63876685278296
18005,61.8996658131211,54.23215848326313,30.513043741417185,565.6006199280041,566.4091601760307,498.1640540957299,1981.9046381317974,1961.1806936839816,1818.6265049457438,236.60293354689284,243.8184988271621,226.2885973952985,397.26974011395856,397.43663861131967,393.0796586069476
18007,48.90636712811773,41.79459314092128,20.868868985128408,509.5735241030023,519.368629302513,447.5726794967821,1905.3356743022227,1877.9551737731647,1724.4280318398837,208.81755884499754,219.45592374563216,201.56288095543476,394.7360364203404,397.78325424561206,387.62025801805044
18009,37.911134853308404,32.98194013882001,16.191336511725325,473.0894890580622,480.25406115515335,411.311064302883,1860.830034458019,1838.1770734509187,1676.7600818443705,204.29664071252247,214.16452360345448,198.49747954967697,382.63504607822904,384.1372203034297,378.4511424261282
18011,55.21766591057866,47.81547177717999,24.826599326669488,532.6647684092617,539.1475917513208,470.0568430226741,1931.759320275898,1907.4476016045264,1756.9909861567733,215.66024148636671,220.8397797124772,207.15022754444098,393.87135204901267,396.573772389349,392.4191270359452
18013,61.28762619228361,53.33130843221147,29.494655602613115,565.6302655863692,566.2635130052796,498.662168863381,1980.642780874209,1958.1118848095107,1815.0332416220535,238.3118221837507,245.36597310980173,226.40337336181102,396.7831175658283,401.77184918972654,395.7591477055109
18015,52.97854495346037,45.81154944885556,23.531922153758362,516.9585546667855,526.9769816905293,455.79435839525667,1914.6636039349585,1886.5608062279848,1737.1575619926502,202.896881876664,210.13677891446633,196.8572328809272,395.0035824293986,397.97121639222166,390.48133327274127
18017,46.4405203734412,39.97774785226993,19.758218093192575,496.63794855672785,506.4624350052234,436.1025878218619,1894.2550092765664,1865.5420891027836,1712.1398060457177,197.9696454053586,207.5136213319724,194.2674693382043,390.26978492514644,394.55200016134694,387.29987402818017
18019,78.32524406943122,67.0998805047248,40.58910616507672,622.9988340046905,621.9849910209557,554.6432161489503,2057.7062091934104,2033.114608818149,1900.1610118114768,246.98644723071612,255.12688935242545,240.26827513782183,410.1249403764385,403.2569655446307,408.56044691449875
18021,73.77162227027547,63.89451633070589,36.10973379508328,594.0533143371001,595.6480643564457,527.181607934635,2026.0090938865426,2003.1325484763918,1860.9452745393205,236.5765273725247,241.04661721028447,222.54286490122553,406.63233660900005,405.0275112861786,406.3710422124517
18023,54.36232378676739,47.183955942645596,24.67185320508466,523.493867739576,532.2199553950868,461.3475161012866,1918.2114850861246,1890.851329077069,1741.1963327631888,209.84419043904114,216.15956482775368,202.83839771972524,394.35791898911276,398.27700123960284,391.3534781360263
18025,78.68657769466347,67.3244114458175,40.12528265895908,628.3887808603984,626.7925485962535,561.1348627469235,2048.6860716013753,2026.7392672834144,1889.806254532709,256.69828479171144,262.22797663608105,246.8735334132623,398.89206347753884,396.8462298277715,400.34234339435125
18027,82.9854830866312,71.93173391858697,42.932201627142085,631.4909293729283,629.627400792785,561.8497522848972,2078.171599851233,2052.39935333784,1917.0507272171624,253.10576120629707,261.92193111128864,243.7421815342879,400.76643878104096,406.13661076869005,405.33301492066636
18029,56.3018548676318,50.12921888677262,28.772455163359428,565.6553745784579,567.3624392039407,498.4651970599956,1970.6820016355737,1949.480517450534,1806.6519347123751,227.24877843764858,235.29846424689444,219.59502629973773,395.18345902523794,392.28797838138865,383.91258068844957
18031,51.9447083599458,45.6928879416232,24.801954170718265,543.0712131896181,545.0282878295814,476.31999405961216,1943.6498034805954,1920.9943922297418,1774.3402251794585,234.48696765051508,242.7240408233568,226.65584234927354,396.7115242417757,397.59337750210346,390.638238409373
18033,40.496712722444414,33.97258459082632,16.8713151448895,455.21821039210397,466.643839828091,396.7918738421181,1829.0017317781858,1808.499907872983,1649.750441652132,184.48003362768497,195.82699319010973,182.71914215975954,369.48229056950714,376.3655991476928,371.7955567274936
18035,37.370547853746956,32.15927699006197,15.917390540817118,478.50382114544453,484.15261011334024,415.99038885150884,1862.73951044924,1838.2297043926956,1677.3043894616476,212.6856930214207,223.63291617987608,206.0516944561428,387.32742011536413,389.276061156599,382.9621737955464
18037,84.68391737347022,72.98758912467773,43.19794074270404,636.9478341879751,634.7523319856033,569.1658303379919,2074.388249956187,2050.4305050105377,1915.3010843151787,261.15906474284424,265.94843844020335,250.67709640313038,397.32066538165907,401.09230645578475,399.3354737210701
18039,39.93628832684494,33.00093929524366,15.829438087723082,459.9690731947111,472.2286516270768,401.8263373762068,1854.3422078957403,1830.937278011244,1675.1663473574251,186.62565283088352,200.36243329073682,184.6604385451106,384.7089172517237,386.71406134175214,382.26088266437625
18041,44.29088753929587,38.5920709536926,20.265883620222603,518.1369594348502,520.2542814282617,452.54117373452874,1905.4722731902875,1882.7457231824505,1731.243269175228,229.96837228937338,239.78045071666332,222.35037476414064,393.1836667950407,395.8633249253638,386.03958606964204
18043,78.60595261793306,67.47689303731804,40.413553843723705,635.4001186255738,634.1504060801332,567.1657559653281,2071.819462251221,2048.005323549429,1913.9033945629428,250.172740534022,257.0617347324768,242.24125940937492,406.9807342522523,399.5217156018048,407.76904646763757
18045,65.56492397903608,57.10924891710734,30.307075589489862,556.764198563842,565.0146030000408,493.09578424077944,1965.9124748216545,1940.7303142354442,1791.646065437854,221.61856950906855,230.39127196440404,214.49673603537653,403.07920472866675,402.3054298723186,402.35161862679587
18047,48.801841332542004,43.03301504581667,23.466684221536646,540.6088687177491,542.8800648381764,474.0838316546241,1934.5859527652015,1912.4191595962934,1765.2301550809273,226.31434412738935,235.03472433605117,220.02099625445098,390.24364714146907,389.81511450034293,380.67055895080705
18049,40.824149885195844,34.85281485177296,16.53929270826178,475.76183648340555,485.4915789456695,416.15750927936944,1874.9298620505783,1845.3303247156261,1689.3342028993006,196.99152074712788,208.38284674666716,193.14550670981615,389.65290613136204,395.5791383020784,386.7811970237065
18051,91.13861187798713,78.7147758676729,46.831246219267065,643.1061500285493,640.5268351093383,573.2225847028584,2116.3837468444262,2086.1384927405516,1949.6571205901728,259.3476934620727,264.4515403759784,249.32738830796256,387.19713869858583,393.9987004393364,387.3562268719068
18053,40.144258738373836,34.49126139591421,17.0217978296675,480.43319998387915,488.81292620150754,419.19354983879487,1875.8415894654045,1851.2755012817622,1691.4625845908317,202.4111387670386,212.72243241113583,197.40817865010564,383.08585975107394,384.2076448539257,378.23724759166413
18055,73.88477716288723,63.8270779376103,36.84791333186913,602.2919141169901,601.7371058774628,533.8753004148082,2035.096409522876,2012.289956433839,1871.3615018085027,245.163096559302,251.44789062903595,233.04967256965648,405.3238598564734,407.8815936154872,407.67117472709714
18057,50.896734552252624,43.94483062714701,22.789135977224937,521.0907484027964,527.5346008807711,458.81337174869657,1934.0242401955686,1908.8040154639348,1755.709395711769,212.32304141638673,220.55944465532244,204.5500004114342,388.82050525804317,393.1437428322279,385.69356552998164
18059,51.471914396685335,44.49164130709502,23.256622890798177,523.2586762200119,527.4316781248245,459.1597299550448,1941.2336169474008,1918.002544886303,1765.1882180050914,225.21863429510853,234.0619554927983,215.93264438408602,404.1381271159963,408.6284423482081,396.6405121584432
18061,79.39721137633903,68.1889726826443,41.04448349131286,637.5249016670894,636.5737390148872,570.6494359449705,2066.4631285584173,2043.0312986412173,1907.4255286183172,253.7563755874532,259.1802376984646,244.07782634830104,404.0589857363806,398.97726403621874,405.02530298638015
18063,58.779436802169606,50.56922219280129,26.90087147378632,551.1733197970558,555.4535149230448,486.561646587028,1963.8351777915461,1943.7835052970634,1794.2273313020607,222.72294819702796,228.53730070558413,212.31979188003834,397.5270039955149,398.34443381019236,393.5229209927429
18065,39.194876269945006,33.88106546742922,17.255289091023997,491.1340315847418,495.0250100091707,427.7881838076457,1876.2719005572933,1851.3880428670884,1693.4997214469786,224.0669583294286,236.3073020340309,216.44728465285453,396.2368790490265,401.230080958306,390.4602450141147
18067,46.80666761509667,40.27269619132992,20.523581470250374,500.5313585306805,509.63330212682433,439.2059687298326,1898.250594238328,1870.8530503050526,1717.0382236289938,202.13343967073428,211.05002705934527,197.09795094345924,386.94504885568176,389.4752573762666,382.4929890536979
18069,40.54471829156933,35.04994262668485,17.312819389358296,473.135088238359,482.620165068553,413.40475731279975,1873.2995891848216,1848.215550524213,1688.3797179466333,196.37994193871265,206.3553195711665,191.6878934332612,379.9809885764565,382.12090347649524,374.3201900176399
18071,71.88951609898137,61.94452207186383,36.636738866377996,590.6207118836703,589.4920673797463,521.9504453739239,2007.4179958695208,1984.1969803157644,1848.167310695846,242.31188000684074,252.90705663591515,235.15172450999262,402.51919265129555,402.91235198595876,402.387922366682
18073,42.81773324560312,35.98985474286885,17.011113524266925,482.4813626187996,491.71772663115024,421.8764268074543,1883.334863762769,1854.5837209507358,1697.107500839517,196.3166053241374,207.6323670165415,193.50757723136263,386.770572466286,387.2954978213899,385.7723759619225
18075,37.963022059537124,33.823898134023416,16.726598107894162,469.0658571710575,475.0122283469615,406.92783973938106,1847.09010874259,1825.1228211982416,1664.3110350239417,202.92529669870765,211.1856652851996,197.19612201287754,377.2718872659831,379.965160060225,373.64763255942154
18077,67.46185276327837,58.565924007360834,34.81132533005109,589.0128536822963,589.0404670253871,520.8629581898124,2006.761500332981,1982.961215698643,1846.2537828214488,241.30203808361412,249.1378438852067,233.45740710980704,409.6779805910287,408.9679393381864,404.6155672117774
18079,64.16560665258052,56.43892125010241,32.83191709698951,576.400235967051,576.7567947776722,508.3114526964431,1990.6033568885855,1968.0213625513522,1829.2357046093089,238.41441435732304,247.76080175564312,230.18292926621803,401.60872235233364,402.8219330097282,398.88977394939485
18081,58.0571640357601,50.49415055328559,27.029562932094798,553.3545458629048,555.7721400766109,487.80864606514444,1975.4254868733337,1955.8281993232886,1809.3973808782448,229.99600584037563,235.82310786736775,218.19706944291983,394.92645683634606,398.11860777578926,389.4996464650588
18083,86.72874208075227,75.02724823122023,44.7752585452643,636.7425723603699,635.4934778771808,566.801099823077,2100.5163118867454,2072.2490480125716,1934.3486742032746,252.1518699255768,258.3486382279352,241.18444423542982,397.1986667714594,398.28377583706913,399.7869994657011
18085,39.527859764442084,33.33570650531899,15.85583065495529,464.9391394528928,476.39987962822,406.21129546048815,1862.7991673308534,1835.8136079119054,1678.7077010784367,191.77876293786525,203.85251454006152,188.94750296136297,385.64080058373463,389.1613413835506,381.9341069312891
18087,40.13648469572684,33.39858471174277,16.17753638540055,456.79166025474206,468.6876455452888,398.6070684316309,1830.923165031843,1809.808242683721,1654.7852321704054,183.85459591945627,197.1257095676823,182.00846041782944,378.90128234422826,383.52116859795507,379.3207248084856
18089,37.40395556024226,32.08774661624126,14.675217566412229,457.3241985079497,468.0145901656889,398.38782475391633,1858.902991469956,1833.482975401156,1671.0733213431697,191.31172039699834,200.0352763013762,183.89010178608729,373.18546004278835,376.99758801721555,372.3694498971337
18091,32.52025618021171,27.605102706829598,12.503217313721926,443.64667717974834,455.31539873382235,385.44153017713313,1837.2728823985085,1811.9618008587981,1652.319883202798,190.26729276856955,200.48691498156649,186.90908118425472,384.3661789195311,388.2637932768407,384.4530986333443
18093,70.67574147049041,60.18494730268465,35.100654138358905,592.9526142743823,591.1389507188003,524.3371832517686,2005.0820651055697,1981.6657060912537,1844.0023977528235,249.88199043205,259.2349391821586,240.73872160229013,404.3695329284441,406.5342132626496,408.4314051147274
18095,42.92735085754012,36.73862884666219,18.73343216513477,497.5999782791588,503.8651955981134,435.40286198426946,1899.1426102738224,1874.4817434880792,1715.9154650678636,212.4677908257833,221.83822906425743,205.21964998986923,388.2562584535405,392.5223421797863,385.22747015040596
18097,57.9528012544399,49.91792339811367,26.367185806089253,548.0961227785476,552.0562543687353,482.8748779350017,1975.2156926347664,1954.6005557002823,1804.5430074223357,220.6825597120382,227.19202244867924,211.1009678189193,394.3836868793838,396.63400691022497,388.8530988015881
18099,37.114798203804504,31.150835442509692,14.562583934434647,459.446169966197,470.7972694395762,400.56813851278105,1858.5138664561996,1830.1901273325263,1673.4516459691908,194.83679496562985,206.96229424472682,192.36712459654427,390.2177493100088,393.45672017579585,387.1072214027296
18101,75.93802981743083,65.18470929764737,38.412524944324886,611.3132871735697,609.205364259373,542.1528710248284,2037.7349329489557,2014.0468203619894,1877.7774877594668,254.15726008668653,263.0016881714913,245.60113326957622,403.6271775047984,409.31186846774597,408.25534938765367
18103,44.23461323680338,38.00610127762826,18.70845765931126,487.92091532203415,497.6376306854293,427.71655808642856,1887.9787034556,1859.7810979384292,1704.584829166383,197.6108215041897,208.56814675902984,194.29261597421802,386.25244014910425,390.7298172491611,382.82980083669435
18105,62.595331953129254,54.12716595934977,29.786351165173148,569.4357293056776,569.899032007674,502.2307726259193,1983.766889502406,1961.4877678326156,1818.7222734759002,240.56823687935065,247.56476989340598,227.6133423938385,401.75063761909985,408.4604287247603,404.3068284802565
18107,62.255645269456934,54.01374246801424,28.81065507390023,550.2212347335684,557.2929271031533,487.12140284248517,1950.9922480396679,1926.998574025221,1778.0646091015794,222.32756364355342,229.0965660254003,213.64663281650965,405.13237482393464,402.77825933896145,403.1866257164298
18109,62.366103687120344,54.03215242179814,29.16723023377974,564.7688995820538,567.2077514762626,499.18348966693895,1986.5426822054274,1967.6241076525098,1821.6506713200554,230.89787609787845,236.75527273973026,217.30808944729742,397.904605734541,401.30325173280596,396.89512847925124
18111,44.67864459576222,37.39011866697123,17.80777922054955,488.5291869259927,497.50936687652427,427.4368682395119,1894.9703434566823,1867.9243794728784,1709.3028284198112,199.01994164715435,211.93156058576318,195.03946443487405,385.35061012978434,387.88631627775135,382.90942408718695
18113,39.87646180474361,33.14840373917853,16.040621413519126,458.6690116268237,471.09635229965335,400.3824896278599,1843.5151402011202,1820.4856727457645,1662.9655200980128,185.599581107929,198.0484946593167,184.93829122477453,377.6975113681789,381.5163532835076,377.71246522278335
18115,67.85405370224366,60.2970807562746,36.08625227578666,591.9876812555416,592.6814279286373,524.5598420171368,2011.5533071390964,1988.8222056638738,1853.2270289008695,230.92432992220992,237.02377878368378,222.19910918282017,402.9626771985087,400.1885763349125,392.2086946037117
18117,73.38191626324644,62.491696167422745,36.67209590498155,609.2942796444272,607.0726584347224,541.0642307123491,2022.009983027579,1998.9459214175768,1861.7142223000458,254.5691630485754,261.9218302778708,245.8661511686575,402.2300890032801,402.5792045911213,403.37971514370946
18119,67.73761414679868,58.38274140062059,32.439183824905776,580.5696798324726,581.6409378064625,513.4383736289698,2003.703037571727,1981.9242081342734,1838.373766070879,237.77382222473565,243.3497134786099,224.59996017028158,406.18659226312604,408.85363215824776,407.26057089539984
18121,75.15696414473175,65.13491873151408,36.348068542455216,586.2330531895701,590.3782245679329,521.6649407076335,2009.9252018358955,1988.602815978248,1842.8022765840262,230.17145846277964,237.26486214884125,221.79889541731222,406.70638995094237,407.13888669403724,407.582301530591
18123,87.57256831367434,75.64092322270167,46.00530583486881,649.8087947861355,648.0996846897613,583.3336223535971,2083.3295977271273,2061.360088399907,1925.9136298949804,258.5151497246203,264.8195522704728,250.49564785632205,398.3552527060411,396.77720125006635,397.142044829696
18125,89.10892668783906,77.30869693516945,45.948546947452144,646.7639715096246,644.3435949872354,577.4665034355874,2107.721445562372,2078.954420783358,1944.0274535145043,261.1636104717876,265.1984530509476,250.17623380649064,394.7993355704105,400.98383165897417,395.23629998342415
18127,34.89658555198371,29.881180824635646,13.647120745163082,450.16161920160505,461.49731397519344,391.9328008480169,1844.8204045953237,1819.0014812187983,1657.9458301120223,188.80677311986932,197.95402888550046,183.0263248428244,374.72362682695245,378.7456616203165,374.60788548468236
18129,102.68096217848954,89.47843199128548,53.99245943528399,655.7656612762198,653.4357867775705,587.0861626135089,2132.6030613581693,2105.8541866060777,1971.4521905618712,258.9645425431729,261.5563272501712,247.25073927109548,376.5316688673,381.4476278102098,374.70077512200896
18131,42.33143857955273,35.82028260801359,16.98240856796881,482.15751409847434,491.30896645738505,421.76245726082215,1879.936506679363,1851.1276545501078,1695.028854628545,194.93329977001014,205.62324210902224,191.49162747774815,389.58734185323846,393.1773582302603,389.817815810396
18133,65.35811398777484,56.32784419382159,30.7663396294458,566.2588501104464,570.0829448454199,501.7345660719696,1978.8368909971982,1958.2833809338676,1810.592351004453,230.23819264072313,235.86705095608332,219.12200744622987,406.24204548968703,406.24768639883416,404.24795946215943
18135,34.496528144411606,30.443175925364073,15.109472992621813,467.33062594430646,471.79629598861595,404.32358753584674,1828.8037907168048,1804.8380507627517,1645.0835059290541,211.21394727912957,221.28934858257472,204.6943223006622,382.745588925444,384.2627990618355,377.2137934580577
18137,53.526744389258155,47.511742713633865,26.628943779769628,557.7181805330016,558.9074110334692,490.3504877188263,1956.8983500267168,1933.8605609402523,1790.4025193880984,235.3373224006266,242.8979895479867,226.11520964197152,399.56600793156565,399.683022888047,392.64147540024544
18139,47.09934448387152,40.90177789848816,21.42564633325528,520.9472615751168,523.6656235704562,455.632867518446,1918.776123091618,1896.1076448657154,1744.5236787837107,233.08384656454126,241.70465551789306,223.98052140485612,401.36473735293083,404.5944970068028,394.57329450365734
18141,34.68017331588589,28.83258708135795,13.396900284215576,447.9405337172283,459.7630438773384,388.6448932879559,1845.6486276088065,1820.940502389336,1664.2975673202332,189.15875019013222,201.82121564433868,186.64963622630006,387.0958449975676,389.6468720658639,385.4055994947943
18143,74.69280084935856,64.13527401031028,38.5199232033505,604.505466804195,603.4087182495061,535.8067517558541,2027.857108476696,2003.9418568305678,1869.7269501251617,243.69441600489822,254.3708438213302,238.486703727549,409.7115760170347,406.5854854219799,406.4100297633443
18145,56.82493869808504,49.53065895616861,26.61391820131548,544.469947318689,546.9359272640619,478.74836338755665,1963.3592655096522,1943.1382042613623,1795.3540763111819,232.2791361062576,238.71947746809823,221.9623002842374,402.28999497782513,404.1205323526594,394.5429542738553
18147,99.27236603836745,86.17369370667772,52.819012018766784,666.9464058185531,664.0250601549881,599.6193914441503,2120.9740172055867,2097.1936398980583,1963.9010439611175,261.5190728181855,266.35139142876767,251.57592740952822,393.99113986934265,394.7419120686585,392.0000289507305
18149,37.88113366005015,31.980399587866238,14.814661627569757,463.75155845930294,474.64533452872064,404.62321673418717,1864.9796024491807,1836.8450439179953,1678.728436540882,193.2503650631524,204.45452246917117,189.93001283054767,391.40843203021853,392.6863458943493,389.7226041730613
18151,37.025643333918836,30.642678176960516,15.049745383092233,441.44197401279763,453.031313363138,384.00793916477824,1790.808886551336,1772.110436219286,1614.3496531436747,184.27263165856903,196.47483877598478,182.5751745803558,372.6431611795527,379.09889289735685,375.92231827631053
18153,82.19048398788004,71.55581972768277,41.59321748734902,619.1156302082795,620.6048925491517,550.8119497949076,2072.4374971520624,2049.006782154447,1907.0173051707995,241.32947527547793,246.73224997817223,227.97494187902376,399.7327235064646,397.798491659994,399.2524436829222
18155,67.0750541734628,59.2159006429932,35.38436590763763,590.3034847818186,590.8705322392232,522.819522730894,2008.4376080475836,1985.2687306946132,1849.2866212334727,233.74448134438313,240.1217543390445,225.270010173711,406.77820751352954,403.7274675917978,396.4691575335759
18157,57.7719844586926,50.22053925809995,26.35404714076451,532.7260209972018,542.4061096576559,470.3664833169946,1930.454603814816,1902.9628526841043,1754.6575849916612,212.31829075254336,221.00975228092202,205.48014083883135,400.37208716844685,401.9926820598307,397.20873503183486
18159,46.523354145964014,40.091433495834494,20.533923004277987,503.61120576338254,511.95502359723525,441.8466750756681,1902.3638563729953,1875.6372494154778,1720.7647006730706,205.61370438345938,213.13189822580665,200.0252762160907,385.4675906931558,389.01056987602715,381.9981766539329
18161,43.57365913077623,38.42665391426408,20.26780420179677,517.9945896499569,520.0249113683217,452.0460718814162,1898.8156664956055,1876.937174841779,1725.9750946535908,220.02408565393497,229.72862201574662,214.5156109561562,381.10020437089753,384.02040694732534,373.7426699455003
18163,98.65011933496925,85.76277276992455,51.482553031020224,655.6784098160922,652.7227567650442,587.0190479170218,2130.4631649722032,2102.7337763022165,1967.7921995390866,261.36841861427683,264.2733657841488,250.3719632580738,382.9391623112273,387.82525937938965,381.4005239074794
18165,74.28322994170922,64.34178332176654,35.49067652605059,583.3974836209898,588.6059656071001,519.0965971981377,2011.9997664902105,1988.5651610391901,1841.7669870522361,226.6526528549137,233.87469692285217,218.5781749155004,405.23562655703455,404.85242687400495,406.7442398152387
18167,78.6127331955843,68.42884429786463,39.08680707038117,602.5209830700409,605.7084831287689,536.8989348782848,2043.997123075648,2022.3140794843343,1879.5760752032706,232.4306706835926,237.5677026739113,221.4783626717238,402.8486842236108,399.56099706433787,404.01638713541047
18169,42.401670970361245,36.33974742813858,17.912626977945248,478.47243796899,488.52684404433387,418.9418483126298,1881.4814838660998,1854.424944531514,1696.553386626707,196.43426578862372,208.01151782447224,192.9045624581666,382.3633240192438,386.9139610080733,379.2960127960512
18171,58.08351681656952,50.574114754332534,26.054444263689952,537.1073081844665,546.6274539627066,473.97259998857015,1941.2552491824565,1914.3311089039057,1764.261051443012,216.27796607083556,226.3654517269601,208.35167549878935,399.66383509388254,399.0162437228422,396.9102542430397
18173,98.96164685054059,86.12598301849737,51.99819212791183,663.2970819273727,660.322329785686,595.1341365301747,2130.300793632174,2104.3439414964105,1969.7436879134525,262.95561283833194,266.802272847076,251.91681845303157,390.9563488693858,395.15895021185224,389.12396018797256
18175,71.38904301128457,60.63983235806129,35.760602166307706,602.702446735955,600.9629877403503,534.0236929594579,2012.8029714488378,1989.304465641396,1853.1480979025685,248.07850575029246,256.751420831462,241.14760768762872,405.26606724333925,401.1262887064004,404.28687325947914
18177,38.603735525832974,34.204029906822306,17.60549113336559,494.6719891332371,497.2988118576733,430.48096475073623,1866.0787235706848,1842.613632703785,1687.0143070997033,220.10512694416633,231.06927527990302,214.8163351088596,384.57149773087815,388.6227866591297,377.59107406501965
18179,39.90976454670606,34.842932629708514,17.31378104745523,470.976822226042,479.66711311009686,410.97543625048667,1866.2872569558372,1843.2978168903526,1682.2219421621169,196.06618170922124,204.43282239897482,190.27918620796783,376.64539378142734,379.632044810587,372.77178893024256
18181,48.072948889636656,41.13865972754153,20.311528755623552,503.93376518827955,513.1805779898727,442.7414142741606,1898.2426611202995,1869.6257826356646,1716.109875326915,200.44554674571648,210.01549514530444,196.5177815009758,392.83356410632507,393.992126129007,388.5507459515437
18183,40.24328336523176,34.232093016664194,16.76917814971186,466.05218730545874,477.44867312544693,406.87393555809325,1863.1148569147397,1838.7726587428199,1679.3501887550228,189.07840945150338,201.41511114265805,186.9431582276303,380.7653164133686,382.8651129016074,375.39026215039894
19001,53.86947915601036,46.2510411323689,21.376381093253425,476.71248597031473,472.70548514418186,404.9349861036363,1897.0304295903138,1867.4148172410773,1690.14899972999,211.00297482196484,223.64839577291224,199.03293733652526,396.4458141341378,411.2133209218282,424.1834976395902
19003,60.7968266333974,52.28919895019222,25.106654908189256,486.542865335392,483.68548742199863,415.5038231005957,1918.7923090847648,1887.4566769616054,1714.456285542245,213.54469008490696,222.76277952229776,199.5674613615971,399.0423367239918,412.61887729946795,428.20806307287364
19005,36.66702072156584,31.437975526301397,13.845343511292224,434.2714318988718,437.1669097106437,374.85491377742363,1787.8307702596783,1764.4696309515396,1588.786451861079,193.96667039470282,199.53282770792867,182.27534867833484,393.2186929083118,400.80151526374857,401.9842466042304
19007,70.48183235395243,59.4439344462789,30.191135017097572,534.1520008930752,528.5296253819745,459.5355141109459,1976.389263395255,1952.3550705486377,1786.131123744378,223.31098801722038,231.2963722983182,216.43668137481626,408.9079187712007,420.5886420434951,432.00220847635063
19009,49.99899583226882,42.55089412768574,19.48777559432252,463.7387006541282,462.16066308928805,395.3822844080326,1872.9404868724203,1841.928309449352,1662.6891547463226,210.20162962993248,220.03022946885895,195.81380830095173,395.23749110091734,400.25253069806865,411.8650619888898
19011,46.824054479567,37.94804499249727,17.971804258119725,472.0436420031464,474.3667561003855,406.6939886075391,1868.4322450154946,1840.5108345539807,1668.0143742769192,210.71495026514035,217.13874628241575,198.35499078374468,412.7431794765715,417.91794984283933,429.12665710538624
19013,41.18584458265949,33.306939523145665,15.232691969780674,454.5475450868183,454.98252062217927,388.50837907516114,1830.5148745770816,1802.9836902112227,1630.8317880476336,210.3505435581391,217.2385031122913,198.61003305739217,415.1774853687346,417.81270175321106,432.44844855077673
19015,55.092625089917725,47.310060157912055,22.370968542686402,487.45880636856236,483.6432274710427,417.3058033180593,1911.7961669689491,1884.0112293099112,1709.4594843142022,208.85383754309822,218.41324341449686,199.14190149155604,398.3207750318295,410.4583083296217,419.8842854336417
19017,38.35038849631771,31.93842822229987,13.863208211338385,446.9415615669219,446.50763403892734,381.5481008198378,1813.6441254655451,1786.8588833466408,1612.2400679143407,211.23026566989046,216.73116849095896,199.18484915643845,414.4056228757954,418.866824261263,431.317917358822
19019,39.94769290960787,32.27451663258622,15.096677297137813,451.3452813298886,453.0798663834524,386.7641255874004,1822.870738829557,1794.982876002723,1624.12498903304,210.41055552530503,218.84149859247492,198.9685855265945,418.14876067789356,419.25384219604456,431.6936533331533
19021,41.099846734983,34.04052939469724,14.481129941600082,417.1464649762405,413.07414988597964,349.7992094813145,1783.0422507405644,1746.339801001747,1567.1441454927403,186.79703971439636,193.28415831553735,178.63030025802104,383.51316683127413,388.1211773018705,395.79495612783455
19023,42.69420149721563,35.95702359401287,15.690870094139706,457.190457707773,453.83484548032527,388.9108547912909,1831.5016904270572,1803.8864506814575,1629.3504763841281,210.2291570715588,214.01693648830354,198.25339388799986,405.0520673209587,414.98518285349274,426.7432067580112
19025,50.02598267252766,42.53068153761391,19.239265721572668,461.52002185201866,457.58455092235636,391.477470429017,1859.1729866879668,1828.0429992229583,1654.4240833041288,197.97853414706088,207.88073977817743,189.60185531826215,392.9375850609808,402.36220937840784,409.7792531424714
19027,50.02515537084994,42.13740508120095,19.610283638699407,462.46740798250323,461.7449605908813,394.1768723019934,1866.9304798069504,1836.7692724657154,1659.4915634567037,205.86970014506983,213.06538079861815,194.0734279085523,395.63151106240616,398.8725905836773,410.5407837302009
19029,58.4570225926253,50.80508806170551,23.611556482940024,482.4582028144452,479.2445057873873,411.3930540697992,1908.7194346946712,1878.3686366761747,1702.277269150937,211.87613255641298,222.76687114381326,198.15466796880796,396.2993532254003,407.7559632330696,420.39184719303876
19031,54.19395768805739,44.53882694605615,22.001050554258157,501.8689812972765,504.25389209094936,433.00746152699577,1916.1090080431889,1889.4215603697298,1722.5296814895542,209.2686856930622,215.74967164039785,197.86118633313373,403.2638630802481,406.7672048411212,417.823956882948
19033,38.208521348789475,32.12049444401093,13.239163279588917,432.50414884128156,428.1284156543369,365.87193223073734,1813.924156452138,1780.3316171623205,1607.182859396316,203.44894245730322,209.73456722375167,194.57446015796657,393.93743133502176,404.1256565054083,417.8396791631232
19035,49.03541437564307,41.39680970237366,18.672338124101994,428.9160336333607,423.8829780559804,361.467916730006,1812.3104348308807,1774.3419945547062,1595.6799344173319,181.48052485637382,187.40994016100245,171.68873656256682,367.8623687546209,373.1488539287453,377.39389183768475
19037,33.39263912125434,28.117395722124932,11.612924209661339,430.8092414324131,430.2930477533866,367.71769034025374,1786.607015833196,1758.9595683271662,1581.3935148124442,209.94308342909102,213.76865194970992,198.09532671250344,413.64061638612094,419.6264063088735,431.37561938842146
19039,60.72235768440216,50.95393606045427,24.619709478251828,496.4113746216332,491.94190393288807,424.6288044863426,1925.1024513586094,1901.5699764011729,1725.815526827189,218.75717050115946,224.8440311529756,209.0593204435615,397.43464094964946,411.48627261374133,424.6474550033721
19041,38.746717210179575,32.428564013222996,13.588303318688357,405.08480130114197,401.96430274248894,339.6542176615888,1764.3472072142824,1726.9881957223529,1547.6849115609284,183.9110281306114,188.22250062064717,174.37526728442066,369.8143358110473,377.06638417415604,385.9418428869246
19043,38.23652209011399,32.056246055582626,14.393782358000308,443.7251483185569,446.8595406851732,381.29431075248925,1805.4839899774859,1780.1763598523728,1606.100793826894,201.58420156993424,209.5281414978278,191.9656527836379,397.54942811787436,409.3786416273212,413.69130645681406
19045,50.680642513573844,41.61986051859468,20.364089178373032,494.12481238056625,498.7070735538117,428.33677959945624,1899.8606940577733,1874.973235349126,1709.6782744400111,206.19136182479852,212.27020347888592,195.66033331260098,401.7608196893475,404.00386192857934,406.59032047381436
19047,49.83338176647177,41.45349549110547,19.237348058165832,455.87053812467803,454.40734390048675,387.3470383684848,1860.3705115453802,1828.0131961696402,1649.539757698376,205.1155562580237,210.3542705947526,189.6553718738558,388.7903169255346,388.2548766668367,399.21871035744056
19049,59.13565012612846,51.27184854231323,24.71173696993335,498.97271478486925,494.3901790206422,427.0669647957393,1935.960092671217,1909.5572063075138,1733.3081321882996,210.97470140195438,222.50129439690915,200.88966041050026,392.8850204417718,407.8604061582589,419.14982501088446
19051,75.28051434460397,64.4192685646099,33.52571930265477,548.629694235204,542.8411867291663,473.45884680650977,1996.148927279081,1968.0411529556939,1805.5875855457725,218.16940539035858,228.42760017866112,213.2275734311219,404.69315873791555,412.48622437459034,424.7966907848789
19053,63.074222006170636,52.95452949360134,25.487450098466798,501.42531214933723,496.7864981351364,428.97465626537223,1938.0125527612104,1913.3918405696627,1741.7725384291389,219.55192867358224,226.38496747183217,208.90477122843464,404.6267107759566,422.91957191767085,437.1069319416532
19055,38.06105969870167,30.875840478649856,14.335573198977261,450.036914816787,452.81455125989316,385.66516564509607,1819.3614720802648,1790.7853314763947,1619.8989251721373,205.83322125795607,215.49632242545107,195.21094465620098,411.92903385034117,411.3770450508222,419.6551641887231
19057,70.76227797916053,62.06064290888601,30.926507272945184,543.669670237476,540.8947959652346,469.2987051439515,1967.2004870634978,1940.7369644677765,1783.0933782498676,214.25336927231487,221.32137680435704,206.56058407191352,390.3731663234811,398.79296159221553,409.3088751475133
19059,36.05399806424044,29.832133051789146,12.112284025105172,392.24095088675557,390.6844588108212,328.5669861819798,1743.7111594893952,1705.0988672743363,1523.2264178256692,181.78567618095215,183.3239199218346,171.14441006464327,355.21229499833686,367.0907230440729,373.21876519076443
19061,34.570215752526835,28.27086609931007,12.757204850767776,445.36526392371604,449.13319329469505,381.4533918133555,1815.8378990601134,1787.3564489545138,1616.8340316621302,205.86077831513708,213.68347625853784,194.89287499585174,407.923474442168,406.8264615156885,414.2996200040875
19063,35.44563593023608,29.434690890987163,11.825423712343932,402.921549670234,401.03703724918125,339.19177011382186,1768.4070514729162,1728.5257262077062,1551.797273706068,184.81431844841921,187.81879310350593,175.38425427188548,366.0850307340832,375.78285691867296,382.89172351669765
19065,35.3818665898286,29.35074465658435,12.861122970194799,434.9508665006195,437.0120118178235,372.6129334656451,1789.3004219081413,1762.098663781106,1586.2433027934533,207.74094872789001,215.29412136270108,197.52807290519135,413.27999389313266,420.3454649984098,430.0161883489033
19067,38.13046458499683,32.054567437266414,13.424729664850338,441.76436446146243,438.3783395885137,375.9739592867095,1809.8636732525472,1780.402844121273,1604.0453944490664,208.91249485867957,213.3402518047307,197.4743217156209,404.3531487191079,410.9721025945954,423.6120845976067
19069,42.37747547323295,35.50231660496015,15.250469242305446,450.17927297808126,445.1096607357604,380.5474130206426,1828.8907934595668,1798.464354963142,1625.7217440600393,208.14987260203378,214.57127419329717,198.17872244039302,399.8912129007494,412.88132246028215,425.1538038458481
19071,91.76904528814144,81.73212859546939,43.75088481565197,534.0382545795494,531.8810060069989,463.13487125854397,2001.6341358155435,1971.2357557016876,1809.673828164423,203.58498887943406,210.90882787386863,187.89350128014308,373.1233154336389,380.0198131413096,395.1469956508058
19073,55.380808985190484,47.631919147367704,22.578747009524182,483.0300379599783,480.16588335143445,412.6812823073743,1902.15572884391,1874.7852690799857,1699.2532989491604,207.88497571747308,217.2367900534079,197.73369629072937,398.3383697852408,408.7061525763307,414.93425346845726
19075,42.44830411517505,35.05910647705575,15.573752017493103,454.6929613397744,453.02760808877775,386.5299542161667,1829.8630210678452,1802.0520789707637,1628.00990004173,208.61572103857014,215.83295169012302,198.1919981394859,408.36454172558695,413.6643608966971,428.7934325351795
19077,53.857721348660846,46.10416964502188,21.894647847610464,478.812581138084,475.9196738587776,408.88029457261933,1898.9496650315446,1871.6897275322037,1693.1766741777105,210.11601140871008,221.2842418153476,198.55375109453874,395.1727292028609,406.7511311957686,416.7736253480646
19079,48.5620529549847,41.320727763003994,18.561073081911605,466.9562073783262,462.01196084933855,396.4982741213944,1868.2873462337502,1837.9169812247,1666.658161225118,204.47072434349374,213.42692133522024,195.08695388950704,398.60190392183966,413.1863122014589,423.37783168095484
19081,38.3714275205016,32.34749518888476,13.074917861048855,426.25587879566837,422.3719683097569,358.83137513896054,1814.59086435532,1777.669663218864,1606.3379379509872,196.4418196529356,200.3936995558437,186.51568812451927,383.35589335792235,393.072482950893,409.17395588868135
19083,45.78083021680884,38.49255830722264,17.095761527154675,462.53044335790617,458.9480082941276,393.055779144856,1849.3057028178234,1819.733085089565,1647.0993245156983,209.52695500867497,217.94328378513455,200.40991117581927,404.4748317523631,416.776081808443,431.04724927638017
19085,67.5365584752293,58.683706204873864,28.590928749341167,494.12842246377477,492.08608551876216,423.90361453716633,1944.6435113515804,1915.2753326127272,1740.655489441158,204.71128085059337,212.92357964423667,186.40737525110802,369.33223655552575,368.1638297363242,380.0876283256195
19087,73.01039196970183,63.60045607570298,32.50159073575244,547.6974233807298,544.0935826653249,473.30357988469103,1982.8718691597264,1954.8314469094591,1796.9801972393107,213.4838437858716,219.25200144666823,205.18713966995657,394.52787409076,400.2608856991534,413.98187874017395
19089,27.720670226954148,23.26728042631507,9.177628634431176,409.9791606470023,409.068985020261,349.839593394236,1748.351735700929,1720.8044529762979,1540.60586984073,202.75253658682797,207.1340912076149,192.97978824095077,410.9619085881276,413.9650405492319,426.2457422666283
19091,45.90778180101656,39.03258873179267,16.79970963059279,448.521923989378,443.40017169942183,378.65754018341244,1843.0084775808155,1809.5789965381737,1637.6216703189975,196.12157258389044,202.244566811629,188.8170561089952,393.84837275923087,400.426919572621,410.88300469472387
19093,48.18634573095158,40.64568665458266,18.154970556047793,440.5466304533849,437.17343607276143,372.51195286561216,1832.5691487581184,1795.8401632691034,1618.5304825584415,191.32818737523033,198.59076409822413,179.65133431693104,380.45652952781495,385.0896589080246,387.7404903150693
19095,55.37734839007875,46.605592563166866,22.521777052498038,500.33699459925657,500.7313206818214,432.23092524425965,1918.1696273609257,1889.267237303323,1720.7435660430624,210.96293644858832,215.92630528803676,200.95395701740262,407.59218150268146,415.14255092544636,426.74248508048686
19097,40.71855242929415,33.0431295866406,15.576212832336807,466.11387964545474,470.85348357538334,402.1919368949668,1854.1675169737985,1827.2231634052066,1659.2198782487292,209.104916547931,214.24334850077815,196.48506890339567,405.59320344937873,408.17651968190444,411.4106324775692
19099,55.309504267741694,46.98057990337652,22.546222358249114,490.72858145077055,489.60069953124975,421.8576087483486,1910.303858059858,1881.10054451812,1709.0413111445578,216.2714478068039,220.79308991196845,203.93433217686493,399.2670329061569,409.0549997073767,422.15071860894534
19101,75.02181076496726,65.64231121316699,34.05694235859718,549.5310417068445,544.838615053473,475.45543790918964,1995.306546149331,1965.7949545864474,1806.6797287542336,213.27612375976997,220.34587364749396,206.78982037337514,398.310791826026,405.34939769866355,418.28089153088183
19103,59.99341758529219,50.556549943784766,25.221272435393576,512.128715633514,512.9734867927593,442.7745520831469,1936.5927444846282,1908.4050344978036,1743.5428339869497,209.8580874370933,216.12712351217237,198.5227531348881,409.0323006851928,413.49410579856396,425.27828297183214
19105,43.50130369831858,35.11319237639971,16.864536439823894,472.09110809231026,476.03011689265065,406.1425413689867,1866.0222312706742,1837.721597368462,1668.246376779735,208.032337551012,217.19558388402737,197.3916245017819,408.78919226086066,407.74454374080767,416.7697000161115
19107,67.69654165708978,58.17660955463655,29.400087719742267,529.6931709360385,526.1175578083187,457.74874532121055,1968.5782299560833,1938.665769748046,1776.7169135491204,214.6074086620673,220.85351552505773,204.8142506334272,403.4912461638826,413.2287151866687,424.56742736143434
19109,38.592411433047005,32.75532182139235,13.332740466629758,423.8750934587753,420.25373571034453,357.23233010190665,1807.870807652071,1769.8591726318282,1598.8645631945762,190.96168366468137,194.47109980127644,182.15538264433027,381.3726090521384,389.34774839638595,400.1305194925038
19111,75.09472911088749,67.43347826880402,34.63460799030919,556.9517567341027,554.0782823013295,482.95909923967537,1990.129630261507,1961.2968899321556,1802.9788895743218,213.75618995913123,222.13623539041345,209.6413739775529,395.5936893627124,401.519006358699,412.3445797827776
19113,48.91589094371558,39.69111607099443,19.362991449851357,479.8350848841143,482.92970320945807,413.509782278272,1881.8183273473678,1853.7125731934582,1684.3586343814,208.7595222590112,216.24170063257458,197.62066147750645,415.0993778099879,416.71702486142976,425.4320305086244
19115,70.29818741347854,60.670105223475204,30.66986811772539,541.0179754609187,538.363056322689,467.3634791312438,1972.7029199493136,1946.1447349492914,1786.9485952165658,212.92829336710957,218.2991027059749,202.41785787545334,395.4485646732108,402.6589374593709,412.580726496997
19117,65.14146266195425,54.51420629315136,26.810731169277044,511.7132531297428,506.94764573229213,439.25121372696174,1942.315381322726,1920.3810582962913,1749.0622207011638,221.72151562902053,228.60646776328568,214.68987586188354,402.26574461775874,415.6428625929822,426.50642298766917
19119,59.580639704606725,51.081626749589226,24.284186969435005,427.46629329463775,426.1136760911086,362.860535410756,1815.7778993980548,1778.4828895776068,1600.813957079861,165.11606372730753,167.9865209574908,158.4533908406574,331.9816411825674,336.12098305696,346.5152537962041
19121,59.22050275355649,51.10171415045126,24.137010669369943,494.44400063955953,489.1163576990455,421.76834400270343,1923.6160739574145,1899.1522656296474,1720.685711011559,214.16143802330757,223.337285946556,202.0397658859061,392.3752573185897,408.05935478965876,420.1126241081821
19123,66.7316101049317,56.78878762145041,28.738013880227975,525.2755167921256,520.9494266626367,452.7906559099491,1964.4520788062352,1935.7992180485849,1770.2943675829756,217.28103871384116,224.15387061949568,207.52007616920463,407.6020211059274,416.6939880584194,427.45320098662324
19125,66.46335825025075,56.31764120880756,28.011341443991615,518.7346192143702,513.5288086776036,446.0976488197417,1953.5426378887878,1928.7310384810746,1758.77672217408,218.81700801482302,225.66514936502745,209.6825131226479,402.38431403642096,411.17367856572736,422.6458415891587
19127,48.71074392182136,40.96397303402074,18.712291331768686,471.1941988161158,470.845872121356,403.3203326079064,1870.5929003615292,1840.6390236793384,1668.3462929844773,213.83525628840275,219.76601933162078,201.3000175137045,404.2344650776091,413.7749200804402,428.88675643810285
19129,82.2495048402135,73.95668937590787,38.268225209125745,518.5311045214166,515.936264016412,448.7304391598409,1983.2713926893707,1951.62561508018,1785.7563463150807,206.91667440529358,214.7287886976754,192.36515438770414,373.8363607447427,378.1459709466966,392.9792444173598
19131,31.09399426829638,25.805749208082222,10.300217706476667,417.06585127807284,414.10337210331255,354.22134678760017,1769.1510937311737,1737.9870698818145,1559.8486591411436,203.10445429883643,208.4108804851607,193.52898287083724,403.05542333627955,407.7605839864558,419.169875564037
19133,64.96949441055833,55.600002105527736,27.396108554607782,487.36610926579203,483.68075966494814,416.2511910232579,1926.2492459877153,1894.003375659234,1720.1896306743624,195.6817273215312,200.79667263384312,178.40018438436877,360.7759256675535,359.71157996792687,364.7384983312627
19135,70.23744833851097,59.84322961999929,30.16444427781384,531.0533603063915,525.8574011855695,457.84685677974005,1973.8142504719785,1948.6956351321764,1782.4000190773193,220.78259094667868,228.764194149763,214.1226176668809,407.9254777453092,418.600834288199,428.47760344997175
19137,69.44723969822755,61.616206871824886,30.146082863792195,500.7505004746624,498.0663535068804,430.69708357545596,1943.6264509956782,1910.557397758555,1741.8052673892264,211.95987417656005,221.52198699667687,197.44125634402732,394.16411625170275,405.03167672473677,418.66834693093585
19139,64.15555366152284,54.30062184099836,27.33204663787115,527.1986104334559,526.4279717122984,455.41367411437403,1954.7011278404075,1928.0512406049809,1766.1484745014263,210.37005760743855,216.0350337709211,199.87031289527584,397.0464109609393,405.1317590902755,414.0389731820631
19141,46.084726149462526,39.28639312176266,17.384456872547794,412.8918177220592,409.2893334068459,347.3640411715443,1785.263834741258,1745.4093410084656,1565.872579695675,177.68389743919806,181.787852992502,169.92040520530864,357.64817843359464,362.77926338329655,372.07375671461614
19143,42.89617376279149,35.910567759793636,15.518891202963442,397.9700652064929,396.26550401434747,333.6740413267288,1757.848910058014,1718.807637849063,1536.9562226040346,174.2445296353114,176.42092133042743,166.9067275090597,348.55382648949137,354.7502529606258,365.65698616298897
19145,77.1060888400313,67.82511485161294,34.58616718073504,514.7081214837915,512.1304338961708,443.74077103686005,1964.0263493452198,1932.8048369701905,1766.8608490773308,212.4572185766703,219.78305846881898,194.62929912222302,395.34258114590045,405.2139405562925,422.23382638974937
19147,38.71992257582845,32.530496735043116,13.602003744114478,418.16768399642416,414.52773443015576,351.5610399452078,1787.834325933407,1751.2670070435142,1575.5953159908072,187.3795913780005,192.25473129622816,179.2050460924754,375.38983585518525,384.70321068868174,392.3064816127749
19149,66.28325189239904,57.50411898837999,28.329896659206078,460.95504368557823,454.4119999334139,393.32750404053206,1869.7991078002276,1831.9119463648271,1659.0083793218594,172.95534498052814,178.8620586503792,164.39066531002248,341.00368975760364,344.47165965512335,346.0793157943798
19151,43.840548709211745,37.14282518917793,15.933245873737096,437.0182247906961,432.46250888813694,368.5928836854802,1817.3523827126094,1783.6170626313233,1606.938922765637,190.48029857817363,198.6634008030779,184.73763715410982,387.2455646504778,395.1976146149247,402.94640833263094
19153,59.61691417302897,51.745183603595045,24.858742370880357,503.3509433259313,499.50564096647497,431.7838311715568,1938.9720632088952,1913.1392849798626,1738.4278572988756,213.38010345744775,221.64397877843558,203.74937567910848,391.57601641602423,402.0357572129791,417.2381892587265
19155,70.92330947729003,63.09955818249864,31.032850349953492,501.470446127384,497.9454534200255,431.24767975512424,1952.9213611858079,1921.807971159996,1750.1403555324541,210.33170699211578,218.39823390299526,194.86372242927735,378.5858484426701,383.58259687497224,395.23686394043153
19157,50.93183719264702,42.55852969028749,20.307770343713948,484.8252007144291,485.1186852999922,417.40332742561384,1893.198069953823,1863.9610860649573,1692.0606190649348,214.3788304695052,218.49854417780034,202.64280261471214,406.2956431778467,416.82334287208266,426.51895286131594
19159,60.89429188195279,51.208388145619736,24.53849697251691,491.5080131069279,487.70700564402523,419.9762409719444,1929.7763437601177,1901.9460440733742,1729.740574033272,212.6238577296835,223.17605658368362,201.01043173297944,401.16378942539075,420.3538085154514,435.68745390931144
19161,45.75210587417958,38.10170009711175,16.996766383184625,439.63660377613996,437.5852777366971,371.9251016488287,1826.1335836678165,1791.1795165484727,1613.9106934591953,195.44056038501063,203.90425311818794,184.49132643813084,391.6678072808115,394.96833908516726,403.03559385266607
19163,58.50425059911564,48.6997338175799,24.27725870545509,515.0126376464539,516.9858908054883,445.83167702126593,1932.8245752578441,1908.317265970365,1745.5154033374306,209.57494370066402,214.733849662697,198.0384666775311,394.02469083626545,400.3905661225866,405.48876258522625
19165,53.8412593249344,45.90211763642431,21.254253666263992,469.4637028692026,467.71249863190485,400.23356922894027,1887.9181335807928,1857.250981216515,1677.8896148953404,209.68711193261908,219.59486855080854,192.8349782906825,392.7400665375277,391.541347287726,404.94865924960544
19167,63.42648129592267,54.441342481900634,26.213784856350323,444.22922419961026,439.49759498707226,378.4230626285994,1842.784429003797,1803.370244582739,1627.635840396625,167.52893602697947,172.6203762012593,161.23650927189823,337.09341306127,341.8410732568774,351.3388188028915
19169,53.24348584096642,45.50486584870022,21.30310310805078,485.25999419054807,482.4826765473573,415.60189373238154,1902.3434199858639,1873.7536570144343,1700.361695905889,211.92719969874983,218.84097440815344,201.32957275354897,398.9505597683997,410.71354342766045,424.27900028302156
19171,44.27780605469535,35.906178176471784,16.479424687740114,461.12782970141177,462.73242635157686,395.6594352997369,1848.9658722149084,1820.0149481302328,1646.2842313014648,212.1805897424652,217.44804208222791,199.99973572889513,407.4663429201829,415.5168426129846,428.78956016947666
19173,65.99076864886082,56.80955061427697,27.69317003710085,495.6142019803907,492.86520550121304,424.93103048501064,1934.5012088346266,1903.8328549714129,1733.5645991351594,215.10703221378034,224.025238366659,199.23029937267276,404.91500920296136,418.19043235594944,435.94266161146106
19175,56.18036433602856,47.81183759577106,22.616627285334793,482.24669970046614,478.3554546408287,410.60143868705046,1909.9180867720418,1880.9361373561792,1706.1237679862763,212.08712915298275,222.30457776441966,201.3604652145225,395.5013799925563,411.5909067209518,426.3673517422305
19177,76.5408119529026,66.62206901996583,34.84815061925257,557.1114463794831,552.199509898746,482.74753413988583,2001.3023636538765,1973.1593502114677,1812.7686784603375,213.44494034952658,221.85627060875953,208.98036630277775,398.3328008030947,402.98676387765937,419.7109913961017
19179,73.15640357457559,63.38953906209215,32.55620968910954,541.5768843519442,536.8027201199641,467.9390054347715,1990.103019806444,1960.5415033626655,1799.142878940896,216.20764991239497,226.33481651703383,211.83904014171966,405.9605224387536,412.9941451205112,423.7014785584157
19181,64.42507073555788,54.97424432745218,26.857752379262035,509.60832050188355,503.79438148512406,436.5106996800482,1941.8048064716663,1919.2802296094421,1744.3089863000612,218.47887098637412,225.06501590572287,208.5630691218168,392.9159772302104,405.7587897573,418.3463560109384
19183,71.83071001278691,62.2715406434008,31.87079800704376,540.1465141701217,536.7051243803221,467.07003874549554,1981.2075571998187,1951.871808009398,1792.4157013188046,211.703328651361,217.33776461362316,200.94347152042369,399.2461905054433,407.4423233027613,418.9850270972721
19185,65.14592953890194,54.42104286349049,26.69604206645273,513.4207316537193,508.544601838347,439.96113390638465,1947.1436641504483,1924.351010851776,1755.0607829290602,224.77023580302253,231.05340048078156,215.05786802393172,408.67369480798936,422.6485218257916,434.8432959823198
19187,50.00697779366353,43.05030376870355,19.398184053084734,466.7266284078311,461.3386529862091,395.61499412927776,1869.335811854739,1837.596368165338,1666.1802814296498,200.83874104888133,210.94193323445703,192.53911511976565,395.82067558184866,407.5099189139267,419.13037305065865
19189,33.209189973013125,27.583754082787358,10.719867118837122,405.46004922217224,401.731338356633,341.2986477770595,1785.6443072038521,1746.3283899887895,1573.1425891397262,192.07647485378286,197.12916627641044,182.97077709921328,379.0807888630612,386.8401037115158,399.3548820628594
19191,31.725711099003433,26.624771808131584,11.362751362376533,422.12361205441465,423.35558937916267,362.3700234923815,1767.7957013614287,1741.7107617857655,1563.828689726189,201.2587381387479,206.58704550808224,189.9364873676628,409.05168596078767,411.96627255553113,416.84593305185945
19193,62.792362188732696,54.3903756963922,26.290783834770018,471.85901959124556,467.038222186122,402.83589436651937,1892.5518458823929,1857.503549480293,1683.5692374227674,183.5775679539899,189.44635393307266,170.00538078434113,352.6902930515137,355.87453953709166,356.88333734228576
19195,32.68083229660241,27.23891898332983,10.714489883361786,410.47922507872784,406.590516856087,346.6916283712979,1786.9697482900979,1750.7538035812734,1575.6459074101947,199.0381836749163,204.78508490003873,188.79168458593392,390.82405290501146,398.3977843056631,409.67335961685046
19197,44.19571743522699,37.36718963693201,15.931700634355158,448.83431920062276,442.96745305915437,377.87692480852087,1840.9255950436605,1807.8089008800853,1636.8709484424112,200.72581402985548,207.0944156717515,190.67081792281834,394.89409650504814,407.0695274061379,417.4132163540777
20001,155.26728946092186,137.64241689892927,83.57700006756978,665.7080295129707,658.7201383574835,586.2454991093417,2172.9483151522772,2150.70607284092,2012.8491856116227,249.2789530853635,257.4895119287918,236.10744288382935,433.0233752545425,430.04069585226773,432.869942324293
20003,152.1061719132367,135.1740423648784,80.4646632441474,661.1833208896485,653.3359994821033,581.522949775225,2166.0228774168854,2141.0451535348866,2001.8582046142844,242.9389989769702,247.89943833892153,227.71620878418457,428.8556771785117,424.19702767162744,431.8867544766237
20005,128.78491781605163,115.34611635342574,63.75693801433848,625.6288823348239,620.7339295422753,549.3742644095267,2125.0818862353253,2098.0890759542845,1947.557143185708,221.72736010413914,229.47174810353445,207.6010781898069,414.39749095366597,434.02474292040824,443.0298286350426
20007,240.9222110718061,218.42738753665657,146.29923212262156,725.1048043190862,711.5387597174818,646.481409841457,2252.765501377384,2231.1192425953973,2107.6166030720824,173.91371180724974,175.923376485151,160.6631137374231,315.53982403445985,322.8633445152987,331.2486923255828
20009,197.39190380347026,176.06048048075758,112.45188305575111,628.5522120181914,611.4473577217456,551.7667884301017,2144.9624757111123,2121.914876473124,1984.7047386479414,146.50638223602238,149.72321273123265,136.61705449242476,295.67940635272925,306.36795645309,317.9903995596207
20011,155.87075238864807,139.07181047171667,84.16004268532359,666.84579136963,660.9103102917351,588.711818704478,2184.6603453988314,2163.516948812104,2027.9143620560415,252.04210642245894,259.5892447082134,240.06008320971668,441.12219206453653,438.264034746011,438.905726854414
20013,133.72990499790131,120.39882167245341,67.83883476298324,613.9195007720035,609.3027979982434,539.6627871829564,2107.1567389073352,2081.861411434952,1928.2026378499825,211.43257806369843,215.51054424767023,196.66043640711365,394.4176233933723,409.65115021895235,419.27923209659474
20015,173.9504637784798,155.37143229283015,94.86386001006903,675.4148069818507,664.4507032378597,594.2847757009223,2192.6151059414933,2170.8605269226828,2028.661946896509,214.6852096053677,219.2556711983089,199.42600266726564,392.08818283163896,397.73658646148687,407.00719311195905
20017,158.13683789747282,141.17957292437498,85.19672643131914,649.6053983686038,639.3049627330884,569.5573159356279,2162.3763534136406,2141.007180617207,1993.3643165311296,219.60034263106587,223.93400173951076,206.3911934221635,404.7026532270836,403.0689227260945,413.80481179905956
20019,191.36781812055952,173.78508549168296,110.46939278681569,702.1596173738018,694.0513217240007,623.2802953381502,2204.7071637820763,2184.211387778929,2051.3763221913055,240.482630131827,250.85304016278124,234.16589946624808,403.31934582940494,407.1023629405245,412.2350519201824
20021,152.97845504896642,134.68234343046183,83.0895954904901,674.5694487236572,670.3784722448379,597.0548985855937,2169.1199951636872,2149.423825988015,2017.1065030068362,254.3230132070642,262.54070498168704,247.80394508515928,420.70811088061384,421.93261500542775,426.208677726147
20023,137.47217176807618,121.77584830983999,78.27593732303178,499.06381580573407,482.00132956807164,427.48943556044253,1938.2789638753507,1907.165773739737,1757.8213580594652,106.61320790977497,111.66911215751725,102.99846379317339,221.96374535632694,231.05931214867138,235.49070888462228
20025,233.16041868381126,214.2288771582906,144.95532025765766,697.7759228836345,685.4716239954362,623.0919436112588,2221.776139667255,2202.6127848445553,2082.9841941175982,131.38767440231965,127.58716953377464,115.92121317971711,256.8407021451995,269.969635319164,274.74550103528634
20027,160.85743276930106,144.36247601062857,86.77675034809744,611.0292017936516,601.2690242580288,536.34477305122,2144.5657590422825,2120.141101769804,1972.739403360479,196.9256599108333,199.17515239314577,184.55485524182401,382.9543819080682,393.38304273093445,396.95803310467045
20029,162.5875647583407,142.5463700045274,87.17511771662983,593.2851844048278,581.9198864230433,519.553021335273,2133.86979358454,2111.676822748989,1962.254183655552,182.90858091132242,185.2165992842451,171.75980446040376,360.4842661464693,366.8581279173574,366.9189635649891
20031,152.038241946086,136.35125949919626,81.32540484529972,652.5630655018653,644.617932569657,572.9542932098728,2158.2394823778304,2133.8658617327937,1990.6707664586897,240.280468376,242.41814641825712,226.39676882163354,418.1858189610513,417.1333096850434,422.3572014980793
20033,240.54157450823445,220.0250676240981,148.31161319996968,717.1267060085103,704.7792333595631,640.5384314255429,2240.2255393091027,2220.6849718554577,2100.575400230885,146.44572221329685,146.01272815308016,134.73136237814253,287.15188809684423,299.8048320413268,303.6864237654576
20035,197.19186280462105,177.91361830165292,113.00958210905078,705.5199730801083,697.2093386408012,626.7627009066207,2228.609776621062,2207.2277110442783,2075.2098149915923,222.46492783369095,227.18580798563235,208.4286018576604,393.2598028773557,398.1637726225682,400.5830025130501
20037,152.45903645280396,135.44995672200312,82.43264758991286,665.8125181837057,661.1852615935103,587.8840735569431,2174.3816291744342,2154.2433957064504,2020.832878637803,254.5585247447456,264.93850701870593,245.84112842960945,431.22409007200315,433.55606002273316,432.6564747283563
20039,161.77375144666556,144.04035299068317,93.7917645035004,527.132803644804,512.330497270626,455.46107270999147,1987.670244954701,1960.4737790884687,1812.0845564273109,137.30393959024101,140.2539087317063,127.24501889711875,268.7877024436967,281.8036168880271,279.4977781468053
20041,179.89786880241653,163.05733234254478,100.04842644165987,644.0284311266116,631.7536927733715,565.761265291664,2183.571290672999,2161.992493653756,2016.0519139502892,203.35389975676551,203.751653161953,189.55584030793793,381.51122300130345,389.13609650358626,393.6962465008089
20043,117.9239856801535,106.35217121374497,57.82441618238981,607.5520334498467,603.5207488080372,531.7563549233778,2100.1496422927826,2074.8067399180095,1919.751987878864,220.30689661713615,223.31172287605244,204.11116180404036,406.89688154121393,424.5727008187038,433.458306981843
20045,150.76617026493608,134.5540645181741,77.99635668964837,662.654258306238,657.1113618504978,585.6635714718544,2176.085383099742,2148.004989730295,2008.6274315750404,232.88595701366134,237.48216715345112,221.25244864355273,423.1304231744607,434.28921834160184,442.5411536453336
20047,200.85016146462357,183.51318963738555,119.29540872915474,646.4785883388703,631.0863675882736,570.1900401396801,2170.423593987835,2143.932504272218,2019.366053923664,137.49579165232726,134.89401291391638,125.01612443746606,272.6322370400704,286.96032365662955,295.6502466731313
20049,175.88582595237978,159.16168325480587,98.0046493786105,679.3394413687918,671.8266817970195,599.4513682853683,2178.909495943092,2157.5447305141147,2021.998550630336,239.86440672387454,249.42633697488813,231.41378664914774,409.3983381850973,409.58251390611423,415.27171661733246
20051,185.26404876441734,165.4190991907281,103.93422061759136,591.8909639409553,575.6978288424764,517.3608622734226,2105.235345439919,2079.333808038903,1941.6826720234778,132.32148419667928,136.65150083469516,124.53514766568773,276.39232960480945,285.2115532503018,294.55619380943745
20053,198.65225957987127,178.9153351675904,113.90968097323491,639.8580514969337,623.3136081460344,562.0991091501725,2160.8720680249867,2140.311102234294,1998.9470138191798,167.34752910099894,171.34675879448287,156.33513156131204,324.27989626125907,334.23063050132333,345.3587205155678
20055,182.09226065322474,164.60328094888476,108.38957389225341,585.1514250801246,573.6427572190402,516.3508072645342,2075.2931492282255,2047.6444520842401,1921.0984614248714,113.76851211001087,112.05967910496076,102.57602812780576,232.53842859235448,248.39314124433704,251.54268970134217
20057,193.54690750215974,176.7467473617392,114.90431442450001,636.3831845461976,621.6172103594324,561.2169113946157,2154.8649945784227,2129.127919382995,2006.843952067678,127.98340803835524,123.95724544561658,112.62722428475084,251.19155439816467,266.0069281503596,273.5536610842849
20059,154.9192620554826,138.45696712822362,80.94937670358674,666.1094991924771,659.4025181612936,588.246477462433,2175.793273762688,2149.361465858059,2011.129885151565,236.31082452686647,240.61551781641552,224.4439610749292,421.6973767427,428.2896763988705,435.35297308255923
20061,160.4857423789824,144.03197581742486,86.46797368096178,630.0135594596297,621.1095815006248,553.8470214295887,2157.983526744469,2133.766417618201,1985.8801068918551,212.50390681972698,213.10618234806515,198.44660265066904,401.062065026998,407.6220721631165,409.84267873472425
20063,163.46715308731396,145.25603726589532,93.90136412827285,549.4990318238588,534.0116337807254,476.5305013616541,2029.7946885875087,2004.098057346596,1861.0241660111412,123.22852692372116,124.57413128916919,113.52401684513511,250.8160373653421,262.63990502497705,260.1214088807619
20065,174.21577791420495,153.49434646368286,98.94975687072943,558.2351971217568,541.7092588254087,483.53105349985265,2052.335744182941,2027.8676765533612,1884.9581097912228,139.6539941018987,141.81125778576893,127.66138992215085,271.51653279175537,277.0521224760441,279.79149925161
20067,196.55040722979984,174.06319288597126,119.38180198383277,607.9954838977803,594.9329389310105,541.8986061553542,2084.814461330761,2057.5163557189144,1932.0456432281367,103.12180205075568,99.63629684052384,92.2455989089303,219.68224441656645,236.74833604710656,237.15307568445263
20069,186.6476050092827,169.12699239786815,111.07613271942634,612.6668045414199,600.4150447825666,541.8018846231531,2117.552790277589,2090.361159758035,1965.9284908664627,119.68968752772659,116.48432313044489,105.85637492042687,236.74292627580152,253.65369139351142,258.5947387025605
20071,153.83763659997095,135.12072610957694,89.37288157334805,521.252620899726,509.72984143438373,457.4687021759013,1946.7524302763875,1918.6595386370973,1780.861830352053,98.70047231099791,97.17242837929106,91.76950733572235,220.9642319502096,230.09866981722774,233.18227028533744
20073,162.32311717405827,145.12833190392945,88.15978096442157,665.5392898940496,656.9717166911959,584.7766146752992,2168.7213910978794,2147.3003574440672,2005.150165941785,232.84222359682045,240.7540900678352,223.90470936385373,415.4071630979257,415.77660660890626,420.3324402549797
20075,179.6705169226914,159.3230035068866,109.17141468977836,561.3762643069126,550.4708622622148,497.98480417182725,2004.9534543586437,1980.257738980962,1848.7049928321437,97.463942109166,94.78647084680424,88.89583102812446,218.98319633537835,229.04543260027714,234.56643920727888
20077,243.22997006595173,220.85055566386504,147.2514719110749,734.9861113147552,724.1148251958704,656.7836368069987,2278.851102197284,2254.305949110537,2131.7436201303562,190.25335100307413,194.9627980468884,177.39041484235253,328.35608082872216,335.0941637448269,345.0619780942487
20079,195.94484130795234,174.33607387081014,109.94237860462643,673.0883981105078,658.952802600007,591.3440754943457,2215.186421372827,2191.944077390243,2052.148982788898,195.69505014836795,197.09756839997195,182.44681021457214,352.3331567144816,368.49384782706727,375.9810977935455
20081,192.84612093485248,172.56294664486353,115.88073000444044,614.1296176378758,601.9659846066934,546.6614750954741,2105.2154622384273,2077.9163386593054,1953.1908853551165,112.01731853753935,108.49589458052947,98.81665225807933,229.42383416465955,247.73723891522667,248.55313914844464
20083,188.8067538267146,173.66898955879057,111.82735646111021,614.3017339783613,598.5908634156019,540.461624513123,2137.4396489033725,2109.030434380691,1985.1647589940198,125.51599396207382,124.67593565355688,110.57908448773227,249.64495622415484,261.98653046638674,270.28645318953926
20085,142.1947395546954,128.39347699008306,72.77523496119966,625.4763691622069,620.2767230086046,550.6931098284545,2129.3073387566856,2101.112244615143,1952.044816547016,215.53895067712898,220.19395869253876,199.83494630372994,401.54499492126376,415.62971537380054,423.9626074241999
20087,138.70632936039112,124.05003427213778,70.1115754034372,642.2286131354202,637.2826533931466,565.8310675452188,2152.8559789182596,2122.5455546734856,1977.7801956109226,226.04448056819507,232.28043494935213,213.48443565995552,421.79050493215846,435.6632613111677,446.0772240279528
20089,162.98446166636728,142.05184619530723,87.38417894860942,578.4296501189853,569.6639300002496,508.67098839836774,2108.6923994893064,2087.6267545412584,1937.7089990338434,171.03094728982663,174.6132638384932,161.11438995499162,333.2539992194832,335.3497035384795,337.47226507838025
20091,129.56037035206418,113.05564616469314,63.14456630141776,647.8714205018769,640.2799069548927,569.095164521833,2148.001215482468,2120.0435240084107,1978.6208021150385,233.89856841779147,244.899386810272,225.41323250564892,429.69971315304804,444.6916413514231,454.95397329000406
20093,181.57164464706437,162.05021456651784,108.7549123457209,570.3945928920748,561.0050358002345,507.0807647370813,2036.2708909406877,2010.601001170406,1880.7616398403438,102.59095787610241,101.67085505801757,93.48534674769789,225.07076709953986,238.71430498911272,242.9616933108103
20095,221.76856741771994,200.7293083057977,130.27130064712054,700.595478541406,688.9707414467313,621.698790854731,2240.4225100952353,2217.405409027827,2087.319778640561,181.34207399597315,183.7552159195266,169.61762046190552,319.49599556665504,328.3935831720411,338.6349707630337
20097,209.22495087795915,191.1800628702868,125.42283902290077,671.6220926911561,656.789284804179,593.6410192040116,2190.4516551635397,2167.4801413023174,2043.7348690577455,143.0605800139586,140.55411113545443,129.19738621195725,279.52542403680053,292.88599590922206,298.4573079498407
20099,166.3738909484793,147.61789511899332,91.09970372022359,690.0178044949558,683.6634958963208,610.7486886587011,2191.3170249167824,2171.6016594601692,2040.3940394862584,252.3343886298197,265.12680987645217,248.05701084911817,425.106653193178,423.47656941718833,427.8840189735133
20101,165.48380232548803,149.77806368314205,95.86323258734674,560.2280608510654,545.904759059497,488.6930969124007,2047.9699604779967,2021.1012259014874,1885.466543972108,120.65330920834101,118.91500464026066,108.065940722303,241.95384764227688,254.48506655095235,256.00130588530317
20103,129.75157064816034,115.60235108953842,63.88933269779511,643.0870326188663,637.2478658952025,564.9690400382976,2155.1802061600274,2124.8299855573437,1981.2572736252805,229.21673685742098,239.96550694590195,219.77945924793886,432.7520150889419,444.30474915939493,457.6541569718518
20105,197.64608699601098,177.0822515881202,112.59749715100008,630.6471002425976,616.1220487024996,554.8697272049534,2164.1947838691262,2142.3104616225123,2001.3267363084658,166.91902092459978,170.70777990044758,156.06540233747847,330.94585923242767,335.3436649158778,344.09541062127323
20107,151.21798031030835,134.845374194501,79.92770851478511,664.6756052293806,657.8672139668097,586.330903109734,2174.3887754670045,2149.5835734252737,2012.7768116858765,246.0484426988302,251.27364008040095,232.1405800271097,438.65458823205364,437.4920241321185,440.6848783839581
20109,155.60517787003607,138.05673912807165,89.96459149797968,533.2974892262895,519.5888141101257,462.2976012723915,1983.7191309790173,1960.3052415411676,1814.2999716471427,112.54416062069131,112.76909156572461,103.46318430904473,235.12273267289908,246.27710037502248,245.4918218167275
20111,149.57489557007293,133.09412872896965,79.66023781097401,639.5135896948226,630.8459684941267,560.8474011194733,2148.5481606879757,2124.977240125778,1978.8514423838478,230.64146894138275,234.310757232085,218.5211249329926,406.7849035976075,406.7667292939479,417.7684755798076
20113,199.73303244998732,179.1568537740639,113.88198195118589,660.9477668004608,645.4093667738798,578.8810125883936,2197.8604423043666,2176.6208699381286,2034.6930930527778,188.8596197957142,194.73903559431628,180.12679976857686,343.99256634572623,357.26628947489087,366.1841545569167
20115,177.99687932027825,158.0561369446541,97.3011902813648,655.7973120663282,643.6071050302164,576.0018513791902,2185.8681636227575,2165.3171602475713,2018.6235177544909,204.88314807792335,207.98924003070175,193.95927090375383,379.1514333329284,384.6133337243429,396.3194883757368
20117,139.77120604717163,124.57813736232103,72.88309957240409,593.6941231995183,589.1886073379984,520.666054564076,2094.229379132238,2064.0062794784412,1914.9824773809335,201.73858964403416,202.88701919324222,188.57478128985673,391.06221560276833,401.188567521778,400.8552666421434
20119,210.0359728828561,191.06031764621156,128.29230452377405,661.4480972297599,649.4380241540746,590.3347227606544,2170.0495228047066,2148.6315230869877,2024.0183301545749,121.72407880988098,117.20985377303666,107.144297415988,241.02397274323647,257.28498148103193,259.6089256091215
20121,141.3760710402431,125.5355345651188,71.51484468706471,659.6690959797013,652.1921743127509,581.1318424466343,2161.6841176040916,2134.6909457069723,1996.4593879744468,237.92077649273983,245.86429261647973,227.7384931931862,434.4773794946906,441.2522497959609,446.5235184782885
20123,185.5873846542211,163.7268681936109,104.06922213547789,609.9971123849825,596.887722480757,536.0121040257666,2150.2215393055835,2128.2904695302027,1985.183138379268,168.60228110718046,172.66726436732594,158.17267320489583,331.5319893718809,334.65941103592564,341.51943707144517
20125,180.48550591823977,163.04553651912403,101.38496119638782,703.4232651880618,695.8735863737849,623.4551360152007,2208.0781176892656,2188.1487859377203,2055.556727678298,251.95984114568873,265.25522266950054,248.25458175476305,422.86997590488,423.10281416225473,429.3450166673414
20127,150.33703087565422,134.71587925693697,80.2970086578368,625.3189355569237,616.5198326089854,549.0270246002079,2142.384217528875,2119.7898165476263,1970.2852786150784,219.00618547798996,217.96314928546107,203.92209118508384,401.02982488159506,402.9890102781858,408.755104010756
20129,190.83120214414072,169.19693193625062,117.83845361153003,607.6378624006794,597.2786319624842,542.6271995018658,2072.2681697546673,2048.971862769037,1919.0794325341863,97.80301400798304,93.03094466948707,88.68881323572322,213.2020800370648,226.6012107448289,226.72422587718785
20131,139.89849879721194,125.89165247273453,72.35132186354664,607.1082354390829,602.9693695900971,534.300348679108,2102.9501516532464,2073.900249884448,1922.7653284996354,203.4589588491557,208.63931550261796,191.2827538726077,387.1149238318725,401.0888702904381,405.93622122047316
20133,160.92048220453393,142.876075633644,87.18356951432,675.8904886842324,669.994978281269,596.683841582056,2182.6814429767646,2161.634067033038,2028.9420016134118,254.26257214442467,264.5224842442411,245.80820960775492,429.61518271379293,429.69848314808013,431.59420692509804
20135,180.66426536849195,163.28286531550046,104.48186640676408,589.7995918873677,573.0315764942563,515.8079376514818,2103.139464099909,2074.5529864463488,1946.012558959296,127.35725458627795,125.27942952949108,112.32012589648085,251.77162714176671,265.70790318787516,269.717132116673
20137,175.73767516931193,156.00109353992448,102.83706009358464,545.0553336947063,531.4775259862578,475.1041733091321,2024.5116375737664,1999.0040514451503,1854.0338715314756,146.44775534184026,149.4985106409993,134.5980293453861,275.05953158830914,286.8807737100683,288.56988838243956
20139,145.78025389597818,130.08863138597897,76.27046636774023,639.6480505261695,632.8865347748321,562.3547448142315,2148.441542099067,2120.3228477760895,1976.4642286582512,231.9738082479637,234.5364068670915,220.0011340938382,407.1383825001497,412.70242206373086,421.9569138833752
20141,192.21943788875816,170.80010223688706,109.44635873550583,601.9441283435556,587.7834771179535,528.0433179801423,2129.2637845015274,2104.8293277147527,1965.8751124772036,153.47147623679928,157.2773534058265,144.7401757026284,301.99914175604675,308.21842959822305,319.3329070172166
20143,184.74375708681913,165.3188184281203,102.8474398825073,627.9017394314671,613.1691168095821,549.4825471621618,2173.459139614028,2152.27428315604,2008.3496998240237,188.52015802918282,189.31221728168663,175.23288365533864,362.8360290172355,370.3353755820589,377.220272392889
20145,197.0759785098957,178.33189570607547,115.45819040139932,628.0080710924633,611.8218385268283,551.4522158097357,2150.276755249776,2123.161874058796,1996.600652239716,136.93052835745033,134.89457010480024,124.05642501772618,275.18541171318907,284.83106903582654,296.03070268439654
20147,183.1779971183501,161.64541436425915,106.30250789246259,564.7644831747259,552.5214532955245,493.46362669036625,2070.356048498318,2044.1174582691067,1901.5948656994583,155.3715299330265,158.93137318374983,143.53718585904994,292.03065611624163,296.6207089120736,301.30398153693505
20149,146.53516997044875,132.17527062632672,76.69883792657734,617.4366145091925,612.3489126030472,543.08614303908,2128.6582262429993,2100.7390759314803,1952.2638688713334,212.12276309057106,213.98062404115572,199.05847114946116,401.3013303430781,414.2572075928166,417.4529345451804
20151,209.55044746035765,189.17329494959205,122.77158771264303,676.7625955028179,661.2593383930814,598.2453266322843,2197.342245888753,2172.63011559188,2043.1388013898788,160.63752473474955,160.83575459410213,150.60787677733188,305.81425949235563,311.84002767144045,324.55862542432385
20153,143.29047324374852,126.5126119411431,81.64990425014801,507.0932242001637,491.91946821193534,436.2974939542678,1952.5045138718403,1923.3091141107657,1772.5688324917105,121.53128789815199,123.93434984841274,114.31842146791234,252.38721932083672,262.9313969301231,263.28211183431233
20155,211.49980054239163,191.52516953300864,123.74094727060358,676.1135953140905,663.6936603311244,597.7577724561562,2214.850577571231,2192.20498631903,2056.841905579849,176.2209357088861,177.39958883557094,164.03231622002903,317.400092550807,330.1721688926042,342.89186441998453
20157,143.55225912014694,123.87099063423697,73.64386448173471,565.6182851200558,556.6005410316097,494.3791856077696,2090.2395523812756,2068.6182193171826,1913.1575337435327,180.29849812667095,184.19083696906145,170.2186136276805,352.96258364514637,358.2649911671905,355.75960218109714
20159,204.78373738994426,184.17351505802566,118.87107823860151,656.1249671715975,640.628965977943,577.0146048125955,2181.585959226898,2161.587385597982,2021.8118459670816,169.0260484996208,173.44687351372377,158.901454577292,318.109707157333,327.48147195750687,342.0317452009949
20161,155.69669925416832,140.516978210417,83.10662310124337,620.6226316086951,613.3937125825443,545.4732793705246,2144.5308747668228,2118.3444800517677,1970.2077442806653,209.5043521855369,211.87825040587168,195.30097658372543,398.98016328907255,411.1287867039229,412.2468372238201
20163,185.93461745411895,165.02190720643807,106.6767992266538,580.625124136126,565.7286762585766,506.89171223941486,2094.0637222458,2069.963205088716,1929.2326116142024,144.31831192484066,147.89925409762108,134.3656946208786,284.87880827497327,289.3180759390676,296.4610649162699
20165,191.21115923356768,171.22322496788328,109.46001011332355,609.917371345098,593.3451065009128,533.8846600615766,2126.8100707482004,2101.8398227280427,1969.5356542312015,131.4607728275246,131.73960678288535,120.42820983556301,271.2710158841393,283.22626655468855,291.95638752786317
20167,197.53578694151585,176.22099973193082,111.5672871822934,616.0712440092818,599.816701402226,541.080994712551,2138.8519458233404,2114.830973929494,1975.621830507832,144.29041155959652,151.09356848118256,137.02695279960915,301.6313457719273,308.5096986226148,318.0119613895491
20169,202.55342774398667,183.26729194647774,116.11921003042391,655.6405768597905,639.4257679663814,574.6655279977061,2198.4001517240317,2179.387772444656,2036.7777321623441,188.73197749655,194.46345848411735,177.53603929219418,354.64643166321275,365.5487425377452,371.6916001884786
20171,164.51584455538193,147.38953942639586,96.06663943976699,551.0659629994715,538.1251003275239,480.70911391912733,2016.927306389507,1991.9740299338932,1852.3069363036884,113.10193447920577,111.56833576948361,102.51663034558695,236.86777049917964,251.34360792789184,248.76969873399722
20173,205.65832680431382,185.29509013794294,117.295481877018,693.8552901658007,681.4905690627671,613.0805647647774,2241.9166508824774,2219.69083823817,2084.194324126526,195.41174556769775,196.79447283045369,178.9347550937486,352.97757064689256,362.83090324796217,371.584632444473
20175,202.52348240815917,183.86590822629222,124.8463894810136,644.0977461069965,632.3666796667095,574.5953092342936,2137.9048434045994,2113.65349532231,1987.7597188835093,113.46890665063157,109.56506598144324,102.42015918974907,231.3072388443113,248.26389926085508,248.15356620187586
20177,147.1906603320153,131.408947494127,76.21651190712132,638.0744125927358,632.5911645664634,561.8412205262526,2150.5704180456437,2121.333192515508,1977.6859295782074,225.58598038611763,226.5238732411239,210.98776801242298,410.32590036004103,420.254961910858,425.7872943125443
20179,157.9624510216683,138.95856380740125,89.03496645061817,533.5571229286566,517.1184436108572,458.70455523296397,2000.998720897072,1976.0347695373537,1828.3148651028896,132.0394774242605,133.38869069952037,121.16482342048553,264.90585445477785,271.84628983087293,269.2930300498451
20181,129.81867944527662,112.23276356275139,71.90136200582924,493.86710498124523,477.6993160410081,423.4676801488484,1915.5243205075362,1887.4141437143044,1737.2172803075275,105.88552133398744,108.55913598881156,101.48684103514236,221.73667727652068,230.594246387469,232.7924483508131
20183,177.27085137177187,155.6096536362605,99.22352002991337,577.4959481972068,566.9593094694168,506.70651849637096,2098.640334811765,2073.9756881417006,1929.781655393049,163.2601688529123,163.98588473543148,151.61354188475678,307.83255102016017,312.7665402106427,315.7308400131143
20185,203.12070646985546,182.2497688620555,118.04709278045236,654.2134671914876,639.1927129143174,577.6225907451424,2175.284258078812,2150.8309689726802,2018.7235051258444,153.2883050750322,154.15725966641781,142.87804805464543,298.5578745543969,306.50087127494646,321.38011842335277
20187,191.24698084837368,169.072150741465,117.34581483862671,592.5726182140279,581.1692176484585,528.2011497898055,2050.340413193156,2025.1416996226005,1895.741721562155,97.81398831326315,93.41336433453822,87.86916180042103,216.79598972492903,229.27880218643787,232.36597070778598
20189,199.1275343429508,177.84122526596965,122.82488699978558,627.8545871283428,615.6667328864391,560.2465022913955,2107.4818491304704,2081.782613177046,1956.129971860093,103.2467756001183,98.83632502364232,94.41275038876594,217.48851956237095,229.99815112516507,233.87413179268816
20191,229.1563493591753,208.41080950209366,135.80579153523811,731.0963367695783,720.8585819390064,651.91443455371,2280.3157681525254,2258.162022122023,2131.601878501656,202.7050662216698,206.0797577656925,186.55518458994575,359.3720872241339,366.0748141934253,374.61364067557554
20193,142.4020619073333,124.72688047362158,79.79941649516735,511.98677730321435,496.43581043787873,440.3730624737644,1953.6526670990472,1928.3285233150684,1776.7718240283752,118.43298355993159,119.14510845500544,109.65984673360033,245.40003338089946,257.52287838159936,254.43531754303072
20195,175.0619998821914,156.0161354536608,98.86616226754211,572.5070345391433,556.3593684403827,498.7188925102091,2076.8205895509013,2050.7899958965454,1913.1725024568539,131.7751941459732,132.77842357448554,120.79042804328401,262.0309353456675,271.03024042843776,275.4144047554908
20197,141.62199832518206,125.97393721189533,73.38425334235373,618.0841927211125,611.3311273837936,541.4013767265548,2129.5632620417414,2102.096243755431,1953.7208979804213,224.5631896826573,224.7127293399286,209.10797306234517,407.30365330985353,412.528641543509,417.3709153159663
20199,142.07274786488694,124.69731131934391,81.1205464862787,510.81572783802795,497.23917563075247,443.920505799219,1936.29308744713,1907.402816370728,1763.9925233633949,101.87291189572584,102.29643557531571,94.88958822772992,220.16426856818165,228.86758177797574,227.82392976224736
20201,138.05130630588138,120.57383042561715,71.05995826690481,573.4664062237838,566.538366209286,501.50115113124536,2084.112014722318,2058.4105394302924,1903.370955359683,193.66606041503354,195.6668094465351,181.88126247429267,377.89156694820053,387.5757621486483,385.59402015801817
20203,160.85219360637146,142.48432073405908,93.67073128906438,538.132457117768,525.68785777298,471.3190770409622,1985.1275789959175,1960.2243264323781,1819.451430961753,105.35800633443837,104.98326692251726,98.05169833500669,230.0049737078511,241.89268523644031,240.6152632133373
20205,171.34868715854162,153.52261303053666,94.24074128546356,683.9501034848174,677.542273649097,603.9688099691776,2189.443350746137,2167.921873578517,2035.1698965751762,252.97432570959944,263.64893965616693,244.77485269051977,424.94009886742276,423.5602308914784,429.5875308333365
20207,160.8995281050667,143.92662737729214,87.31209832042637,667.2653294110555,659.3244919361061,586.3122697820604,2172.275166917644,2150.0398062063555,2010.1726784054765,244.91250624425302,253.79443306204843,234.5716779549151,424.7978556324191,424.6364877599059,428.3234653992919
20209,123.47842855567819,108.20710206649308,59.49481350997611,638.3492743318976,631.6012177088792,559.3757923309226,2148.6310327060687,2119.015952540828,1975.6838124946305,232.0082771353053,243.74360266618606,223.12254168789696,432.2736223062951,448.8574030344956,459.65158445934594
21001,92.3189773920693,82.27225101572101,53.98528681964426,635.1041068456976,635.8863356324553,571.0562154131261,2059.1391740749887,2034.2310653885754,1911.5558154490125,262.9692349730578,256.066395784012,252.38996624161578,460.906021892815,453.70638179969166,447.344437560005
21003,95.1510930892028,85.94802313672336,54.07192165359478,669.92040778377,672.7188198629922,604.5154584669356,2120.6984442954954,2097.3708822330236,1973.0759786581555,257.724959769208,253.11305315369427,248.39055234339153,433.8412354544237,430.1112606655455,425.5417802247581
21005,81.93774024291524,71.10251262252193,45.52867314797126,600.96152276067,600.4563885400464,536.619869146374,2016.9832534389382,1989.7448054349738,1864.7839989930294,246.7709965225875,247.8674697384775,240.1863225743798,429.01619712217337,421.12669728781157,420.2726194335081
21007,147.2617664703727,133.38687585487085,85.9869233168656,732.3230266963168,729.1038800593531,664.0518420221987,2196.7007894633684,2176.3437652339762,2051.0748572693533,268.38907511857144,269.70285625716616,259.3217237954923,392.8460784281016,386.70988643421464,391.1982117320665
21009,93.63463197183941,83.8217476468017,53.73904420473451,657.0855787457612,658.7469346646748,592.0084057651721,2098.0007953416034,2075.1312539703313,1950.1556012820845,260.84347197897876,255.1798838188344,251.88235058148362,445.7859833877113,435.3081689333297,433.9801819464086
21011,74.13648434939022,66.73573249609429,41.321246971762534,613.9102179379177,618.4484927819974,552.4427255451552,2017.4526995896354,1992.0889827180551,1864.73263338521,232.76234359069417,231.63524819767045,221.7457323053925,447.2092523570733,442.9987882818708,430.97126536967426
21013,52.92038315549651,48.45588865881984,29.022681757213235,595.4219715181554,596.7582704057119,532.3303598113241,1968.5023643312975,1939.8644491136806,1819.7224667889416,236.07760388034586,224.0036206553253,224.15825627949,441.1683935740845,438.6327282146759,424.33050279383997
21015,63.112891961505134,56.33673566639406,34.00753613535342,582.1887004685251,583.2279834310004,514.8095923896071,1994.447595186294,1972.371901788548,1835.5082739230197,223.5412535299878,229.5489919372041,216.12459662916962,397.18911010858756,392.34511390031247,382.628993630796
21017,76.31994583785134,67.76512065744149,42.47706927203143,604.2772947693619,606.3967181581089,540.880045293652,2009.1871157271005,1984.2513708538725,1856.8416409969886,232.7914921554904,234.01471506283414,223.82103241381287,433.36876994959084,427.4138970131373,418.2523813015273
21019,57.62080581647333,52.88731929310741,31.848506284914002,609.6795188486092,614.7473686074524,549.2945537061181,2003.3164149113813,1979.2544188221705,1849.5591858982589,211.18864609659096,210.55382853214172,201.0415322022163,418.4677777615025,409.70956184872676,400.60539867353185
21021,82.70015159691023,73.23101620040886,47.035334436652604,607.9630946384907,608.2220703760368,544.6816262860035,2015.7456691415023,1990.4245267477163,1865.3708520290668,251.02855857348385,251.5785577622559,243.68811809789918,441.73509035756877,436.5465706903391,432.5447112353987
21023,67.0453154314013,59.61526105196559,37.077254232367785,590.8811433283543,592.4076660374216,526.6567482886003,1996.5837953001865,1971.2833307708497,1839.6263141143609,224.25369077062678,226.01098199234247,216.72686849201668,411.7943536745778,404.957678664829,391.9597496306872
21025,69.0066308244487,63.800564028802036,39.75423275411614,620.0881120358719,623.7178450806266,557.9601840350736,2018.0670630245745,1993.979698607091,1872.295393457912,229.3594448079294,220.18213774448586,213.31644839812208,441.4447327176302,436.7349553547624,423.6967386403914
21027,85.50681841912119,73.78350212141568,45.39846010549132,654.403743751493,652.9498271974486,588.353339492204,2087.5282064717644,2062.897268119067,1930.761191553152,256.2223193737833,256.4727018468655,247.41180028789125,404.86963858818524,401.1508249264277,403.8231712335276
21029,86.34787906690143,74.50529882915232,46.5942837042117,646.7224390995368,645.9185348862372,580.8519303806014,2092.462352418482,2067.8377394488084,1938.004822689159,254.276802242652,253.91096695196148,244.9194063325706,419.18675203050725,412.96744235201095,416.68911742630416
21031,101.06782290398391,89.89829948837355,56.13341554554385,677.6276293680622,678.0307209515169,611.2038896751917,2135.3102362995146,2112.2243034376334,1984.719963718857,256.1763431396868,253.49395835468894,246.23358110936255,409.57655486750565,405.38305164304705,402.85076222004665
21033,113.31386620508424,100.9831118998977,62.8672929551341,678.2796539468502,675.9752662019453,610.7935723534522,2134.2702363430653,2111.047759461838,1982.1193505930314,256.14469038206227,259.0372888225344,248.94683855270938,386.8781387016397,386.61780123303225,388.5697420362165
21035,111.57268245675034,99.60079383572925,61.67840814624119,693.6881135631502,691.7730966707019,626.6460914096018,2142.0520132346537,2119.1420642718253,1990.434395961382,265.4579210043227,267.6306062753119,259.9788509493856,404.8504321516216,397.76717863612646,399.98806987145065
21037,65.9916508619909,59.25726216931359,36.420669987487564,588.095556688081,589.304691625936,521.174407166704,2003.2240869896268,1980.5725417550889,1846.264214327796,218.83641579055558,224.41647231070874,213.41651183052576,396.51179724647784,391.0665889236864,380.6911510115722
21039,144.75669398708578,130.02780253379055,84.04476335964688,735.0573231618648,732.4974636474577,667.1918874998499,2200.23615171951,2179.6309315360622,2054.8636081460404,269.1923348662043,268.54303010750584,260.843417305956,397.6734024014379,388.8382378434072,393.8996550591857
21041,73.10151775381091,63.45852548813082,38.90439940388423,598.8204254634095,598.6722837974355,531.6561247639244,2021.3698665814277,1996.237958405541,1863.237562098727,242.27622146188315,247.59766041852146,232.67204806170693,414.7304348887933,410.5205491699554,408.0555928584959
21043,57.30749057831906,53.057203234140374,31.556960847775194,599.8598879465711,605.004075471888,540.0976030603587,1985.915184949543,1960.4403955421185,1830.2111362503001,220.6727531211588,220.19749892899108,209.8130148815024,431.2984215027842,423.0692205157155,412.7076892313303
21045,83.65295404017137,74.22990617260854,48.027001760541836,615.8870586191964,616.21677540482,552.202366805261,2024.073829878504,1999.3224852329993,1874.3595448639892,256.2919321889115,253.56285741226247,248.0682314879888,453.70333927554145,448.8489160501842,442.6152654679933
21047,106.56632146117128,96.08896982800852,59.533771400043676,675.5026013736092,674.4976968332379,608.932710203095,2123.43164911109,2102.226237806727,1973.7579538945854,255.24766979296464,257.1110089509486,249.69419681619533,399.04870628035417,394.9913521457015,393.65090688228645
21049,82.86298234053979,73.83369993691073,46.98956758259052,618.8748568893784,621.8832884344445,556.1596915829069,2029.9547517633596,2004.5622646796885,1880.4685970283015,234.60848347793944,234.77353685903586,224.88383397550578,442.8575054977326,436.9616510533034,428.5282795862698
21051,69.08845005903352,62.63380246638013,39.90571850190512,616.3899902236504,619.1704136237469,553.6484059928731,2013.1906022433063,1986.1115097346024,1866.2101670127304,234.8622079777121,224.93503770679422,222.5233537987869,444.91815838982285,442.1849858195782,428.52250108818936
21053,85.65122862326055,77.80933856908365,49.798093591028,642.4624118938038,643.9673247314963,577.7808424852594,2061.9033966372754,2036.0593342952354,1916.1773136073255,266.01365295954577,255.06561214561538,254.72543560544395,475.4062549806475,467.3648917113198,458.31043705217263
21055,117.21249885195066,103.67871988408008,64.7134100081683,679.5731364050955,677.1352306704922,612.4101673142933,2141.465295029298,2118.6220276566314,1987.9952731026242,257.3682561759647,259.86897014386216,249.22289435942008,378.0401938533629,381.6653889783177,382.6773948446502
21057,93.09362430935425,84.18194077686981,54.471686191411244,650.8916348303917,652.7297813123557,586.2938648204591,2081.9607336464414,2055.7427913289766,1934.5607079371453,265.76948224671685,256.5225792095421,254.20936408485076,469.8234956954977,460.25670085031163,452.4947113918509
21059,107.59247900259952,93.76749052836064,58.685130515149446,680.8796254099922,677.7058997373856,613.2227830901703,2140.1814889263933,2116.1057651629953,1986.21439917969,257.4015586397948,260.5343149470892,250.41107141354604,391.8785037699715,392.1219195361488,389.59312768739403
21061,92.69034538948648,81.99052510720838,51.39382342717846,662.1971492849964,663.0294898215301,596.7826701156971,2108.8528989837023,2086.2838292427973,1958.3815228761905,255.163854785391,253.09472876890004,247.78466661427387,427.86921367220737,420.2055167411783,419.0643820058175
21063,60.55905111339267,56.18230907767055,33.694594974357415,607.6314718211543,612.613255754758,547.8549999919297,1997.6537501441449,1972.5799100751283,1844.531357901181,223.18918767137401,220.57791895144555,210.1882904900061,440.5439366453663,433.0079706961319,422.1264682826227
21065,79.29364630044871,71.01401364682295,45.186227415238434,621.2747028845082,623.9163507261445,558.7573074633546,2025.8612604189505,1999.8918258979234,1877.2134961804495,235.77017194049208,232.511456290763,225.51164838320133,452.7460653105891,448.838459314575,436.7298666531351
21067,79.7416874775348,70.46815898893814,44.82936913922413,603.410623547202,604.7572470166803,539.94180630529,2009.9747885915658,1984.2523122574125,1859.347835538705,235.79890362050256,237.7216564511084,227.3077717815463,433.3544162317712,424.8746971056854,419.7675498219757
21069,68.89290649826133,61.85833449098319,38.18242780970408,603.2830741045773,607.2242038916469,541.6148788047506,2002.3043858319136,1977.3318791896854,1847.2278605076935,227.64068982804798,229.22963715774154,219.36082464603675,440.4841389801485,433.25015937308535,419.1923579861765
21071,67.02813285322247,63.06140610561895,39.59961935714611,619.096534071432,622.8698658558986,557.6120902054862,2014.9580620866116,1993.3156206349638,1873.518435979168,220.51746135224522,212.62501938888255,204.88882588274436,438.313137126653,425.71133852460497,416.0515652988596
21073,79.49017044657992,69.08418426605603,43.62836414073261,595.2215573897781,595.3988631715237,531.2726109715805,2010.6574810821821,1983.3271763700345,1857.1136747100682,238.22203384237437,241.512876297636,232.19758151439834,420.03099726630023,411.64762782643254,410.0075159293325
21075,145.64274199489665,129.7194624981071,83.93398211064675,742.9443864614752,739.6800901911947,674.5895885161174,2211.1691785188464,2189.040731399112,2065.4526172980422,269.8858691883124,268.57646665769045,265.10555190732504,405.0951250597283,388.2922486605854,398.46648725887314
21077,70.61042974722037,62.498106206692796,38.07230959032613,594.2633925037769,594.4778298274991,526.9229309635648,2012.1220151852824,1988.0312373689244,1854.9524793706128,230.02613496271238,235.48474009131783,222.25055071328092,406.57725602795216,401.1814584399647,393.4989285432774
21079,86.52877349248357,77.29663224200164,50.21829320924549,620.0325228607973,621.2903343109496,557.2390193862751,2030.3251127467247,2005.4882178946573,1882.9659729755774,243.64797544705795,243.63729873504332,235.68288397054866,445.981687330958,441.5223377116361,434.04409383627745
21081,69.68695133879203,61.80612963261613,38.044174261507564,589.2995665079862,589.7501062102151,523.1297380662947,1999.3074039693984,1974.1603169930866,1842.7781220147942,228.05178104775626,230.3150848971777,219.32801972291145,406.33989557909746,401.01134817251364,391.5633265537681
21083,128.48135216863437,113.99773491399587,72.52387524383268,717.3736737428496,714.7697683582657,649.236120654603,2176.7065468019227,2155.0655589803414,2028.1063240366009,267.2563608976966,268.9436152472898,260.64890353305356,401.53231304541976,392.9542351431426,396.73322578178215
21085,88.61307144141279,77.34501317880226,47.80756519611289,658.0073845509713,657.8438111056163,592.393803009325,2099.046231184467,2074.8664017317824,1944.7055793640611,256.0548842350471,253.6771413283932,246.68427141905508,417.2114850855031,409.633599278052,412.0835019049026
21087,91.86169709959853,80.8808025529118,52.19829367362257,636.9544774943222,637.6591103528056,573.1893985170867,2066.566311662008,2043.1563241482622,1917.612006900447,261.2650686875562,256.98787515541153,252.98556134713778,450.625978353936,441.64513367412053,440.9555594234901
21089,55.639685138120036,51.12356872397193,30.839445236915367,595.5002640431557,599.5968764711282,534.3812430250209,1978.5056249196284,1955.0413185103632,1823.2813161133533,217.7377804472329,220.3014675862681,209.2729528908405,418.9181950412127,409.05694688155666,399.77324726958244
21091,97.012597984438,83.84583534040026,52.047029887923166,668.3582919550764,665.705386063372,601.357662173689,2113.9009627261007,2089.8968728306545,1958.3576593642422,257.6096085101567,260.2947210294643,250.5241733572574,398.89223329175286,394.695745982801,395.37563137700107
21093,81.41345897193752,70.78888823329748,43.74573930668382,642.9182403266964,642.3181149459743,577.6254500321975,2076.6868230543128,2051.9153934363785,1920.5772898819662,255.9772835736916,253.6052209113271,247.50451311527186,421.81315151468635,412.36405157367534,417.2391086376889
21095,38.414328712076404,35.61980222212865,20.98728832886032,558.2620535024015,560.5722040145806,497.6257869797516,1894.8264611174927,1868.2859561343844,1742.830558879895,220.72063093011985,208.38905117333638,207.24005672831626,422.4474675750961,416.96555138332235,403.07022628611475
21097,74.94153748422563,66.37392921682742,41.66004138912913,599.3660126104123,601.0397467926953,535.7213911735914,2009.1459130086448,1983.9385208959425,1855.5536295820662,229.420181948428,231.51729230935013,220.36019394606723,417.89003618380985,413.2086368475472,402.3638649529749
21099,89.21985201715798,78.29263338465911,49.57428183398383,644.7737657273088,645.6516427356198,580.423069104679,2079.5324379326194,2056.8704297209815,1929.011163401763,259.55632934349126,256.1452422231026,250.32175383719732,439.05273784537155,428.90652465490376,429.18518916161736
21101,109.2815588489901,94.99530599349359,58.634629768560195,673.122864294122,669.7109866378221,604.6029085379859,2146.2015213288755,2120.9833825802516,1988.6691245050745,259.22279521241524,261.18132583637805,250.2830865138896,379.158137224614,384.8703048121949,379.10746646366977
21103,72.20281498102162,62.055663458557376,38.227676394462165,589.1399179742,589.2066097440754,524.0281541399796,2004.0051307624587,1976.7718299029718,1846.4820342504834,242.93595810008742,247.42455002963143,235.94593210284566,418.0979519418787,410.77467109322896,411.6098216169333
21105,140.82881222296874,125.46707711328254,80.85552879648033,736.6767511813981,733.6666067054194,668.3803608683726,2203.634204806466,2181.878787280639,2057.169895297492,269.25160380133457,268.5733774800983,263.1436933474987,403.271493331163,389.9529289562747,398.3709358489599
21107,112.28375286682248,99.59110433218169,62.267824487991675,679.747458436794,677.2233692555008,612.3001629732382,2140.1509329530345,2117.5578827428153,1988.3261858028332,255.16889276637772,258.92454060998296,248.3412178317446,387.26374172755186,386.5714491411423,388.18674688706744
21109,73.69271431023085,65.99267900018219,42.00188601934442,613.1835641904906,615.2078072047564,550.7293761955095,2009.467520165872,1982.3248122270015,1859.4151859804274,240.00961337031382,232.14942135581154,227.23337478759717,454.1120552270647,449.9008604524558,437.5021832924168
21111,84.26634761155734,72.09359909233372,44.58797587672951,641.250248632851,640.8432673614755,574.9220340224223,2086.247183204069,2061.382634561127,1930.055221025153,251.1911365670557,254.8973655964566,242.57121279695775,411.80459500591496,407.4760222536794,413.7552955035944
21113,84.98164325688694,75.29892212224027,48.40506483201122,611.0817079607506,612.1685357758668,548.0816529102045,2022.4668871841914,1997.1018852856366,1874.6301380962955,241.9033536210085,242.5059076296408,232.7585356701568,436.5368564348561,430.23766871788223,423.9259777902245
21115,67.10021881986532,62.60579611224902,38.85004543171227,621.8642063594322,625.8596396390719,560.5337800059881,2021.2694291612538,1998.806576721609,1876.2553890358668,221.31858416496576,214.44750412052764,206.02585730454808,440.48246319611434,429.2415888057302,418.5989090379188
21117,63.00727835183778,56.44026018029031,34.31864474813405,581.6920119920915,582.7908213725502,514.567690646124,1991.894983538703,1969.119895537142,1833.506747568937,221.08135200700718,226.49303397771627,214.581025137197,396.73647173716734,392.10911773000373,382.07580588086364
21119,59.81670237742005,55.92421835640281,34.57225376114907,606.3009686990013,609.4622248300087,544.8167424958045,1989.9180503678358,1967.0401684792032,1845.3737996340947,220.83551328558036,211.93058336744343,205.6247559168139,433.76080392781387,423.62284914955234,412.0232723464781
21121,67.37316300092758,62.30302797250256,38.597920289511215,619.7698872305388,621.6322901116253,556.1285395192483,2014.2186837555996,1987.5685522417248,1869.5161105202,240.94422753714625,230.9614794173223,230.19639809906093,448.1986561582295,447.0017174566409,432.33066862655386
21123,86.2062835695312,75.35143752552557,47.582131628951544,637.1433393078889,637.0826575923702,572.6909165623437,2071.329397463972,2046.4519082575941,1918.5601527702433,257.28853515849244,255.42358529758135,249.8945765948203,434.39987288392433,424.8459181703367,427.5041508106174
21125,76.4873228206252,69.22277079462856,44.34074604843608,624.1979513471445,626.2015320344935,560.4277842859798,2026.0330254388587,1999.5894640655138,1879.6301742588944,247.04921957696402,237.34525953599467,234.8600744256393,455.98397403301203,454.4506321796367,441.4989687898812
21127,63.38150269740165,59.00207205729481,35.94057185017239,620.5475590363974,624.7220784085429,559.5042275656942,2018.6532421558113,1995.738702595248,1869.5319503508701,216.50985571639004,211.384006985538,202.3634530073545,431.16953462048804,421.3358208840241,411.72428988684015
21129,75.265402095086,67.7816527456113,42.876064102842086,621.741973401214,624.7133711425024,559.3411271845263,2023.5886784230765,1998.0164428792752,1875.2793545930049,233.66795745495693,228.3196062168457,221.58764162555008,451.78746746095595,447.62312404931674,434.5233150029011
21131,58.55874431210312,54.34868588262524,33.563801145461774,603.7958606629134,606.4320404531048,541.8602141882232,1986.15665914815,1959.650616286439,1839.7028413985586,225.35404620878953,215.0913713606658,211.56061782018938,431.6866401086344,427.49409752504835,413.8929438879767
21133,45.19096751785426,42.41128356559707,25.459506739457783,575.172641530466,577.7267812079613,514.2900595895928,1927.0302093363741,1903.337977417456,1779.3081541539523,216.40445638527018,208.15721222850476,202.377004818433,424.85238344286637,416.72426965471493,402.75474816347526
21135,58.00723939751059,52.67246238221363,32.04529772371861,586.2636121075406,589.7978273132303,524.6363694711108,1967.3097615877475,1943.2203140602646,1810.2970998585201,223.00053350411707,226.626860540894,215.26283547027327,429.928683880649,420.92045961217,407.5574379300542
21137,81.0255261988592,72.42878751743966,46.71842442153049,612.8243927087557,613.2797387922795,549.7091786546085,2015.447633677088,1990.2553531129317,1865.307548340296,250.44955080525347,248.4077935428805,241.24766859194386,450.00568759119824,445.4769736823147,438.3977316682093
21139,126.67882678226859,112.9073674892308,71.6495127755896,696.0658294252521,693.3717576008041,628.7471611258737,2158.503819327902,2137.036339967437,2008.0248358832753,260.307242014058,262.9339208585234,251.09498266780088,381.3902001539758,384.1845726951704,385.0116290871725
21141,100.01349158578715,90.40097837499334,55.94552998253171,678.4263903719872,679.9514833152467,612.4912873605335,2134.798452464234,2112.902201451142,1985.2986211336834,254.77481726156566,255.03103232810454,249.1334328221713,409.4052262702706,406.5291472135075,403.17253268934303
21143,119.36513920510679,106.56981124668675,66.57550690402674,689.1941359046228,686.7960540993237,621.802713433394,2145.4468881570847,2122.6830988493903,1995.4863460443644,259.09402489832013,261.8134483418477,252.26823167489746,391.72396192227603,388.35571842280467,390.4461823771389
21145,139.0283082666309,125.01665947337497,80.29386090137689,722.0276245497207,718.8117244051041,654.0450459740434,2185.092629089783,2164.448685431497,2037.8423886978132,265.0597608412435,267.48092203309926,256.98487759662606,389.88957766643745,387.48947646441155,390.34550472470835
21147,72.10853014078124,65.74030794659572,41.38242398842816,624.6634435401292,625.8609840444842,559.7718684493163,2024.1845115668668,1997.596781410824,1879.4595829132875,258.61841151053676,246.31416205090608,249.042570574565,469.56212250389217,469.0520100811662,454.57898534166907
21149,112.42373072829847,99.00267858580801,62.15854937064845,685.324773438703,682.3874649657616,617.381370184591,2149.681631485486,2125.2921036309695,1996.6477181733728,254.7786551479947,258.2392401382454,249.52404684697905,387.277977070603,389.10117282208705,387.57343146258097
21151,84.56886691137944,75.38791963046617,48.67862663026711,621.3517037241963,623.5804236294914,558.6986878627195,2030.7756383534409,2005.4303647785168,1883.4658878499656,238.0266732256796,236.55461827818917,228.5425544292412,448.01113240232917,442.710849484217,434.2346372836356
21153,65.65202432749601,61.37965421504217,37.83814675453213,616.2245215113223,619.9010685450982,554.4850522146851,2010.4111896913369,1986.971561675725,1864.8916524183016,225.73176896961968,218.29615180092554,210.17898142505243,443.0471757889844,434.02281205955126,423.2469493715368
21155,87.43963513566524,77.05251643819466,49.46528563224768,619.7411892253848,619.6400068501349,555.85693847158,2043.222224277543,2017.411636395484,1891.9464868946634,256.172495705856,255.9004145193284,250.86975292311132,442.9490991144515,433.4120687776077,435.4909674298865
21157,123.57772561882662,109.874777373118,69.11459895631079,700.22132660371,697.856368332554,632.8509133657551,2156.145265725977,2134.680339099613,2007.4586895414673,262.7081910957575,266.19345905087437,256.007925364028,396.6481045357985,390.0555801717357,392.3808051369595
21159,70.14567161550286,66.0176408370047,41.596804534186575,623.4142149000475,627.3184523923729,562.1132484309569,2027.0912555404961,2005.6498639988793,1885.0451002351062,216.4099970664932,211.6146790306007,202.96367217262696,438.5843047028173,425.5229103950952,415.2680879553427
21161,65.51584423969298,58.82784305240902,36.45273424263452,592.0004119717696,594.2929849946846,529.1544984228176,1991.3356351023529,1966.9515851973815,1834.5791535299522,224.83965729615915,227.0740897816125,216.42686439940684,421.62566788603397,413.8028495360535,400.8111842682073
21163,80.90380988659453,69.7105058596259,42.4115905748169,643.9920064903874,643.3944910287005,578.6836138804613,2072.9717226687253,2048.6469714313953,1914.247407488146,255.47615499780818,256.8983566785404,246.5297195497375,406.42598490789214,401.5149702408113,405.5388101078553
21165,67.28140429876807,61.04607912407364,37.61302910248704,606.5374140068723,610.5303242561923,545.2411844488784,1999.0322323270393,1972.839664856357,1846.1640345223927,233.0851480305683,230.3661101701169,221.19668472978742,450.89729285374705,446.75951162834053,433.8198403756933
21167,84.64954521413173,74.41274477124249,47.862455084293906,607.9347935383321,607.9748532182999,544.1896169804447,2021.393144331269,1995.5085904160865,1871.6805053333726,249.26644484752,249.21295973846478,240.96508930155588,435.83592913270707,430.1211451163331,425.000733586528
21169,89.87924347456945,80.5801810997879,51.988911534946226,641.1812995046528,642.3732653503973,576.8983815160725,2069.012831943507,2045.126803177563,1920.6288626460941,264.4401760575822,256.14208386210197,253.66296439677154,457.90763391424116,448.2902785267148,443.98870041131795
21171,90.32571827301648,81.62888926674779,51.755600350154964,653.9594205686757,656.2692108976887,589.1815068714621,2087.1254185108855,2062.2092397346732,1939.2827618699125,264.4761782617795,256.0754721265823,254.0427997606364,458.07430176288983,449.56538263355634,443.9576843359906
21173,75.78615849943773,67.85148529612462,42.47792108183754,613.1938308223614,617.0699170313335,551.102069307557,2016.8049245450652,1990.8047378056567,1864.572599002727,234.0475687078734,232.6397071325385,223.66782152266495,446.48466730087466,441.3688395846865,431.37180741052543
21175,65.1980342072576,60.17674313565162,36.88943607758702,611.1546275042107,615.4455927285095,550.3562902348057,2004.2878280365185,1979.7338434312271,1854.434667249327,228.70098146223683,224.51658911238337,214.90750247883634,447.0561954589163,441.79191993735077,428.20770536414386
21177,107.99512892380965,96.52771304883805,60.21652840531216,681.2429917563625,680.2318106469796,613.8193280163829,2140.256296306441,2117.0371228175454,1989.8473260765036,254.9028755294863,255.72117813159852,246.06370004470872,395.84885761437545,394.369899289309,392.90828975878605
21179,86.38510211528067,75.34846228793648,47.44473524487454,629.5641409338856,628.826809364013,564.7958031006871,2064.8477692724673,2039.2861776392317,1911.6349482232356,255.98119249089623,254.27535378602178,247.7696233729746,430.09478111412955,422.19129045703886,424.39588874249694
21181,74.40604597915795,66.1550037268051,41.380155608045825,606.1013051635065,608.9094674803977,543.3904352275371,2012.6893444093646,1987.9698832518527,1859.786923310729,229.14049988572728,230.87053561712736,221.24316617173986,432.14186434883896,426.7818694966114,414.3117601489248
21183,102.79243718388678,90.5446049043842,56.600948876341796,677.8703648094303,676.8098353812472,611.0600458570876,2133.033718532636,2108.9694911442202,1980.3579598811975,256.1285978152556,256.67434867022695,247.87822480994424,399.99392914599264,396.9533361053044,396.4093448145646
21185,75.1276028784585,63.93825839253193,39.07076992683467,607.3644620098561,606.8780493782963,540.9789854998877,2035.0476163041865,2007.7331713723045,1876.380836262097,248.2875374224612,253.75875616845678,240.66085660580129,415.01906386402953,407.91614511131945,413.4245011923625
21187,73.8771077193697,64.65441700877031,40.08542903458967,592.1632136137423,592.5865981044469,526.9674544383154,2006.1702273507708,1980.3812461553734,1850.6181638768637,234.25029161789107,236.79063304546526,225.65663904151626,412.5450870199006,406.3317296722797,401.3082766387579
21189,72.55884856991723,65.70749715520672,41.799661493585035,619.6642078064333,622.8945255705022,557.4830994312454,2020.879816310025,1994.3777696510638,1873.3112227006627,233.93346816617404,224.82900461670314,220.0802347066432,447.0577637882854,442.8346769111369,430.6759185896593
21191,71.37756574827488,63.46975690489653,39.48328219921741,596.4522611766967,597.3838368670522,530.7366562678325,2011.6781305160325,1986.165971739652,1856.1378587559714,223.99982248828456,226.62698861314138,216.52168001982918,404.3056099457086,399.8303105754955,388.4248681866713
21193,61.85552938309079,57.300894796939545,35.68025179976889,609.9345910393229,612.8221853647406,548.2198129879957,1997.7218553703528,1972.5904540091506,1851.921927663662,223.38092132335115,214.11613679548003,208.659948451541,432.12373372253387,425.7105968043478,413.45829473359265
21195,62.620298346404624,58.890170450940374,37.51317523613472,607.2391224472633,611.195060456142,546.5922104826545,1995.1089988855515,1973.6148826912959,1853.4764639661466,215.12307709332921,210.38284218167377,200.68280626472642,432.2558812139062,421.0978534147342,411.7535377835182
21197,74.74946528559374,67.22675433613861,42.02882292763572,615.5808821417463,619.1540515625271,553.5200276256211,2017.2343732103393,1990.8771703500763,1865.8778806687283,234.36566341396323,231.9942953522068,223.77049620594272,451.32303832330143,447.6785029033728,434.71394579768895
21199,83.27378436228275,75.20265550205309,49.20370522310204,630.0314211047526,631.0485031500478,565.5772335338213,2037.894696982704,2012.4387721445805,1891.6053903852076,255.5014297451326,247.14529452068228,245.02194295820436,461.078734499126,459.4772144913157,447.44761658876894
21201,70.3976789308353,62.37777825993952,38.969101974506444,597.3490261530178,599.3739928255591,533.9715805866238,2004.0821827244504,1978.972781663164,1848.5785929408707,226.28373163700908,227.97622760541708,218.27308105167245,418.61615545039376,413.16289408823116,399.7122604294753
21203,78.3231999502893,70.30909612980561,45.34019741447108,616.5825952068767,617.707813711149,553.6816880626361,2015.340821924899,1988.541700592646,1865.8059831523435,246.48726152830955,239.31241861710333,234.33384591498216,457.3531655064495,451.5971127654232,440.7482146158697
21205,62.705358185004435,57.333825813657356,34.66937994913202,599.3947324927492,604.2078668656374,539.2351395263092,1987.6021713237042,1961.7239288865944,1832.356157392218,228.66570641767794,228.1868100336339,216.99686497857675,446.2756335547322,440.42277905667424,428.02196941966275
21207,87.90020153166202,78.79762550613705,51.67900861037672,634.0292554305381,634.9121688631428,569.6317821714981,2051.8601613195387,2025.9456825717473,1904.3656521252808,263.318688367689,255.31234687738953,253.09205348454952,469.28447944196387,461.17193530498463,452.27142066403195
21209,74.45767134769066,65.66235070931744,41.05179079091345,590.3187249538397,591.2050397191913,526.7065782162028,1995.9322930125254,1969.1833334081136,1841.8799502237039,232.1846355273661,235.9180294570724,224.8768705871576,419.6052230076465,413.0600916360748,407.0928528866101
21211,75.05038189773927,64.00710803351988,39.831214198163806,593.0260860067083,592.5551517771927,528.5351624053353,2009.253815075442,1981.5026002026916,1851.8332627482275,247.96625573034208,250.44820245247948,240.08382062994423,423.23679880404904,415.1783642266581,416.9270786671955
21213,94.77639993215068,85.7915817059133,53.08358716002756,675.198409037074,677.7123555829654,609.6519722605925,2132.1565404639505,2109.4698505829497,1982.224992353114,254.5501309978502,254.66666465864128,247.91964681343188,417.71213509517764,417.83447942179794,411.9593118604181
21215,80.57881138819371,68.77584735795661,43.383402213998515,608.554493379969,607.387730426868,543.7196321943445,2033.7515020202106,2006.9138707508494,1878.3188101603598,251.66778057034838,252.26605998437753,242.94009892799303,426.09101029965115,418.19014438094683,421.3767503059961
21217,89.38291083274005,78.76764827206284,50.92389793062102,624.2984304194516,624.6573944456525,560.6166361664166,2046.986889557818,2022.3271712046721,1897.0200857788525,259.3591586473699,257.447314551942,252.6371084968654,451.38559886739523,442.33098228948694,442.61376372021414
21219,102.86852044416646,93.3861037803939,57.82338562673556,676.1958169326101,676.8287127306733,610.2369992946427,2126.3329734858025,2105.166024439539,1977.4031653615286,255.08060955000525,256.1940962732181,249.001515195301,402.99443169881295,401.23219953146076,397.7579535180781
21221,110.73492500335553,99.61636628845258,61.86252677683974,682.3019373012081,680.9358553221563,615.7558663731083,2129.639230003431,2108.761996380625,1979.9767149558634,259.2739102328728,260.2435963000199,253.69785611075275,399.81785922341845,395.370507933697,394.46581669182444
21223,71.86402143429387,62.062152139605885,37.53876675152664,598.7270380672871,598.5005182284405,531.1233134079628,2021.9170269435567,1996.987501820852,1862.6711952117232,246.02060798284774,252.53417580104187,236.8340753987019,415.4607261360523,412.0009853932576,411.1761008809846
21225,114.54026225223643,100.0211945319356,62.26424914824979,673.5203773682981,671.4454975179272,605.6426675516315,2145.062376914112,2121.428582786753,1989.1893047843191,256.94375799032923,258.0181261814115,248.79906379003333,371.0333336351884,378.9116050826232,374.5319813024071
21227,98.93460675759596,88.63126367346385,55.77832735799833,675.9003886645207,677.826325562423,610.0415806436313,2133.253539600726,2111.2900747258523,1984.2799147315832,254.62779114061635,254.13302108390658,247.7428111736795,422.4852995223176,418.1443231339953,413.9307803850208
21229,85.23707120297425,74.66962866215184,47.54649512785952,612.7673395191927,612.2138019616566,548.6001583195518,2034.5656583040086,2008.338563243701,1882.4025950163395,254.67825744719758,253.60668717528512,247.8610982341317,437.6500477313326,429.0921144412365,429.77653237398283
21231,77.61446220400994,70.48209546843344,45.140414957469034,628.7128716289254,629.7780852779372,564.1151289282187,2034.1331195523642,2007.6159739912848,1888.1520784258912,263.5065211026516,250.99280852968408,253.0860868912574,474.60104918258,468.3177078608527,456.98907559731396
21233,112.88755056547093,98.77561818318866,61.64708650831035,676.8068316723381,673.5903102229775,608.566531277674,2143.887583711984,2119.7938531414666,1989.1254175714616,255.8027131958817,259.22713439090404,249.66629390231665,378.1993655311354,383.57223210957267,381.3101183466193
21235,68.85936012289477,63.06611460207107,39.26075748177923,621.3138768548357,622.5530957305039,557.0594663094835,2017.5845404642428,1991.2335951391765,1873.194645238212,251.54750002552214,239.37749752178001,240.21084307434745,462.37100593179684,459.79907953715826,445.66982606585873
21237,69.6794655111317,63.52740160289953,39.42165125127333,615.6182860915108,619.1343796184311,553.6622228321106,2011.78317217058,1986.8869887273293,1863.2426505142653,231.3460044506719,225.92028030155697,218.3428734579533,448.7195115567996,445.1567350961558,430.82361552345753
21239,81.52971630217253,71.24242965288701,45.552996952591364,599.7874578460065,600.1838667694452,536.1771625675808,2011.0222906596023,1984.0028100604661,1860.1578405491668,240.52403892555043,242.52853666592182,233.6889738850592,427.445290178315,418.8922398096799,415.39291889230054
26001,12.78597733418703,9.951970418422317,4.411399981062086,291.1599153560363,287.53208679308113,239.42103828666012,1486.9080497373718,1478.2920041755685,1324.2903736909911,140.54945331174576,144.99712001683415,135.22288561314377,314.7445740662521,313.1306991025798,314.38877737500724
26003,3.819094901752005,2.8637223786553223,0.8266633683052229,241.39505601860907,237.61177278002293,187.53615004051224,1370.153197725663,1342.334009495571,1184.3880191919359,140.21760761067006,148.07351859952487,135.47668636465318,342.04681384894667,343.4089323500531,343.04438905508607
26005,31.60778003008208,25.614451587358445,12.529304288487602,415.5554249664759,420.3490863027649,355.51838026395524,1754.2471352470372,1736.6059899688237,1583.5646804161852,175.01906599248423,184.46088242061893,169.15973006181824,353.39848592931924,353.18492823651707,354.1968000231601
26007,12.990114721403419,10.32768918142453,4.581745076427041,287.81053225522317,284.05311318914704,235.95951331190435,1480.1150161098024,1471.226227063637,1322.411158246049,135.60028200847034,141.8457228428497,132.84113642864185,306.6607464597528,308.98341816787155,308.0635315897186
26009,9.186063616578185,6.551979561126811,2.4653727500294687,283.1806051899133,278.5882282929611,227.89590357628254,1458.1406267357147,1438.9195451467685,1279.9233580805103,140.3441343617782,141.32945121898177,134.99990099842097,330.0992360131976,328.24493509520255,322.95065215926707
26011,19.21076081546212,16.40284881111804,7.4790503684105705,330.37696394876053,329.6296012846948,276.1409551797738,1591.7976818717195,1576.886432126432,1421.0532801357203,145.42986297785035,151.67104780764367,141.03381204736127,319.7866242458553,319.65608389735917,319.1419380682089
26013,5.392711295335355,3.8413158245479018,1.2124644552333275,232.0603692321687,226.23807491884054,184.1855984074436,1287.524177650774,1258.6386758997116,1105.1525138715053,151.6964464172426,161.1865613424214,147.30761632126035,344.58509602393,347.39973027698653,350.98462809465576
26015,34.575662106161474,27.69747449138266,14.357986207488224,419.4761059736017,424.7775144827997,359.28857974510686,1741.6195009839848,1723.2351711870954,1576.0055287416785,174.7293720121331,185.9922088923569,170.05829158477297,362.09318665491236,361.33331977743774,363.57934383416335
26017,23.49905012199226,20.436382036676942,9.548222345224769,357.541322502262,356.2084555903499,299.19070316402565,1645.6893349589136,1627.3515033592262,1472.4000963275926,149.96179610099247,155.5721300967471,145.77832260897716,321.4585632801626,320.27831351870753,321.65162521331183
26019,9.766942158812295,7.21719789586748,2.761456134352187,294.9882429069297,295.83171304352743,239.82782885781563,1516.7327023582015,1500.172381643494,1332.5048891934534,147.53852247909344,145.789186751925,140.3235686381314,334.93372133642686,331.24978674161065,328.2719167442813
26021,32.93994087766608,27.897256383896224,12.995704253927059,436.7637329709322,446.28662107898697,376.1838479614938,1824.3990458970825,1804.9692589609876,1648.327512913295,183.86176849988823,196.42520189491626,177.97876447452074,365.75089140801856,369.4311889263299,365.7565282594897
26023,37.551205610241766,31.107731738754637,15.55046804622773,441.36515260296085,450.7218679820018,382.4678153418931,1782.3137522507975,1765.5456874081465,1611.7867763955535,182.73803684682895,196.10546984284818,179.29814504751025,373.7898544156789,377.8601501138726,376.49638016830204
26025,36.06159686044168,29.062225708682412,14.807560519566511,430.3433512868147,437.15326363108534,371.5548003644073,1760.3166068636983,1741.8968592363908,1590.6862293899917,177.49588230931778,189.73576533250784,172.3533344962107,365.6202858140953,366.0038090871016,366.05177355223924
26027,35.78779818578672,29.666485037561444,14.231982421938465,443.80930988760383,454.1439478074527,383.79480235228687,1823.2215758626076,1801.8897217118167,1648.1495758951357,182.7037177165285,196.94537311965124,179.6045222791485,373.8282491818118,377.4307970527866,374.825885062023
26029,8.510887088037151,6.13046048999821,2.1463535244662686,276.51118948342,271.5226848322551,221.75957615442917,1445.6460623817643,1426.788247706117,1269.1910708331193,137.5372466785254,140.8769561055928,133.2270615218134,328.7930015283379,328.4829311371637,322.40303981826554
26031,9.59484482503056,7.531567291508854,2.833810962166126,277.11164132688634,273.5824194168859,224.033103288162,1448.2452064379918,1429.9336486534878,1279.1707695992095,137.0250494341583,140.86789175151446,134.1689522859149,329.20186787328896,328.67481067294733,324.63735631598155
26033,4.636180690988957,3.473086200079224,0.9823028387469449,239.96882148318755,233.49225333458145,187.3821867656399,1351.4000544770802,1327.5922129892713,1177.394656222504,135.48620920763983,141.58499911532493,131.36870144088806,325.7477106652949,327.01086103138954,324.47565211101227
26035,17.53646782282706,14.273969199757792,6.401273665150581,332.98432716035734,329.9793119311366,273.7031964478613,1559.2412351789012,1541.6665496833173,1378.8650892528874,151.1942948277994,154.94531988102398,144.12857567627216,325.01569331570136,327.4136711511575,323.7700700526085
26037,32.38396516335227,26.793567186498755,13.778178566885762,398.48417183965927,399.03887416773443,338.8942022183341,1711.1560842252816,1689.804125548661,1538.5321804367613,162.71766312732217,168.9203313082528,156.33042146065904,332.37283196843026,328.74912480346654,334.87000515653233
26039,10.506723347240854,7.800883238877094,3.1902713197730876,285.0937312367588,280.11008519492475,230.1886559556368,1444.6966960454313,1427.8993388300996,1266.7358587748968,140.57864111181874,143.2347002691537,134.33926837716206,328.1931770774407,326.5521438853046,322.4880543637524
26041,5.763867052871784,4.475656568811587,1.3832593338422874,260.8741227494957,260.77211223439934,209.04938878537754,1440.611391715438,1414.8730915529986,1251.4365426741392,145.4091780027092,149.75464875069244,138.79229317980304,342.2463499140872,338.4438140220901,342.06130183826383
26043,8.049056451689635,5.765008150259165,2.0724503818372257,264.00551140584184,263.928528033551,212.93888590947904,1402.5799137061606,1376.7912984744103,1220.4265595278466,154.2252106316269,162.48733937319204,149.77862667879336,350.7521606582168,348.74461861369616,348.4411715121561
26045,32.64313063168143,26.125977957775785,13.65760359701034,409.4545650155946,413.5323041890757,351.38101783335395,1723.993750981978,1703.3785736826617,1552.0491871436848,169.19544269076215,180.01111342094632,165.0633209421179,351.16685072249396,347.29851361373017,351.45217901572795
26047,7.639564616191997,5.705267806830344,1.8552845738431265,270.6853489319136,266.003339087675,216.45846908854347,1432.716482819354,1413.0583846731843,1257.9775329394056,137.1913557260198,139.12259207222482,132.86128006493533,333.15877385281476,331.74402229383406,328.27187143222176
26049,28.510766637001097,23.187239394917864,11.88046963841462,386.70220971200854,385.84608630890114,325.5112895746665,1703.7328570482302,1683.888981249697,1532.2235114233893,156.78343137718508,162.6219027145302,153.38735871831508,326.13920371567644,319.98065421844814,324.2852280005619
26051,20.890086224339903,17.95092244549224,8.172835902665465,342.27213803158776,340.2418275318294,284.82462740021055,1600.534696608704,1583.9173293800645,1423.6572372869211,149.4295121030509,154.10115813967568,144.28438878128617,322.4719415436805,326.0935331538613,323.68714528760404
26053,6.412461426348672,4.259165304157085,1.525227426025448,239.52340996094387,233.38025096104963,190.17321945849238,1300.3705017737645,1278.677442314745,1122.961560048634,158.04873864478617,165.33258617847565,152.88012623410552,360.8002358026657,364.11834812001507,372.09574665847356
26055,9.309616143428558,6.555155485610063,2.515251368342405,290.46137610447954,289.12042945480783,235.7377100459931,1480.5548474253944,1463.7950533218432,1299.1933986956942,146.45012501139263,145.98309901268976,139.66482091670304,333.236800293139,330.75204063243416,325.02741418002347
26057,30.030894427176356,25.422939933619908,12.842784206499562,385.72610149187045,383.1832133111399,324.86628630260566,1688.7436277903842,1668.011961222841,1516.117233400782,162.35055194172,164.82058107351583,154.138128280458,328.6852005912705,326.07577509351665,331.1534726133931
26059,33.90272428626537,28.05486350519458,13.70728862579933,423.45442017692346,431.8104109688167,365.6559695511707,1741.0396987910335,1726.598357594581,1567.888768433129,179.66351517482786,192.25654152881347,176.88086672489993,366.38779531802055,368.2320282333006,368.0144837987767
26061,5.692676948910599,4.1270932286729565,1.3016114399135554,235.89958085998478,231.0065895248428,188.37010691299528,1310.635065014771,1286.819379564829,1126.7317172908577,147.88733878756352,158.67511937905195,143.36925639034993,343.8239610349617,349.65528165500706,352.1947260191458
26063,15.346097384877641,12.344813689866335,5.844377122017396,323.465418681929,323.56529146235715,266.4102043306928,1595.5360589772138,1584.6238240626933,1434.7915355459236,144.10767305493454,152.05286982167928,143.00902692472923,316.3592691948545,312.1912196427993,313.3956965177902
26065,31.62474582971772,25.954042826711202,13.429243718039256,405.43691305934357,408.87740608892653,346.9747304309443,1717.257942855529,1697.778408321397,1543.5415555517654,164.73817814512236,175.4029076041965,162.13852747742567,339.91510811825145,336.1402942924093,340.03046778809414
26067,32.101454674909334,26.183495207229537,13.569994249613917,400.3760688196595,401.6157419744751,340.38250090741474,1705.2384271891835,1688.154198927206,1539.278623987081,167.06879500860308,174.95367844779923,160.77274541412527,345.055505784807,344.07941772954916,348.5919265586878
26069,16.0618804610025,13.095269123084668,6.01109955586179,312.8780479749249,310.5973731037635,260.18357793520414,1549.364054741375,1538.3185106677086,1383.5320428080522,143.72585580004298,149.23737482096553,139.06426458996097,318.96251273674466,316.7193747078363,317.7267606965341
26071,6.35813058223915,4.373813765906958,1.580303396925603,244.4268548325089,242.45478988092617,195.69360064920667,1300.4251923964696,1271.6749687658396,1121.4606150010623,153.46430579926337,162.71121652445387,149.85796645937046,351.6825834925711,356.38387836416905,358.1706792196409
26073,24.022277849147113,19.846740404487747,9.383829909726211,361.4062717578551,357.93337352420326,299.9369739883125,1629.229106735143,1610.7055388815552,1452.7792601035762,158.62317927442047,161.4035402767651,149.15604007263033,327.52760121405527,329.6614012895237,329.3296278704469
26075,32.488881664685245,26.799840068065897,13.498224253703071,414.80967145306386,421.2493353005742,356.7490414162879,1729.4460615155099,1712.3266904505974,1556.7665542275613,173.18493773292184,184.80907062650513,169.26188329513974,351.80297368924937,351.6166755897352,354.9806040754966
26077,39.754614701177864,32.76592775898102,16.573967211575685,446.1748131927085,453.9127200186332,385.5840512783242,1799.4919282042451,1779.949924748289,1632.9460394253365,179.62193721601773,193.0830616157913,174.51309021260388,368.43633332367324,373.8382370174346,370.98006667108973
26079,9.583257846342567,6.691373676580561,2.6521894764159875,287.1741267120838,282.28693230490916,231.08308683681872,1454.1054130892956,1435.6471019396133,1272.9328726348558,142.66973121058132,144.44572005663198,136.67267176283246,332.3312651919206,328.5705687796352,322.9699918091605
26081,26.903930821800266,21.766420293347586,11.01620203101628,388.8169144521561,390.33840740533543,329.2816600711543,1686.1571798558477,1669.4015843843597,1516.2773932277055,168.93035484890166,175.77089452810102,161.68241562580016,352.00117652669417,348.2026510526959,350.2687963231144
26083,2.7765407869834178,2.116476259780982,0.44683489746663374,212.02194135851317,205.9668459665861,167.19241569880373,1277.9381244012534,1249.1363244172676,1089.8644521581818,140.56592377447842,148.68876096929102,136.69479908916762,338.23557836147756,348.02759878354107,349.94055696584024
26085,11.829978553653453,8.942526801247395,3.7686293748286763,319.4939574124147,319.227402993117,261.1479866262107,1535.9169866607488,1517.8242060832113,1355.0606315584225,157.06466361402985,159.76857175491068,148.6271543572795,338.21335778686597,338.3186920847207,334.1179730079396
26087,21.90106451624056,17.652855064357816,8.567238231485012,361.2339009173949,359.3315342103621,301.6892724023961,1672.6406866687964,1655.240313074411,1502.0088133888603,152.70586974740883,159.16058429759147,150.67351469887012,318.3372131667374,313.262427791747,315.91983969355056
26089,9.515997829682108,7.114649156057135,2.697927982912377,293.6098274318331,291.4553482935622,237.58422070734804,1506.0750577495833,1488.3901075547124,1324.0152358078071,144.22284454176562,144.21555692163005,137.5070171759814,330.9949003390169,329.88063137561505,328.4518785914217
26091,40.89943760222409,34.066745995020334,17.4099011067864,440.9771444703244,447.928752245046,380.6201061348651,1786.9453636723333,1772.4438454830797,1618.4092714114715,173.32315279307323,183.56606371812543,168.83306364432212,345.06842154139963,348.1857426692035,349.2491916718122
26093,31.99128521406819,26.679200918348755,13.712413591705243,409.3188987867557,411.6515843672895,347.3899309953482,1737.443522231203,1717.2007530291307,1563.8581401097038,163.15870664775042,173.26394432407156,161.33375931054906,334.0233963261247,330.88086153316584,333.6783505779558
26095,2.685168575004922,1.8817611151309166,0.42704497785470963,228.1914055830056,224.21178636336685,175.39029680739552,1329.278639925925,1301.9081954284152,1145.6861348961752,134.91218989106784,140.76611681174603,128.8111185644555,334.3473442624731,332.2763451802876,330.11221865893765
26097,4.674568001930221,3.435940466391943,0.9365714544902767,246.33835089278782,241.9820434675857,193.3630006231574,1380.847772059916,1357.6725023434608,1202.997062021957,133.58580377301627,136.9694217433261,128.56371638551192,327.9313824420662,326.6332235064584,326.26054032219463
26099,25.939938259220433,21.448057574005595,10.659499678880143,383.96878776985534,383.9914832202836,321.3530639373981,1738.345237504242,1721.7723614452734,1569.971891744034,155.12704072976211,161.80026669956214,153.3866182845131,318.93077523986136,314.96088364172704,315.9041956394827
26101,10.487885850058102,8.007620217376878,3.092649257699846,305.88939283993625,307.18081355830907,249.1005730235526,1537.7140943165355,1523.1366062875684,1353.0510973455412,150.1662377820522,150.28770075207711,143.0456324517075,333.64599622861124,331.40339915736047,326.9672290511256
26103,4.336166021881618,3.1056833825799273,0.9616358175155412,232.6753542285356,228.85899296898796,182.94816741907124,1324.973602796295,1296.3751023802824,1138.6182848716596,153.9609936738638,161.73122222188329,149.79088103525993,348.7511120503008,350.7886487820873,350.35645232576934
26105,12.018318266802932,9.679285153489342,3.7034536641552314,323.6321553985059,323.7081799087171,264.54719400751753,1585.3242042656198,1571.6089476030504,1403.333988910246,152.63100112453986,156.10323092268655,146.00799881891425,332.15685991347675,331.1202258033737,329.3196997906961
26107,18.94992567737082,15.176695804852582,6.805161534388551,349.0176557280955,347.1708919375983,288.6617202363685,1582.0764571225313,1568.7587339890576,1411.0839144964177,164.4738756368427,166.56330573625667,153.37373366891103,338.50364003003,338.5197384972424,337.88970298527954
26109,9.6640677215057,7.456136786542642,2.679823486441729,282.01926860535514,283.35648512682025,230.5638225004537,1482.310358503812,1459.4023396496154,1298.525831393425,152.9260690633049,156.072977735458,146.68215643434775,346.28578605285463,342.8808344654748,341.9966510118701
26111,26.31487652704282,22.705508553024558,10.86356283407265,368.2424333688686,365.31487534979226,307.88986036013387,1658.7528646464332,1641.0822577060965,1483.845339498936,154.380875789257,158.6333611402794,147.59183205773803,323.8841620786454,322.452626626074,326.14131078312636
26113,11.951646957799952,8.80018529995991,3.7141603770485707,305.0797317348568,302.28351196803123,247.13649054579952,1483.2141603396708,1465.6365418581884,1301.457549517267,147.72966107419242,151.51410270734823,141.63008511449556,332.41688481904964,331.88813477563036,326.6496812583106
26115,41.24064852292283,34.571956708693406,17.678645022276985,444.9372358248282,449.1082335669378,381.0029918599903,1833.0733962898034,1817.0649446905286,1667.0849382369568,167.52752884141356,177.32009521496087,163.9454106774958,337.3254151350714,339.2953171380311,341.9939746799796
26117,25.71380353715507,21.32345536306482,10.506524739350843,375.7945108032601,374.57742830012876,315.48445460275724,1652.7001347652506,1636.2923681194807,1485.1996355936785,166.22191118873027,170.01791503484318,157.71580823417807,340.2574795277009,340.2640084871118,340.57081351937046
26119,11.796833498052926,8.974821438001634,3.8057143806402642,278.29400809136143,274.74957642858425,226.82495011603842,1448.4589008238509,1432.3921873621662,1281.4083771516914,137.04823951904177,142.1408938573838,132.6423336167608,316.3011318632744,318.1236798765776,315.1543236044
26121,16.91131043387816,13.40154728205583,5.858736292418584,360.2820109172245,359.6803999053773,299.2526130110763,1662.69424309184,1645.1881346910966,1484.8734803808138,157.85374131755003,161.20683647083555,150.06070929077947,321.9328704866648,321.71024911067684,322.27416917244034
26123,15.910591865507408,12.516061770466255,5.486077210141135,345.22373388461455,344.63271814125574,286.0951312032712,1597.7328877367313,1580.0062408791332,1420.5164038214784,162.90566080737446,165.20834140383965,151.97780714002414,337.59813903647455,336.63940513684395,337.10554112117836
26125,27.68587476808177,22.69398682665956,11.428499049263495,393.90399753102474,394.03551468380806,330.5295640901675,1732.5006859218447,1712.894951632273,1560.4516148367827,159.23909481005737,168.0768122225227,157.9953859984293,327.0142612030117,324.0978915470391,326.68982602487665
26127,12.798505805768343,10.053013622058648,3.9367809161670038,334.15943279758676,333.8160183971759,274.4469887398686,1601.75675485797,1590.9131207991304,1423.2277258005588,157.4385743591369,160.70101577076994,148.29873196898092,328.1893136197285,328.96698797175657,327.4354043712664
26129,15.231147349549662,12.535580406912993,5.49564530693271,307.32859432107887,305.7179415723384,254.25980615763675,1521.0895624143002,1507.0221787155565,1345.9212970156107,144.71849665739188,150.24076971661648,139.9237286206905,321.91605085712666,324.04480944936233,320.14022985370787
26131,7.01000736037598,4.976736976939347,1.7590523718595974,240.89679839897735,236.0816051027727,194.2759827215528,1320.6440144399678,1296.977511698004,1143.7889742803472,153.3471010699017,161.8174459393159,147.82976177434983,350.8114851558403,355.4115472303948,361.1583457212052
26133,13.396628235448935,10.17437169035098,4.363459598345025,319.172610916228,317.85465354375475,260.68814007967893,1511.9766974587853,1495.179401687921,1334.5473050168982,157.1145746103216,160.4047798524568,149.16578606934644,336.1824476026319,335.89996108635216,333.1123466352526
26135,11.780814165044518,8.911356738888458,3.8010781941085874,281.9719749569001,278.536592744039,229.66385623648503,1450.1386682584584,1436.1613514155804,1277.2740384334745,140.69648959287483,143.59046640017442,134.21627068648405,320.84665499360375,321.2191845133276,318.1196867020977
26137,8.673665942875223,6.328891408252417,2.3811884542584387,269.4409972434039,264.2876910480133,216.59497917270255,1413.8163497740845,1394.679174537216,1239.391020390991,139.51049201252815,142.02575787699863,133.82118564999854,326.3648734087556,326.8978753375519,321.41838239390535
26139,23.149428406741293,18.392687822539138,8.677603357039844,384.04144615817756,384.6749863038688,323.7110605193508,1702.534690956933,1684.38004135451,1527.998917383725,165.14032642229247,171.0187375309844,158.17998586485857,336.12743135765794,333.71397279868097,335.3935610928007
26141,11.691691549608718,9.344573686682455,3.8465290545605924,281.28519046401595,278.560921002466,229.58817860495614,1464.4707618394846,1453.8090364925283,1305.1241384075322,134.33055940915216,139.54208194280713,131.77123856562503,312.55952998207476,314.79837156231434,312.1036836254552
26143,14.099943282077069,11.569437801680843,4.939375200782675,311.385904405981,308.1666880128581,255.22873878904403,1509.3568956801828,1493.7264727879988,1329.167111982648,143.34154496427934,148.30217118830126,138.308701445371,324.62262484045306,327.6692288490387,320.86206890486176
26145,28.715016300554502,24.410248932778615,12.181742353255512,382.3882280085346,379.87975857169033,321.15574840750435,1689.7525685843684,1671.206742841831,1518.1379240799906,154.93921843312654,158.77811284651813,149.67749344252076,324.31417375939657,319.54582002217427,324.02897791254765
26147,22.41272972106113,18.51900337421948,9.12825993103372,363.3924576289088,363.23941940904484,301.7489226502122,1699.7074254044287,1682.3312749741406,1534.8815070074884,150.5333253623114,156.74017278652693,150.41147969515956,316.3633684309389,310.3388351928801,309.6640929183893
26149,42.03075341507694,35.23801089099051,17.462449974640474,458.99841819810337,469.4842419386902,399.25731764162873,1829.9167623664466,1810.9722194914782,1660.0935996632365,182.0391868602237,196.082964111642,178.78504154085516,375.7572629926648,381.10465214674144,378.4230554501235
26151,16.21373797101123,13.496277604234603,6.2272947489805635,334.9956821167706,334.7964160690268,275.08580528283835,1628.647341027609,1613.9376958826633,1467.1237249540613,145.50438890873716,153.6522186016443,145.49962085457616,315.30021465340405,308.1875657837872,310.65104352113724
26153,4.207258559734234,3.218161589196609,0.9173492309694877,248.24798818572063,245.6489004858268,193.42259047837024,1396.5772472081055,1372.6925623944976,1211.0706022884572,136.77095241617263,140.90141521170386,130.62193805046695,333.98929843207395,333.15451955474924,335.3829463858875
26155,31.146128369009602,25.521563460842874,13.18119752731116,394.9750147049329,395.40424168126236,334.6657519568162,1707.058335917259,1687.576109738068,1535.4729842250217,159.1819929628114,165.40223913320077,154.34036579783867,326.6641865664827,321.54764067124,327.33054307944883
26157,20.492231146849484,17.223608146172932,8.17006370486698,351.3624378041021,349.4511457258803,292.89215898048076,1646.2983971896458,1631.2020152682048,1477.7889633329467,147.3745280362198,152.9926249767918,144.37020325936822,316.3381086408229,312.62375429507745,316.1429948056174
26159,35.212818085554815,29.447258271798734,14.261147376686344,434.9694043520408,443.9762801431699,375.35320970663133,1803.845614931382,1784.4762360534237,1632.4560097202361,178.36156109660948,190.8258756871657,173.48016122194934,357.7030453237089,362.5523022326066,358.8068838926312
26161,37.540033574073945,31.879173127920048,16.322974030752967,433.64495400219323,438.6248480809815,371.79248023583926,1790.7789799712114,1772.9631962920107,1620.7741022168118,168.7501173242817,178.49981322222942,163.81080870412762,341.9235422802609,343.0902927735627,345.0019092895923
26163,34.01481982882956,28.76039225549307,14.47943910807879,426.6826049019948,429.8449938968117,362.66139170770043,1810.4515043854153,1792.9705635040968,1643.0997905100771,163.82658893616127,172.4040361093515,160.14079187217214,333.217656482192,332.06470358569743,336.6476358254133
26165,9.403888124832795,6.387795749534792,2.5809484686266293,293.91210896405096,294.1584539437357,238.4712487884768,1470.6915942582814,1451.0399009392536,1287.2109654652277,151.60075727020592,153.94676299268912,145.33502349716073,336.6192387258264,336.6719839906159,329.7748839126565
27001,21.451639305703857,18.09533422890866,6.916254019781962,331.3179648010871,325.4905657368487,273.58965807748183,1539.7214796350497,1515.575733129809,1342.1262612711075,145.02632267099395,154.15422355150267,143.7186837774141,353.1467150363795,368.10134727385406,372.1337163916582
27003,35.551719243838406,28.645294297016108,12.170477502760864,395.74448423778546,395.28129548141385,334.86784242399006,1716.6317227481104,1696.4042388524917,1517.8876427909202,167.2151458713095,170.8570190008379,160.59687442623678,368.04069243498014,379.6354924272164,384.91593960758064
27005,27.949832700115053,23.4293679808351,8.734069514460419,329.84489188190116,321.56945218652913,271.55470115469967,1546.6513904506307,1518.9568661058456,1347.3838430418011,133.031186291654,139.12178201229943,131.0808350960727,333.6577076869502,344.5148301567107,355.0384370349437
27007,17.08251531529828,13.336640647311986,4.779881910129531,299.2188072090907,288.8500012915548,242.99747487655577,1456.8385820618503,1427.9802586859728,1262.825527921303,126.54978123937155,127.28172558181741,122.97103585040368,346.3006858140333,352.98344614675955,366.45738467880244
27009,32.52952655258305,26.886264059671085,10.944223359540889,370.17712598034643,364.3769078599511,309.4701156495279,1647.8451220815684,1618.0726016492385,1444.4909156463411,162.40128581226531,165.94664259051856,155.27520272623755,349.52632519427937,363.0752991891485,365.91375562232713
27011,50.72250802512864,43.2967760845475,18.42397274392899,375.9070556876351,368.6130435159402,313.35069720203194,1724.7692596680022,1693.484139818227,1514.1296696741083,142.03379209311169,145.63635190554345,135.66499817644885,294.47097546156715,301.29466935549505,304.3801416707705
27013,42.640616201061825,35.021247509125196,14.955974576302529,415.9163707392081,415.4738896216501,354.8813740565865,1807.413882399164,1772.885320519501,1597.5303302220825,180.03845143992584,184.80791659926376,173.51882470016284,376.759050843142,387.0845044523461,391.7060146247121
27015,49.04123749066467,41.48751171527821,18.091632725565127,417.11794764730877,417.2350250827343,356.51257294854463,1813.0270966913413,1777.2841186678857,1601.5556766755958,171.75624267361832,175.79613424300092,165.62788228129233,357.7714957127862,367.3199006383955,365.53270917376915
27017,16.322475416227167,12.878089641388266,4.651994537179734,310.911402716127,305.71127943790765,252.51716981323435,1520.7802637453974,1494.8595892789065,1322.3093381574156,147.62749432372067,157.528824495838,145.68155871525704,361.30056554068096,376.21523376046105,381.62782748745315
27019,47.84205829877135,39.93561469811992,17.819714334278025,428.55299344084335,426.4633771373713,365.55019357753923,1793.320902401613,1769.4347635837287,1595.4832169553695,171.8956417221606,175.50297953034277,166.71371508100887,376.3090599190744,389.5767913504318,382.7732487651517
27021,27.079518446759742,23.092813026005636,9.139294642569253,338.3067570106542,331.65287312089157,280.6072511137021,1561.8079121967346,1536.3700657503653,1367.1648335376674,142.5442464839017,148.29062540712928,139.1972174621765,338.311436347701,355.7808199899742,363.4955507654208
27023,49.64843232336727,42.877012149034165,18.13750132458682,396.9901374911739,394.6969587229065,335.0497931927777,1759.751210413918,1727.122482888656,1549.4317389718412,156.03534700432962,159.6060307751742,151.19517149355283,327.6516124927906,336.4267658841271,334.2654937637246
27025,33.221048957574155,27.324568412108675,11.946047462113963,390.2796655824442,388.9880912592138,328.7619953422701,1695.284039568172,1673.9306806496256,1499.113478756655,165.16842189208398,169.57042239837966,159.08260971239005,363.8627243323515,375.5927900623435,383.2405016201011
27027,41.69866001218805,36.2863142419589,15.005360250754615,355.05818637048645,347.9122039269815,294.2927921239206,1649.3207404901818,1615.0139005962758,1442.2403631124712,123.93224759911634,131.3786591788174,124.68368720608332,297.5214778841454,304.56355491794847,313.5612166061934
27029,21.394710423443634,17.276537559620262,6.200069143583266,310.00883797149226,301.2924589466893,253.75358991306348,1492.3301015089235,1460.634676933249,1294.5831812237625,126.01650740245168,128.20728093174424,122.52071155180263,344.78310278660126,350.4323484845623,361.9061270321696
27031,3.3567776943645753,2.333370928787679,0.5783077025317689,193.19174157989005,187.21782097694643,149.40953025705173,1185.2486168845319,1150.5555217586455,994.4689084934313,144.1815994495502,153.6647653410253,141.04335875754606,359.0527669226879,369.40917685637623,370.43486657925075
27033,43.818680753450835,37.303113096446886,15.741955325236868,397.53049450143743,398.2522802172285,336.4345983354623,1773.1663854410876,1734.320359030096,1555.383998745499,172.0936789250945,174.5515997512473,164.55774375988958,347.5942457397017,357.0432663113026,358.4738038584445
27035,29.888692366376006,25.845371561087898,10.262828745972278,352.7420646439249,345.0777980561944,293.45104869907584,1594.8780455900967,1569.4361760366187,1397.267667268831,152.22082932742214,158.02850832388668,149.47488788167544,344.0982467425214,357.99350488927627,362.81543008265425
27037,41.284313021971634,33.97968359780473,15.225208769073248,422.2541075507262,421.89877307627586,360.5514704964137,1782.2742227615017,1761.5700753291057,1584.5843660836347,172.80419068299256,175.88587950445276,166.3298165937388,374.4680643285823,388.42929446701885,383.4187610664526
27039,28.66222330843819,23.77578474063408,9.619201142175903,392.26503116961715,392.08066468041613,333.36196838956226,1727.3124792814701,1700.7732302414065,1518.8750990266226,185.30445789801007,190.63679943516524,179.68596489569964,387.6302747399817,404.9113688792437,404.1230260590431
27041,31.620631933259478,26.08492755761812,9.59367773416228,346.51455638656466,338.95562603664723,286.6117866456618,1621.2954337457827,1585.5589410670214,1409.4371564729859,147.9351837944076,151.0203665978526,140.40294666359878,329.23430196711695,336.34735625088365,346.7124188372065
27043,35.873601874658036,29.839920743025612,11.9889021915842,406.5374153926139,403.6578889217385,343.2058414634621,1791.7281053366664,1753.2867873701005,1578.6657385268368,187.48353770791738,191.27996737352902,180.59431394495732,381.8615041668059,390.62005006598145,397.47500193937344
27045,26.751915920493293,22.834924114847368,9.124401856271433,402.233079874022,401.5008185524557,344.1720254583055,1731.6699496802128,1706.3397605964851,1525.0258967772436,188.42600229071337,195.83033563125122,181.22540340326168,396.1276710777548,408.8020139202696,411.34934177929506
27047,30.804955333578864,25.275166987358045,9.981001631312884,396.0694889013672,393.3529351737987,334.48493474460383,1766.312076202939,1731.1078720780672,1554.123690319714,192.3772498508896,197.53704316730403,183.70963538096277,386.8817815066818,399.068707850793,403.4563582756819
27049,34.55892367751655,29.000327276401258,12.533875009134936,406.7237450254178,406.69462996425284,346.7999468860559,1741.8113424517494,1721.7046026371997,1540.7885706232264,179.21876977734811,181.43840111595114,172.56571590485743,382.4839524692391,395.09775466242684,392.83421568840555
27051,38.43340214863995,31.699771901073394,12.505899507438544,358.10369230153276,349.8752646393984,296.1236585589372,1662.9536610913633,1631.4440035093494,1453.1674802492926,139.13924182233717,143.15725224180503,133.0787096082134,308.77019382703753,316.8940082758468,325.31497003955127
27053,42.35794766645083,34.34627098898593,14.745383053139284,415.2213425078786,414.16153922795036,352.8968485606278,1763.66766803994,1742.762551314551,1565.4373722851333,170.31826218022633,172.30327993255872,164.10256259333812,374.01055480758237,386.9845605902339,385.11957272660436
27055,33.18899831482386,29.17933508945736,12.524869434980042,421.94870574032427,423.0063535036196,363.81760861546735,1767.221630482743,1745.746595412572,1568.1112150033491,186.1681909074169,192.33211495261048,177.18470233821466,389.64444593774726,401.5587844323598,400.94997256389377
27057,26.33012490768231,22.190894683633886,8.582402836956442,329.59475834145337,321.5755397260027,271.75593464104753,1540.1652041750149,1515.183522430148,1347.8830819476245,135.51725853120598,140.49847857280983,132.0015293998469,340.7293759222672,355.85722694849557,362.44150487067634
27059,33.4576978535495,27.424942556367892,11.651416044878243,386.7162916379747,384.2326754316873,325.3842861739799,1687.6701307848834,1665.2806877011094,1489.9380671658296,164.0900775945876,168.80048507335977,157.4317288981411,361.4034477497803,373.77410337689474,380.2972753392135
27061,15.439280990108042,11.920921040505878,4.555216577705986,296.6171890375719,289.0555779508255,242.1555547502829,1451.473364013776,1430.415175601343,1259.025173842164,138.6434294738177,144.78305876093776,134.95941033871915,353.4482409356123,367.5304921066889,373.8240118830948
27063,37.924551244119264,31.61735281060975,13.00513142570449,391.01893675118106,390.9388471222977,328.86442686408964,1749.7888305019999,1710.8194983197566,1529.6283026155556,176.3010351203357,179.23072427155995,168.56558244218735,352.5267882310242,361.9853469831618,367.87013457310985
27065,27.80929390256413,23.090947685191193,9.378832292003818,363.8060722879187,358.43757499713854,301.89354203625646,1625.3176454756908,1601.1850186193724,1428.8695522060195,156.63648042199108,161.594398065162,152.2572642099501,356.00159906238207,365.9399873776671,375.0280414863145
27067,41.30202150105891,35.73222142324734,14.503404188379992,385.2540664139352,382.4768942563181,324.2677236190894,1731.2135342593806,1698.0677610405742,1520.4582743690544,161.6808879968338,163.8801845585293,155.24467916478713,341.37994124832784,348.97917510361594,349.79911234942244
27069,25.17566228594714,20.369012540018726,7.5824301837601285,301.84844302115505,294.0923786560669,244.71554385272415,1522.84768260023,1489.9591255950806,1311.1140650269413,109.61108678804187,109.991576427492,109.20080128045655,288.30151434723547,298.67077672138834,296.7886864883525
27071,11.393564422760424,8.186860976831738,2.966599512858111,279.1212944899014,269.64769428720246,223.7429424908177,1400.5994262360914,1374.3549005611242,1210.1646836129578,131.53108873277833,135.06770823054953,127.47356447671424,355.05641684411574,367.0651760016818,375.52292319597944
27073,55.3841718248528,48.262816362587934,20.982102902955937,395.37757442114236,391.16883688907836,331.63719822369245,1765.7637578689023,1730.949245396984,1552.832164235853,149.92401297206638,155.2920537571159,145.4263836685647,308.17979771827993,316.52310338582265,314.02033148958435
27075,3.135331214967195,2.0647872494052875,0.5266606177897352,194.72784845610795,190.13518376801792,150.28688197914155,1208.2860928303933,1179.0392769005632,1016.2490152599561,150.05247198606492,157.17461943501002,146.0134175304022,369.39706769755287,375.6465509496935,379.94413087772944
27077,10.83859890008614,7.726806803217464,2.6626520265852056,269.7993590573681,260.04012783762926,214.5932439290205,1388.721226801666,1359.695621766136,1195.5041759005667,121.41231372002395,121.97664738100507,117.11981674526187,343.37496996996344,347.49405653858526,358.36650782735603
27079,45.25914184802791,37.72831489536788,16.9689478045186,424.17352002106065,423.5808100229345,363.3077602881125,1808.6464534735442,1781.9756334107374,1605.3305812380693,174.684418912782,179.92197030408892,169.4904572433197,376.5394788228233,389.2415668140238,387.70169181414525
27081,47.54203821954566,41.469056237753165,17.877531024840884,379.87729818050565,377.45295631668154,318.2360612389304,1730.1523034238064,1694.2635368411763,1509.9945986671196,155.51229573186765,160.8841604146499,149.76375376139552,318.8607073915008,322.7748077691082,320.46230770062186
27083,51.72867457978814,44.65014556612987,19.551800738535544,396.72498088604476,396.67430879806847,334.76569508496897,1763.9967923212166,1728.7311116539083,1548.2326212401915,159.54721155470222,164.42281279908005,154.53989049449487,329.51385260933387,336.6952788994846,330.29116175703507
27085,46.66719190145267,38.953619139839894,17.161269161638756,415.90312221199457,415.15214550976106,354.397370175327,1780.1827134207,1750.8069782036296,1576.7197957751414,168.74126746555777,172.17711268578577,163.90504130274,364.1502591882988,376.62021096618207,369.83073922685446
27087,27.067350361717956,22.86540420330733,8.439356547812775,325.59784962222193,317.10492086639823,268.14786750467687,1540.19503731017,1506.669830399354,1338.0884642497685,127.44003010923814,129.93099758469174,123.83528924763269,335.4109940181976,342.4590691693919,354.756994544556
27089,26.043602641094775,20.916306257267227,8.176644141056494,307.0045067769879,299.087707544999,248.90947905259918,1523.6765443955276,1486.1233496374934,1313.9306529213763,113.33065404751657,115.08405649524055,113.03840708344708,302.6190780993096,313.69175062810353,318.3928827057015
27091,37.176552157796216,30.987205654806324,12.53503837624836,402.55290348562295,401.43102983746314,340.2813067884906,1779.5558796091723,1739.310930131594,1562.9076956873191,182.39871698428968,185.70434183104518,174.8971654499929,368.85868598240086,378.41836660365857,383.53031143330503
27093,40.25447161488712,33.899772446691955,13.85117170472554,390.21384383601224,387.55004112340845,329.63221071474266,1727.945497596825,1696.5665966262409,1519.7545243754828,166.50861381922132,167.86764592429378,159.4272954760329,352.6788734997408,362.3543978352724,361.10383557990474
27095,28.974338323587325,24.33059553187685,9.74401027488181,363.1589733838697,356.72340294975925,302.0276537828034,1620.4861442529598,1594.2759035341253,1422.4706440224393,157.99945299591704,163.10362896392368,153.14549441786636,351.84985789065684,364.10691900609623,371.76931384880186
27097,30.53650109929942,25.893640573800052,10.12119581696251,357.6474936952419,350.51567602010044,297.42896351434507,1617.4404574470755,1587.029374259366,1414.1168127304593,158.10377318688114,163.116321346303,151.59180429118868,343.6257313163487,354.4511175993133,362.6057414922141
27099,25.379453092031323,20.90145896066321,8.149386900132757,390.519292437248,388.79616939489165,331.167871545316,1722.3454152593586,1691.2210575988752,1511.3724151470828,193.96084392815754,199.827458089141,186.91460959458215,397.6997058581335,410.52160886926987,412.73937755794594
27101,43.05459623256003,36.84724105260192,15.633827325657538,382.75069659243053,383.3301383786267,321.6803564900782,1735.8817826187067,1697.9858743336172,1514.4703301475545,165.3382176552563,169.16985324198654,158.80352824648682,334.08613034247185,343.1439925186186,339.4768262123216
27103,47.79823583788519,39.87553651717214,17.932976572425034,423.37111134826785,423.57350216971327,363.26814670347943,1814.0371635916877,1780.860878670408,1605.9499352411601,171.31481728454202,176.99531537083507,166.66055390330465,370.0860841306585,380.01475081674727,379.6154992444233
27105,42.06208796293068,35.40091877055329,15.232293321919986,386.67537019615276,386.90616578729725,324.7070021226363,1740.079584372313,1702.2825630612365,1519.8090923620653,168.89354316852794,172.3031216193855,161.40238918015433,338.7718184342593,347.4168946299086,352.13121301961473
27107,40.12514286319158,34.66855407066362,14.62376879982364,351.62085718912175,344.27107919053526,291.27444216729396,1635.9518611034323,1597.929021827956,1429.247663503514,123.42255795103358,126.08459152425883,120.78159911620801,308.960783434005,313.0142211174084,328.93791533117843
27109,27.57145702334205,23.368191201413634,9.40272488996637,395.2707588061636,395.1143892014472,336.95823462410993,1720.1308038278657,1697.0754062301444,1514.2932989200144,182.4778154285539,188.08173098218145,176.49728248413635,388.94005200805174,407.4719866002407,406.4641686407056
27111,31.870668558451587,26.6311175403736,9.885038064102284,341.38696989472794,333.5954658479624,282.5711749352529,1596.9786864070888,1564.9518371911638,1390.924089435573,139.81925686064466,145.23300320221475,136.45210576255002,322.1066208321849,331.88082786119503,342.04413696491713
27113,24.37518060693213,19.617261613579696,7.6118089557956825,310.65738103032004,302.06140281689943,252.73452990986243,1517.7386935722948,1480.8750086304487,1312.5617900305715,117.10766156296229,118.24356735972046,114.71074472177592,319.0599341758473,326.700198580352,338.14884476237273
27115,23.161217008417434,19.207725179567284,7.472796243616767,348.1277891042239,343.6489533543847,286.8917940754051,1598.7164612431168,1575.9868842496671,1403.0916024593691,155.32056427301967,160.59215009539633,152.85115465618,361.99199465860636,373.60963238566364,380.78883980196974
27117,47.097314505402345,41.15260679735706,18.06112260632089,384.8350145443827,384.28759623312754,323.1742094395835,1741.0194810774096,1705.2323148994728,1521.3451565507341,161.3211497371512,164.7370829627843,153.019667346367,323.5523882492518,326.3443336189556,327.5158272562788
27119,33.34681862573271,27.72620580868486,11.554101862239675,331.6714614403109,323.9508496676533,272.49614281389665,1585.8044026213663,1546.9199848953092,1379.3856613912249,118.59645278771889,119.82111878144099,116.0377062560195,309.98318521784904,315.95968995513294,327.98369854070046
27121,37.41066772763425,32.02071673041443,12.298775564681984,366.8786829834488,361.1542111727458,305.98161385995274,1681.803775686142,1646.3640147739548,1466.7894393048375,153.27778916015578,154.93493662804042,144.08079509429027,329.84130951630215,336.54815815627774,343.1852841011382
27123,38.481841383581674,30.7024036795549,13.291669457017624,408.34463262656755,408.6540914651119,346.8953267707867,1747.6253959420505,1728.8927821883346,1550.820590330756,169.3589600506675,171.6255630975897,162.78006237434246,370.9261519246987,383.6555635694958,382.4331890055078
27125,28.228894960938796,22.995299699731426,9.170668432265815,322.972692945151,314.0602899234602,264.3590138535213,1550.9040003976158,1514.6748821853294,1346.8447464564729,118.45983273207688,119.49251724119763,116.07053464420082,320.3957892012182,327.0558607242613,340.00860367906614
27127,54.77001207596991,46.910445916329294,20.702033495892145,414.434038879754,413.9494481617232,353.0667844401596,1810.7139026916927,1776.4543469729228,1599.9404346479798,163.88881232945096,168.07545767029268,159.7849759553663,342.9697363774807,351.10555617425194,344.73798057975216
27129,50.440038708797736,42.7696850860943,18.538523248033048,408.9791418757951,409.00258331930524,348.0287416391464,1793.1851229875585,1760.889001307934,1584.7565746085224,163.14397912030125,166.0234836492683,158.477629131313,347.4386456036531,355.92794598994647,349.6377734534054
27131,39.63753806796911,33.02173996955857,14.354616345902366,415.1228380651396,414.8795522638108,354.6392820000172,1786.7091879580337,1763.2765232992017,1583.2047451540514,176.5775142914985,179.9021109251355,170.61702634892237,378.11329996028593,391.99090300204745,389.43099760186084
27133,52.11575237047972,44.88470836539913,20.597094958857074,402.4428628890204,402.4649656051239,339.54140833086365,1775.1956648948253,1739.6969851676306,1558.886246235543,163.47233948187514,166.63911505024808,154.7816620037316,326.6418583721922,331.09510517865624,337.37300706051235
27135,15.139478185690075,11.283594920625154,3.7732080244751196,272.0123859118644,263.7524539896658,218.62478508687292,1410.5548145179316,1378.0317510324248,1207.9303800233286,113.14292250764727,113.23740063151703,110.2390310948856,313.9008206480588,323.11653119206926,329.8906538568316
27137,7.3834898586814575,5.513132920715056,1.8114349312091118,244.02300851183378,237.59485923914934,193.9461836498241,1345.0646234500111,1319.4503440723297,1150.143854203377,144.42217839177547,151.09300341516126,139.98674681119624,364.45846048639055,372.944105667377,379.8194457709162
27139,46.222250985105795,38.75683357137307,17.359190564839157,430.2267633245862,428.6526053757922,367.7754242187533,1805.0442726926144,1781.969289242375,1606.745232636582,172.19667822765717,176.36578901302863,166.91198789859885,375.6175702594652,391.0940168241782,385.02594522043137
27141,36.51087463878049,29.84779117046265,12.62607251313287,389.1987050008558,385.46547152347694,327.73581528139636,1695.7023566478408,1670.0145799043944,1493.0026955239296,165.8094988911633,169.28263745293276,160.19482096350848,359.5693555739769,372.8062239776271,376.784452786411
27143,49.02040885665445,41.44225196781905,18.627768998798636,424.78036705737793,425.0556359304431,363.95353771344537,1807.6763592859338,1777.3267520360246,1603.3897668804632,169.43521725901388,174.57254435402152,165.3734204217513,368.73595288743695,380.51060681573915,375.76510617431984
27145,35.18594943016686,29.443040311804243,11.601318416976415,370.97893387121553,365.546502236084,310.1597912446787,1672.235656281105,1637.5676460166146,1461.0664404945662,162.21111092794848,164.582842102397,153.01741777263157,344.09040759805487,353.0273119915685,356.39488301460074
27147,33.41941802704683,27.47038989876709,11.308583748281738,399.33071117364756,398.86460086882914,339.3111943459037,1766.07360214644,1736.6969870334694,1556.7557805391175,184.72062937560082,189.47189772909877,178.90155397446608,383.4543685992289,398.30685526999184,398.7446030965765
27149,42.751425884721066,35.73655806538631,14.338603412355747,369.2346528941419,362.51522838636805,307.29905113158304,1698.1183413572508,1665.394464478452,1484.0576266489716,144.0493368039633,147.66658732030194,137.46258376642544,309.71838436239494,319.6135917690798,325.8443304087188
27151,45.19215503983831,38.86469979726395,16.0122531263927,384.5243322153457,380.3236860454763,322.9363587738348,1729.3067509090415,1697.5622762722226,1517.2533889023607,152.76636641550476,155.04133200116826,146.75709779922687,321.86909421460496,330.2479744480914,332.8126389513972
27153,32.96877347869911,27.481241505462663,10.505207485084451,354.4830772280102,347.2629105966072,294.85865100909376,1623.3871260641963,1590.811538153005,1417.3885662433004,153.34589615211115,156.74758771630096,146.51378460179382,335.5214729316194,344.8740083713512,355.4092049922958
27155,48.22608465104285,39.90316786225601,17.10185642738206,369.59475808282735,360.25937271540977,306.5399520004695,1705.209364515309,1673.396680346022,1495.4472048043772,134.8529164398414,139.39497769647443,129.529707400152,290.3025646840262,294.1932507442233,302.06910520149677
27157,31.468365840628138,27.162115536652642,11.351468152953275,402.7748454230215,403.81471518292597,343.5244479087153,1729.6792329804412,1711.8493770240086,1530.7745154730817,178.21378979106197,183.78074493186728,171.32991412537822,385.2786481007076,400.06578963331935,399.79349073792173
27159,32.34986050169412,27.460565933674662,10.67362771824068,347.3015314587428,339.1573361967876,288.9656487970768,1593.3689653428096,1564.4899293726469,1394.811276575368,144.51466855269146,149.71733762736469,140.32143361522452,335.34761495447407,347.72238743607835,358.4978142276171
27161,37.691644987914785,30.699083844149946,12.849808495742923,406.5880049070787,405.7296688050304,345.75294633366946,1788.2836073919584,1755.9823710570558,1578.6655254673815,183.31289019990095,187.9041378115098,176.75602099956689,380.53347224019024,393.35722191915363,396.4474824582422
27163,37.78285239794096,30.423474902310517,13.360899474447757,407.74218327566246,408.48804519097496,346.31517442288504,1738.1346285627067,1719.8315009537923,1543.0910334586456,170.99524809725966,172.95412640337082,164.25934830062,370.41499168643156,384.0902992135563,384.41312206278775
27165,42.34548386864106,35.817738615245005,14.842962826136835,408.8672166293052,408.6710356945513,347.82960936649675,1795.923711844894,1756.1588306828883,1580.66617687105,177.65573852719086,181.21878078192765,171.1929996082194,363.0096640327391,373.61445486844127,378.6706339367521
27167,45.32379782887529,38.43910858188726,15.742138648334878,362.6785250144101,353.6271287261954,300.08255563144064,1677.0630501021255,1644.2644912069566,1469.18123501137,130.01473292028533,133.30290303300816,125.7049795377698,287.968672487609,294.904207361223,303.2045873945353
27169,30.28451691117358,26.78865350462736,10.973189886295865,408.16544985808184,408.8805752789574,350.51033624277255,1741.8235620318774,1721.9770364632718,1541.5599999681276,180.18028313248345,188.27408897408105,174.51591230249994,384.44008311644217,404.8443223531276,401.3409804518895
27171,41.04145925226841,33.78684500152322,14.081712853053682,401.9358557310885,399.5216934494782,339.9910430673718,1731.90185438952,1706.0880831525762,1529.712151687862,169.62420553434802,170.67106681097408,163.72416885509935,364.7344217852656,377.35867145939557,376.92596301845754
27173,54.110070942258275,46.90199138182315,20.50371341591245,399.8235055353405,397.99823191943335,337.03689601786374,1772.0394982920086,1736.7848014527722,1558.8446712169957,156.70783545460029,161.3415780863459,151.56371071136738,325.1643697656401,330.3997769820865,326.5086785117611
29001,74.75506906573636,64.14814510666217,33.49375192854835,553.9631608467148,547.3353854051713,477.10423908883024,1997.7124677827728,1970.9434546611599,1806.6919480096803,221.61736618179958,226.78624730207724,210.51275574638157,407.8936349834997,420.4552876151827,433.6034613945305
29003,97.60336830259503,86.59012037608751,45.49505315939216,571.1377317663448,568.0575583492288,495.9793344875108,2055.59523386775,2028.8697684417584,1868.80177992625,220.5795801855903,224.145886891854,204.75516896845375,406.5904858203746,423.09693188116535,431.70774790374537
29005,100.19521443187023,89.21958909743287,48.07353057288039,555.9885121263352,553.5490822754819,483.3924021115257,2027.4953860236278,1998.9477169037734,1838.713644289824,204.1015336333957,209.91515426578525,187.34972870544715,380.61607707239165,390.5733424306433,403.5851165241196
29007,93.89139636509785,84.15685302215442,47.56434087973522,589.1618638882048,588.1395506357817,513.9842391518902,2041.3650206145346,2016.2227534585381,1869.3942407818565,236.0724258579137,238.32598993222715,222.82892972576718,395.17461788150433,405.526418150506,409.3120633557097
29009,120.98570281139239,104.71641448530917,63.73940110404946,671.508021222306,667.9868105293335,596.8623047074416,2117.2629818436967,2096.7169230802724,1961.0520072807733,253.66007348498334,260.2190292824018,247.4032073779414,415.1534962795589,407.64222536189726,406.0355430000164
29011,135.14057828591598,118.76196968025124,70.2756881692398,652.57849902384,648.6793800079753,575.9905297234986,2142.577571688541,2123.64851009627,1985.272484907116,259.79680725949896,265.3802934048462,250.52568630708666,435.38212416164436,437.9872747121876,442.9608943354212
29013,142.8850858167074,127.31294934041655,74.11018237141103,660.5513991903429,654.5166974297509,583.4512816524978,2157.1949485294194,2133.6689952740594,1994.734361467701,246.87789611989191,252.97312912892303,236.3187068438113,441.1044361723113,441.3200690058131,443.32744446010986
29015,118.95984693037295,104.25451258203093,60.26028470171811,646.6752056615167,640.7819809236469,570.1295252699447,2111.217584851638,2089.8080600432772,1948.2854948853687,243.9857967425648,245.7535700182669,233.33625375840558,411.4597581490625,413.06468970080306,420.0983590386362
29017,116.71137774246742,105.39495159332645,63.75592008179039,671.8179779463829,668.1050823984576,601.468711531247,2092.3541653285733,2073.54295193645,1940.5406047142449,254.69716284638534,259.46615884539267,245.8027212796572,394.6912344243748,387.19352952908173,392.3583645305259
29019,94.67101432409405,82.28208148314718,46.28196102637656,602.2390300003146,599.469077336269,525.1727216478166,2065.362293802044,2037.2917769797427,1890.4373292598461,239.30385744857267,240.20530514417518,221.78500410872235,400.68025175550264,404.2330428502405,408.18327268050655
29021,106.76191179119067,95.2962400641253,50.478655538590424,601.0420000976084,596.4987444537885,523.3293154765272,2097.714685530473,2069.1238468587217,1915.4279767551081,223.443639524567,228.22193478161148,210.1750335884674,411.91445321912045,433.91641246906795,442.7206688010776
29023,140.80883614606836,126.17408471448812,79.80275693175902,722.7558384372368,719.8564717199715,651.3995965442855,2171.7928694521106,2150.776390296637,2026.714290737668,255.93043372059614,258.51303495638723,249.1840153021933,386.3496957119062,370.5433612217132,378.82627706069314
29025,94.14760434618293,81.49781202487767,43.681636668865394,575.9387391602238,568.7618510541197,497.7204244483458,2064.386591444859,2034.827058362031,1879.7565218046839,223.40282729555696,230.0408694121836,212.83549930461362,413.39200325808724,434.0984932159815,440.1221404453464
29027,99.66701691026523,87.18870398618068,49.69497029075046,608.421224322848,607.4010008649765,533.1233184282858,2068.917360516377,2045.2251552008488,1900.0254493507352,246.0381396648122,244.6055118371924,229.22728837999927,387.21293973878636,391.7307957109843,395.5852950839394
29029,120.29537487896808,105.95107039365776,61.321274681754446,657.7950886281028,653.6755924925532,582.3755808663841,2122.6712083702,2101.3397535875074,1960.9987826666704,238.6986102966317,242.4832266975408,231.64800154663521,381.78906927508723,386.47017036869073,393.93420502979217
29031,125.56003583564134,114.08814011321117,70.59449761594591,688.770349047884,685.4592462503796,619.671859878887,2122.9575073511023,2103.9524503104103,1972.1303781603333,259.1285110200283,264.73248383256055,249.88679392238015,390.9995757271308,385.49901561515355,392.0623541183136
29033,101.37442325002857,87.51195363367833,48.542723682463944,595.2154517181237,588.2603940960731,517.0922495839235,2083.976811421763,2055.6682562653127,1904.84414155003,225.52158048975815,232.2435249868009,216.29252192311134,413.01869950908497,428.5775677427174,431.57991360862616
29035,123.52574735593825,109.73758692970782,65.91041394971701,682.0569150063128,679.919692497347,608.8536221999755,2112.1784047834794,2096.34489305522,1967.3830066156631,247.19677061904076,250.79176568289864,239.3096457160364,386.1547368509991,373.0675538106101,385.31990212153124
29037,129.67849594803366,114.66278129055192,65.67277952068895,646.3749940799629,638.9468082555925,568.839958295142,2130.1130508366346,2102.7702414451,1961.5097721285051,238.24115251275583,247.9716982310831,227.90440528471194,433.225167324273,448.74867924648305,449.18799199975535
29039,128.2578880491368,112.43505590688842,66.048215280888,650.2750712316192,645.7702486477687,575.0701995575774,2133.327774221977,2111.5350779030327,1970.608688820787,251.74164344396627,256.36299160917326,243.81350747441405,428.5654685554905,430.34441391570334,436.0197529746782
29041,90.99920277061165,78.4227993204813,43.31811988442089,587.4124761070079,581.7863407732552,509.8776426589884,2058.214510628969,2028.771363793032,1876.6136529806922,222.93991669690186,230.06340532421186,214.42497267420077,409.3386422357042,425.59834227150424,428.41000716004356
29043,120.46092744229227,103.49123785060715,63.05224446796575,662.9348407614457,658.322353660078,586.694143304977,2118.9575512287856,2098.4279045698077,1962.8509003484967,240.57838370726213,250.25678553390156,237.6434672114377,404.7007752064127,397.48875624684393,399.9677649802669
29045,82.26851782763322,72.50071803277135,38.489628046404036,574.8634325477717,570.582520606709,499.4657205687052,2014.601155358659,1986.3977220921238,1828.2296241419003,215.89197809255728,222.03692684435092,210.5546915819867,394.88635962929175,407.17489064930066,413.8004508729673
29047,110.73069370655068,96.21576896473535,52.82368704550125,612.7554683629056,606.1334736932934,533.0616533657246,2111.81426689881,2082.766705572402,1934.3172530720817,225.86752682636615,237.48584501826772,215.91809975984106,425.2613793042101,441.6986851040512,449.55245827730033
29049,97.74253664137234,85.61228104358307,45.22787676248654,586.9843978210339,581.5566272905186,508.45776294011773,2078.0723921383565,2048.8707810543888,1894.0862915333914,222.3734116569346,229.83487858010932,211.6605703128615,415.55737458531314,436.1448684871237,445.2589915063956
29051,107.51770824276832,93.21334773515034,53.68150477721141,635.3747447375551,631.0684378754676,559.0696245865174,2100.843569546533,2078.993856265323,1935.8516206094096,244.70434228686213,247.51547147280303,231.28971757867095,384.5162516022583,392.6740853517698,391.56061108018093
29053,101.20110216284516,86.5930357041328,49.80457277406053,617.8591515061729,612.8416736644854,539.8031771087838,2083.796629904938,2056.5136781445517,1911.236241841331,236.35950702699432,238.90751551483112,218.10457654567676,407.6092127341857,410.60071146677,413.4660981092642
29055,101.10740126353625,90.9358307624388,52.016408497415966,632.6585503605154,629.8395627450102,557.7118898482479,2063.1886714138423,2044.6415179194723,1905.199035533614,237.69897476832998,244.3079472858517,229.2145638400756,379.91343038995785,378.44267183594764,382.3856533620751
29057,123.28889519583069,107.47874665128313,63.33360070984825,646.9261425946963,641.9603504523341,570.2633571395352,2119.9751653084704,2099.840956853671,1958.9203745319778,253.75422445382264,258.3118859258529,243.34943668282276,426.90089641225785,427.48660735908686,431.01291206000934
29059,116.98707573978523,101.25538324820604,59.397823411183346,652.2215464245162,647.7236320786308,576.2637290337647,2111.952395235791,2092.6200927334094,1949.9877196978189,237.41681299931435,240.64786833477447,230.69155484475928,389.8523085248384,391.8259892008569,399.9333230661077
29061,85.45039069753959,73.72096651547339,38.34301516463858,552.6222694753394,547.2467555732836,476.6192481064587,2035.057488250517,2004.9939220352371,1843.6922297433835,223.20518790963615,229.1375694936719,209.93783439633768,409.65253307024534,431.9183113447936,442.86296285766866
29063,89.56552524604471,78.51945246121136,40.556486078320624,562.7357470288784,558.6959066520365,486.81458300757777,2047.6467124526032,2016.874531936724,1857.786652885093,221.40576427229797,226.18711807918672,206.75289481381915,410.03316728123775,431.61374418331445,440.9352928556458
29065,98.26188476159992,88.32909204781929,50.01766150524335,631.2996595035258,628.1483211952342,556.2648856406577,2047.8811267719364,2029.7328384417542,1889.8595355781229,239.17860748955727,245.5445877118653,230.8892313925706,390.6158652240343,385.5438231664968,389.9228567791979
29067,122.2894047622643,105.23853537326454,65.42120316521655,677.9942947008092,674.6377096780147,601.4680499116182,2122.356195940078,2105.0642245059435,1972.081063320523,240.65932571324342,246.74972014734325,233.92887886222516,393.88712002441935,383.35328670232684,392.2207320380968
29069,148.59196701769753,130.87178661673562,84.3191000211917,754.0756292824824,750.3315228144477,684.4629313056892,2217.562392586332,2198.412654093654,2075.932705623391,259.68819071178615,260.08092088723737,257.7687269024867,385.4619643830637,373.14172268576465,375.35833461167215
29071,107.17752048210927,97.58410647637676,56.6628662659704,638.9913250477427,638.0912144657519,565.5506373429707,2098.662609993472,2077.7821121812067,1937.40091603607,231.70562684311184,237.64025209343816,223.46018245581985,367.1420979639905,368.1968296186865,369.5352764517457
29073,106.84487810843079,94.94260719551822,55.31518978063847,631.1155084836225,629.9463893890245,557.533523945069,2085.4877872007464,2063.6567483998692,1922.8444450681611,237.76205485327523,244.219349565297,229.36031747686647,375.6539061949816,379.06342905412305,378.4421756890192
29075,81.96433447206455,70.93803261473063,36.09691139195722,536.9227726883526,533.2985245579574,463.05606650437477,2010.2512191963663,1981.4296696109566,1817.4655254883273,219.88757478948006,226.88233795600158,204.38502803049477,409.7117656441869,430.2302938845508,439.40028971006603
29077,117.23741032527205,100.75159753622015,60.362147339735614,647.4984238585827,642.2716428219883,569.7869179336265,2108.60325414612,2088.4442454341815,1948.28513275465,240.36063169618063,249.02946790622855,235.71828621456535,408.97519146648426,406.31066091176456,410.1440749799491
29079,79.88228667229593,68.30598243730772,34.987171001078345,544.7760348707122,539.2784466107684,468.88401544992666,2015.648456019658,1987.7759252582332,1823.0565479857166,226.05715820761407,232.6703296443874,214.35151919926406,407.11034664821693,428.20110282514236,437.4667296086759
29081,72.04097456731016,60.97319365487177,30.64483832192105,520.395392624417,515.8781956056183,445.72476556547525,1981.618305555899,1952.1557381669804,1785.9262725891301,221.31018583819233,227.8452389236601,207.6818355443605,409.18007746994124,427.32994376560634,440.34855707037303
29083,131.426836137372,115.60263067150902,67.87752094625895,652.2674021342284,645.5873963630819,575.5948986023079,2123.941966465657,2102.045316952651,1961.6923441827894,246.68201287471706,249.52995413858957,233.7536630580697,428.13939944865587,434.28355089379875,437.5707564182135
29085,121.8067538733759,107.44299958069652,61.61534274978393,652.1398133853438,647.314154588491,576.3154757450986,2120.8965478759583,2099.637752955991,1957.787107024228,242.6314073691006,247.26446148030018,235.95324580976344,404.943147486226,405.5910821989439,416.3472903300064
29087,111.55616632882611,100.098624999266,54.42835861501468,585.6199087506379,583.0100396991027,512.1991237497319,2070.2589681848067,2044.8634883114064,1886.132968834058,213.09383670440516,216.19518515621274,196.57171571634706,396.0678630962108,407.90806019654826,419.25360652876964
29089,95.48461429913002,82.6810475973017,46.7619767646571,602.9285586644709,598.5358665157845,525.6235340849473,2073.1610622238436,2042.1851104214134,1895.2382714167784,229.09258108714653,232.7028380799939,214.283559778581,411.2652404435602,417.0861497415035,420.41470312215245
29091,123.79201366546438,107.46474678673243,66.22709699952173,686.3146928362843,683.2288139268725,610.4301377980048,2123.8373064495627,2105.8422067870933,1974.8139066171884,240.09335192323343,242.0492063775986,232.12874618642368,381.85869895057414,370.5879948014245,382.87611218221116
29093,90.49326840700719,80.34190995540057,45.17380404233609,615.2363068498196,611.9379721571374,542.3678441028654,2011.7263324902203,1994.2446262977264,1854.412677485137,243.82834954945102,246.64640961882498,232.64989304099112,389.4227754137244,384.3992134515003,386.37852912138425
29095,121.58783016749665,105.71415105003325,59.818851834069925,631.8658262288562,623.7517311590123,552.973902964671,2122.593181870528,2094.4364411124175,1949.3628099849968,230.97237267708573,243.2622883275638,221.88129569501933,427.2517693986276,443.96777437772107,451.200108861109
29097,130.95569580853748,114.34244522278982,68.57488574640566,654.5861563657983,651.1556492552791,578.5084517384632,2127.6038220112587,2109.1512281726623,1970.3635436600314,259.8560426647399,266.50074379877094,250.5486110274873,430.31033480810163,432.48841321723467,437.8229067171931
29099,113.10588477418116,103.79581988465205,59.68300024735648,655.5688403705441,652.9825964262639,582.219580055171,2121.5632600399395,2105.110262707364,1964.9931594696468,230.1109503586863,235.1540994572842,222.11368219972647,369.11892338341903,365.2423615677776,365.24608031205406
29101,124.44449592940279,108.76878326516984,64.02973721407923,635.2445546058688,627.3342499388036,558.1900885148365,2104.499182034323,2079.0676006745693,1936.419977743736,240.7579700161645,247.7857305671827,227.62433782653153,421.2422804346617,432.8403559027947,439.0715997324034
29103,81.69118746419814,70.9520549874359,37.906235424474694,573.056193304083,567.5622994392712,496.57422848087344,2014.0334285831607,1987.062741881879,1827.362496345349,218.80296657009976,221.5184107412844,208.09306107706942,401.7943187994932,413.5381298267909,422.8697513224787
29105,115.21713592428213,100.12757451906437,58.60335787508079,654.9786045006113,651.8031412014996,579.4345272610747,2106.747746143218,2086.9677957262165,1946.6864041388822,238.15621506455872,241.54489759527323,230.44664331828213,381.53840230419286,383.4124921482669,389.3081035684618
29107,118.14358799200572,102.79312676437917,59.298084566775266,621.8180290545961,613.624523853853,543.76370405255,2107.6007376404696,2081.5712039275,1934.8403069921303,231.22788557758275,240.4010750005245,219.90413251728927,416.6893034358898,430.7323884449423,435.79812301657614
29109,116.81537465019933,101.15558548959545,60.24710735683355,647.8164344840449,643.1469781442742,571.6196761120113,2102.623816403721,2083.774465099081,1942.7013151368478,252.9345251898958,260.6439530253439,243.75616837229646,421.47228207284144,420.0321987330252,423.101563373548
29111,89.57743260600293,79.07769388191288,43.0428113076408,590.5729690759111,586.747242317638,515.1855253375638,2031.4911646769856,2004.8387576995206,1846.6279309740682,221.23911886215993,224.5763214449903,212.1249677445709,398.1630979219141,406.99800314834357,412.34468721874316
29113,96.40216348675344,87.6721545481331,50.45767634338113,609.0607284891498,610.4234076452437,537.2065925391265,2069.8998612324112,2049.7725719269592,1905.1180922674134,227.2740708371395,231.9332406868594,215.45328427968016,360.29873884339685,369.3745025880941,365.36508114127747
29115,81.3957514955403,69.81394777419375,36.514651142935115,562.5105018558652,557.139200406671,485.68537918333425,2024.8510911359049,1998.0137245948972,1837.693321079289,223.1750485088618,229.99232509676193,214.01626565510728,405.7661181322229,425.82921080827765,434.7744587566531
29117,90.40037520511783,77.53790618566481,41.452670522860544,570.8906555155656,564.5125701476293,493.4571173444965,2052.550864610142,2024.9631228376152,1868.0028610264646,225.4508807771005,231.34885547706963,215.88632242793466,407.87822127530643,429.0958035185449,432.73819751977237
29119,136.97099257300732,118.59203133421109,75.34863442209975,684.5754840283058,682.2064304167515,610.4156520128455,2137.912712551267,2115.715597805585,1985.4068894379955,256.59420169892115,262.3197764777434,246.91748546311584,416.72843799706544,414.02796115197077,409.15585843887004
29121,81.51686055849572,70.55286723575782,37.80095812400786,571.0110433445177,566.0703512306308,493.51908307231605,2020.9839591625976,1995.5022074186497,1835.7842953515028,220.59645454995106,224.50333229317044,211.27149194247812,405.6411388443004,422.0699109771523,435.18757076852705
29123,99.96579311892613,89.03762701425924,51.98101602152584,637.0154558854745,633.3882890841638,565.5558222835584,2041.4601713436896,2023.633479739036,1886.6676797397406,246.76312026865412,250.91033076279282,238.9951769937552,393.4027597307355,387.7056338438393,389.2644180267888
29125,109.93114789639897,96.69514022361216,56.02362917248619,642.5640846376173,638.7520863447695,567.1407294733496,2095.0943486098054,2073.488837236788,1933.6046666785273,242.0641602508018,247.64428585577656,232.93510234777304,381.6776568564555,385.005064977255,385.06702337201557
29127,93.63921433508548,83.60800894744143,46.547500877897455,596.3254993660248,595.1090267458387,520.9253694753482,2039.4248104596597,2015.274956059883,1861.0747970484197,224.12056847684616,228.5057693138105,216.73565820928198,393.9033345732686,407.7067162091375,410.02273506620566
29129,68.97070683078923,58.57730360806598,28.665786667059912,519.0945674422405,513.7132709013425,444.1000860361786,1967.722708666437,1942.4925472527589,1775.1933127261805,224.1636696295249,230.3278889705257,212.5455867472498,409.4998598002349,426.2234815298008,439.05641274666243
29131,113.22896824033872,99.23920052715509,57.18973800901616,647.589454608433,643.472621709848,572.0123044568111,2111.1281817480835,2090.5602370892893,1948.2142392094684,241.52007818287854,245.88577052822967,232.01264080522947,383.4604591236236,389.23670421878,388.9030005883241
29133,151.11263045107972,136.20315444135605,87.90368666339435,743.0032357736752,739.8603519599034,674.6277181690195,2209.013200454051,2187.8433816598,2064.5969397235385,271.57134936874183,269.6299492850236,263.99009098202566,401.0362167337114,388.2171570642819,395.04765707606197
29135,101.1447272661336,86.87571204164975,49.40467688473624,622.8174475467159,617.5421444788677,544.7896457618157,2083.73870155667,2059.425486236157,1914.3168359099673,241.9876228460652,243.52955112411956,224.84659669073486,394.9911688784226,399.55407790493666,403.55577580528035
29137,93.37330663997565,83.02832786791278,46.314372395152105,591.1372759084228,589.2934160874386,514.1741480724288,2042.293351774711,2016.5666648875406,1866.8109106126183,226.19411092703336,229.02029159691187,217.61620725421722,402.7394534158358,414.5148477098231,421.9368847440135
29139,98.508136120042,88.37311722174834,50.95183912188163,601.9653239097605,601.8713519434085,528.6824496387578,2054.1583149098865,2032.1746607066962,1887.8292879883109,238.79986503187575,240.6658563890209,225.25932349039877,375.991138216223,384.8756169618882,384.1945962662843
29141,107.52776738834362,92.51599975837502,52.98248856060623,632.217381328331,626.9927012597528,555.810174664038,2092.0711161896857,2069.2494209859938,1925.9208539484257,240.65003804407812,243.41319251062131,227.9257787299269,397.81604313287903,403.37359289530184,408.0355048420053
29143,147.36386220151635,130.64772782306608,84.08533020656566,742.2936848329313,739.0055212898045,674.1044896418332,2203.8424432032775,2181.6047928491644,2057.3164390056563,270.1647971557044,268.2231776273362,265.9463963799655,403.39144856844996,384.9634619203253,391.7462044557166
29145,129.54275815391156,112.23908902813994,69.17973778263168,661.6593726970342,659.1723534945426,587.0890340382323,2117.416924306019,2096.657624804243,1962.0500188095543,256.4377750874512,263.0920286892482,249.34919819671978,426.18224544442336,420.84990311381716,422.7456480818049
29147,86.01962648907379,75.64667809208355,38.61444343190193,537.3308750849403,534.7738286011296,464.70457560659645,2002.3988716934462,1974.402765891228,1809.7173263588818,216.41071963776517,223.1854392967943,200.52252784863222,403.6314799696679,419.58349248749556,432.25599721537475
29149,131.80822679314096,116.27352106636079,71.67496352597497,701.0228448781638,698.6731975565606,626.4652031370825,2142.097496811396,2123.1092501653134,1996.714826497182,243.02420719355177,245.93765419596775,236.3735986188971,379.71720542263466,365.88799779779663,377.1233339282124
29151,110.93994488363508,97.34496693840853,56.72233583699612,636.4710029706969,634.3714004402746,562.1352660770024,2098.809870739644,2077.579911897417,1936.939488133979,244.27088900276522,247.86935044017795,231.93357235312186,380.46969111612304,387.23383902177267,385.6772757965944
29153,136.5724684907792,118.61203442787647,74.7553519767863,707.2727888399277,703.1035886005462,630.9584981037578,2161.242151188406,2142.8783857576645,2014.5968803014475,243.47028377237447,247.89032938639065,235.62218327436594,388.80880207245775,375.2321207874288,386.4619477920014
29155,144.72453001432766,126.55617015983717,81.55873443421378,752.5177072398274,748.6841398162612,683.2591003087449,2216.0853793876227,2196.4683741078006,2073.4491542501682,265.83820243366375,265.2664973642382,263.0686402180235,396.35290595523156,382.70625107484705,386.8545313875615
29157,116.69771930783675,104.99679540009534,63.154474392589535,666.604304426598,664.0591811511697,597.1163342223491,2101.3619238556125,2083.1444931506903,1949.3017848092531,248.83837544273047,254.9755457798488,241.37096111343718,383.98169774859167,381.0879885226311,384.37977335018235
29159,110.58738493173504,95.22938296490757,55.59607956910479,627.2077319155403,620.4795965506803,549.4581958650366,2091.1798645901886,2065.2511640766843,1922.9312521784582,239.90182131545026,240.451170733337,222.4253022956463,416.44296481294134,423.67941785455605,429.2439626763423
29161,108.36509317481679,96.48987919680329,55.67403598933309,644.2491718464186,641.5114938481803,569.4347576496305,2083.9596493687613,2064.391511922499,1925.5986984996111,239.80610312865366,248.1507675083197,233.79108633142482,383.42179381386114,385.264360465808,387.71951476192805
29163,91.13653430335172,82.19010855624316,46.77024319812644,588.6616968852743,589.2966780159204,515.177507554072,2032.8694527506104,2012.2237733607858,1862.800144685417,227.75584877895108,232.41547847592233,218.50835131567482,370.33995755994636,382.6546701617878,379.854609536503
29165,115.55941257301993,101.98254660010669,55.14927126053857,622.4508976929583,616.8795686094056,543.6146393234797,2130.1624698550104,2101.133464904789,1952.9530289125153,227.08046927205174,238.0376643546976,216.32239942965998,427.8067100238519,445.2878912516493,455.00782872430153
29167,120.53344813603533,104.4859877710134,61.46859305480025,649.3744480020674,644.5250803840013,573.0337128345857,2118.81955862468,2096.88085173535,1955.4070986266415,243.84111963361048,248.52581076801548,234.90238284104106,408.6071971361135,410.9383967337686,418.8060898269694
29169,115.66000382617464,103.0534652578604,59.84229460927419,656.7368830640091,654.26246638417,581.9831453538243,2109.6136049197426,2088.204247397712,1950.1396191933745,241.98530317828644,245.04516119062137,233.82138344705783,383.72863429352367,386.1305900016295,388.9502950275198
29171,69.63088961810097,58.653649681524925,29.966912723057142,531.8221612127629,525.9238411979372,456.5799219131897,1974.3536198753802,1950.798357258672,1783.1042737130701,223.9632625473393,230.83224601811511,215.9850124165442,410.81367887823615,423.2356529301839,434.33644836354034
29173,94.56806886459557,85.10187753607697,48.13895785711848,591.7788514100478,591.4937194403218,516.8993446375176,2035.2685047204309,2012.4474074206585,1861.544911711154,229.6989414905942,233.84453278203176,220.49600199929705,387.9350913499458,400.33902615329526,403.20621522181574
29175,86.95578410139905,75.67590291412759,41.7555579241548,583.5554833659452,579.4116052479068,505.92208215122525,2041.2527042917457,2011.8123693272282,1860.0030779173944,221.57702250538802,227.57785884875256,214.26036833921853,410.30425504302946,421.1514115290417,430.0112712072643
29177,107.05602323722478,92.8615262257824,51.60135070173178,601.2160643016745,593.2629993966511,521.921299845106,2094.4715634609984,2065.668509863989,1914.80466739533,224.63503631788566,234.04306011569497,214.19733312316603,416.8600690625402,434.17059770213666,439.2876285761041
29179,101.48444270104314,90.21118735258486,52.33299804417724,636.8026350175716,633.8256521054498,562.9306749112899,2044.810231283509,2029.163899891561,1891.8054653920267,243.20603981711398,245.4983707734731,231.2468948180609,390.138927664968,381.2141914854357,388.36033120803773
29181,139.664026143046,124.39959738744388,77.50096277862966,717.915909500616,715.5660769468533,644.7720357264197,2165.0979149718646,2146.4755607611323,2023.2193497949443,252.8645163272518,255.09446841631362,247.4391385841774,379.4583360127441,365.7890552894429,374.4872948079415
29183,110.44276657456128,100.4943358194943,58.94275586583342,647.260385580499,647.4170366358815,574.7673833583506,2134.6377422908695,2114.438312218482,1973.6820110407084,223.6710858393727,231.4250036022852,215.9074562530854,355.958200297921,361.15408230074485,360.49400092482693
29185,131.38560890440425,116.87486294229045,67.69869131509112,656.0412186013838,650.1395809521082,579.1505043279452,2135.318830391818,2113.433273137504,1973.5692184276809,249.04341699304928,251.99424687604966,240.4275581123408,428.98682897959213,430.4477038921089,438.3969011152687
29186,109.31464915525135,99.28625392111337,57.99641154929408,650.3673453242994,647.4683239538358,579.0250629118821,2088.2953984428673,2070.5437838557364,1933.255540422348,240.83858214422912,244.5975037293067,230.436091651039,380.52256380670246,377.11268254110274,375.6502265322575
29187,95.6532905621261,85.70075918159301,48.766350598652245,625.4911641376304,622.472193258059,553.0573606349733,2040.8707744186195,2022.154054150324,1882.5129745520348,240.09537881320384,244.00669288388025,230.18057041171897,382.8710507527816,381.2733202526789,380.90996301148743
29189,116.33985919977601,106.30285265913426,61.74958426626379,661.5889880061562,660.8650992617039,588.6290005003597,2157.492158256961,2137.02583029009,1997.158835877241,222.7575257602658,233.13301732526807,217.18426747484946,354.1753841208333,358.1985741026923,358.00594231627383
29195,102.83946568465726,89.07840346558758,50.69992229432536,609.1588894651337,602.7517804016352,531.8174588024256,2086.8664865059873,2057.3384926015697,1911.0516376746298,228.47457041935135,235.76826135836663,216.0475986748974,413.3757332197282,424.597152521577,426.9214998315456
29197,74.40101307911277,63.419645868785096,33.59334487410637,551.5452488684084,544.7443073197813,474.43829787683916,1994.5783689386494,1969.148098526704,1803.9816144405936,219.44431056360935,227.95455266442883,212.72872347726812,406.28338323556983,416.87454555674765,428.7923293259679
29199,78.26908768445502,67.5983415547461,36.110057501306656,563.1980404446466,557.0359960614649,486.2824452894985,2004.5305732521406,1976.9285824650735,1815.960403857595,216.76742824744605,224.58269784046948,210.39317947891792,399.254615297871,410.98881459982397,422.02683293514366
29201,143.3474621041621,130.88564738554393,83.2650534312323,723.7641634939815,719.9512892065362,654.6145778576131,2173.367257794909,2152.611343860733,2026.7651711923463,268.4905685475878,270.45375600484994,259.13919140286765,397.7570783049946,386.7246092962381,394.96856235124426
29203,113.86765084437971,101.64788664088815,59.77255378541715,663.3301141557058,659.9453741873845,587.6365667694881,2086.7929049152885,2070.4714583468076,1936.9420998954906,238.9379552991899,242.75987765704895,229.998323595812,387.7844992120528,377.10092507232605,390.07148264592763
29205,88.07764493844532,77.61878542123677,42.2558088007208,585.2913408014549,582.8439187106657,508.742975205987,2030.141085846294,2004.9703389698457,1849.6864512017085,220.5852885752639,223.77446809279962,211.41532240388074,402.52138288670255,416.44338004751734,426.1436137708262
29207,140.0735886948444,125.66713638765843,79.959864883456,720.9534010079294,717.2529797805422,651.0151708825887,2168.0357052573354,2145.4511320976676,2019.9193159960755,263.913812434465,265.35419918294144,256.0310000336024,398.13562869474015,381.0832235754224,390.35823206111803
29209,129.0901122344348,112.5558368469893,69.1378706758726,685.2245258414447,681.5737789382966,610.2830528382658,2143.922402706825,2124.2150968974474,1990.5188860766586,247.6720321226177,254.82045977974977,242.77936011668208,406.80664608271957,398.1537721533104,397.95726991943144
29211,72.57326413768433,61.77513793899184,31.34816114804172,539.2195593046347,532.9421958886849,463.3046974240633,1990.8040986696553,1963.5547520038976,1797.520685345325,224.3775913584634,230.8121433223775,214.0057523170047,407.6040489625489,425.7821688849767,437.6557642370261
29213,138.83769781600515,120.36224009920382,75.59166544447649,704.4450784899584,701.055318211597,629.31995659357,2168.3653210066277,2148.393122245704,2019.74407589641,245.22650805269095,253.02558964301653,240.54939179906197,398.4675536700685,386.52606136932206,390.5522965812175
29215,106.7210693916767,93.3270206130231,55.38045193716541,650.0698099013524,647.4388549935926,574.1963520239108,2078.354085912696,2061.268668267994,1921.8294503182915,240.7358754538374,245.30189558661064,231.98711662315355,389.71676006865437,386.81723229248377,393.7297398895365
29217,143.53441495634087,128.15381122682768,75.68547264997054,660.7357000852904,655.952128074153,583.5874417370553,2164.7958770677387,2142.7916234088702,2005.5233200402483,256.8505816050329,261.7742113894188,248.6219004705692,440.17504147076517,439.2114871924674,443.35890354911106
29219,101.41471388262399,91.75011192191826,53.70046301707326,620.8092822647251,621.0517555871935,547.8789530618769,2080.820019682834,2060.069326073435,1917.438902176925,232.10585626305937,236.39170673862705,221.13182508236324,363.25696731759405,369.6122993348228,369.03574196193506
29221,97.46398626441503,87.69092741807438,49.95624936174089,626.7300480341063,623.7344765755101,552.5326992207034,2054.2768906099423,2035.7572001029275,1895.012460073834,235.15339270030282,240.0468202689388,225.33899161566325,377.4952174276048,374.7551864720752,375.96642931278507
29223,118.4079926465702,106.1668401289996,64.11093523685801,673.701032171023,670.9229152030075,602.0504410942021,2093.9985783567136,2077.2001290629246,1946.1688618965395,251.21642695836013,254.23109428077674,241.29743935549618,396.0960488355451,382.7878567947445,388.21363875598786
29225,109.54209472918508,92.35239935775637,55.08802954987325,643.0626713200105,639.0157325193812,565.8465733529089,2087.3995316182218,2068.2482360528693,1927.430842790362,236.52225705550418,243.81936037591203,232.13203480843714,396.4697362378185,390.94294494283844,399.48445185290865
29227,73.21428230498302,62.35347994878922,31.120881385378745,515.3057727600107,512.0155789408591,442.7759886946933,1973.27429319361,1945.6236891396154,1778.712347701306,216.3929233840259,225.43972913379747,201.69522866153795,407.56645860350596,424.24847272615796,441.3993735614149
29229,111.44857352777322,94.97312136693714,57.14423037761306,654.2371466802908,651.7420961870987,577.3228282915113,2093.0940236715423,2075.630978928456,1936.5949767053048,238.75174832758344,244.86957773835866,231.59394325869752,391.9667025078798,387.90259042738273,395.7101165054781
29510,122.90276855699801,111.7668824568904,65.48238417857354,673.4840453622926,672.5683757419656,600.8311572859136,2175.355993622994,2154.5380142480703,2016.2692822939146,223.91542696667403,234.14338020698398,218.14763883909382,353.79237136723856,358.2996868703471,355.9749882923767
31001,123.35491864859678,106.16580978169402,62.01850206767043,533.0934688680748,525.6592001232349,465.7545588354142,2013.1307987071564,1987.6827304363148,1833.0231573401004,176.94913512533978,180.5782886805061,165.2794813709743,315.3874234914109,320.8808720288926,326.96935148600215
31003,74.57711060647799,64.23387521957758,33.37491596622211,447.57743705353244,438.702216316839,383.45862840141314,1865.8348515093342,1824.3399193225093,1655.1708529216698,177.90982502340617,177.486507220469,159.76979526362337,314.9929562341408,316.29413543203157,320.09538507877306
31005,103.29512598087918,92.3622162363586,56.779990704421195,418.0834801702149,408.3651048131743,358.0040444258492,1812.4207163853753,1779.7179030056955,1626.3186010645343,128.59257740212837,132.76984457479892,122.16958168429433,233.97363070878032,241.0627393758019,247.32522010399012
31007,79.63151803102821,70.87214705061757,42.344863663316524,357.1990986856288,347.1390951535537,299.2523752484449,1701.0072901516098,1657.9664602952703,1517.2486664251323,114.53702705336741,114.22337079879449,104.98293144267878,197.7855086176745,201.8006208467083,204.40009455827877
31009,79.39601938020658,70.5451576332895,38.35819745040042,409.57087014003616,401.22532499398267,351.9587709888553,1812.6301758519762,1769.097599666442,1607.7139756979782,160.75196533391022,161.94109510980493,148.80952408107726,282.77844861055524,292.9840165170283,292.3655425813997
31011,74.78375356873585,65.95058963251428,33.533553915676706,461.54094868924403,451.8371315695088,396.9453393068223,1877.319259425042,1836.9202601923037,1668.4585540991588,184.00203572178862,184.84442880001518,161.87928835580823,322.2071340168911,321.7228421909657,324.99904567569405
31013,87.23351362804122,78.90913491024638,46.959339546358116,371.6712972506334,360.446340229283,311.76278032451285,1735.5236005993927,1698.7893724227688,1547.4304913164794,124.19364864703554,128.06830869577078,117.14609500542569,198.0271507718956,202.50201500748008,205.05941783606391
31015,101.6340223450554,87.94133913235746,49.28624997562192,447.917004018603,441.3067457922871,386.3237642975308,1898.0405652996833,1858.47592714117,1692.9004261940202,164.92088729961785,164.21146810915369,151.8149920985863,288.9576903151739,289.4936791760237,296.56968065057526
31017,84.75878792754193,74.2870327623602,40.904574019960165,404.290879318061,397.88055922372416,345.8498697601036,1812.9116970139742,1770.6112574581919,1610.7361074953258,161.85607184325625,159.4819479731512,147.88365186138773,278.2057961905945,290.7456087354332,286.49658736120136
31019,117.1973197087804,103.03340811973446,60.99569302829527,506.4650068892206,498.45730576176476,442.50168705098804,1966.5655638871117,1936.3795127956632,1780.5386047184825,172.77092050958194,175.58991258882608,159.0926985087394,308.8301739867412,316.28990281711015,321.5699776852645
31021,70.30726481496447,61.57126252066074,30.220206508741207,494.8483559482303,491.3990726938333,424.34661136764237,1945.4143666140724,1912.8418765911604,1740.6457382833444,193.6309186844647,199.90791752930286,176.18376664332433,339.70424811946566,339.6150527390481,343.7805544659962
31023,97.10983741111113,85.64771087284628,45.96981305090391,511.33786142463566,505.9264453251071,443.4524046592208,1983.0003290483776,1946.5016609557747,1785.3690626902185,189.5492248436956,192.43645270996797,173.04553224575167,331.11922286734955,329.9280728871569,335.9737311127292
31025,93.41559925894867,83.12687807828682,44.95398742466686,522.4517517749729,519.5067979638287,453.7841247349065,1995.3675860311755,1962.3618392810727,1801.481492771162,201.08840689529148,207.04920515345134,186.30302058797014,356.9731940827013,359.7293908353673,374.51424053516615
31027,87.84383072519987,75.13920175407796,40.845154467194774,477.1065245406856,471.0321385488366,413.0605027760524,1917.853653668058,1878.7886940576257,1713.3128615134124,173.84794907810277,177.7566952211123,159.52842858657476,315.6722944309506,317.26189545807705,315.35578300521036
31029,138.8293793535712,126.6123287865308,81.51708953549699,495.67071855777675,481.2922837671922,425.87131220465636,1936.0431919682749,1903.9571295122028,1757.942697166395,121.81460093068476,125.31965842746183,114.65538914554622,234.3068068517871,241.46814084997746,247.30401130028554
31031,91.78198512389453,80.11958173985622,46.90528215090707,391.0489880117315,382.0001083439089,333.7793887796754,1784.068236181789,1745.3666891509397,1591.0736780514667,138.06914651796046,139.34678398065995,129.66813112879186,247.33427345818876,251.6670744253977,251.6440147778556
31033,112.33831415410148,100.44072645913816,64.00224202266395,411.4440681068296,398.9426010062799,349.1516608082607,1797.4034872155485,1760.4549661875408,1621.5291774353755,120.56821147930368,124.95355597442286,112.75088394093889,216.23163409144394,223.83004463763186,229.85946293307694
31035,119.84408764504042,102.93259694150711,58.9774607310571,540.9724234033043,533.4876334757288,470.8189907223647,2024.48092343276,1999.663353179616,1842.4845056723927,182.45577166460944,187.40269930327824,171.60711374068887,323.29250026166153,328.452513174595,334.2892899822212
31037,85.23480236072623,74.5330491731268,39.11659650746892,494.69860952771035,490.551338026786,427.73089549498,1951.797122814586,1915.002999490744,1750.1817972254048,194.86668889672583,197.53238993893098,172.9514834257224,328.3769457351222,331.4335399922181,335.69306909778817
31039,72.21622574167101,62.80029449950621,31.309027895410537,481.9310826703424,476.94437716999573,414.68393079084797,1918.361748751796,1882.0372018118746,1712.3592379587449,194.08807767327542,199.21627057369946,174.7027870585917,334.0795540235801,333.3923693352803,333.5324504170509
31041,84.09340171915028,75.94828708675227,41.83318878894964,435.4806529450058,427.64971097728494,374.8505766342482,1846.5497106814305,1807.5235478945701,1645.1610250535389,162.0361707388115,164.81629165243217,151.01761001140625,287.0052939703554,298.89436491652936,298.08646997271035
31043,75.169308032556,65.24033542992824,33.110101499712236,486.4280633875686,481.63916504231,418.9041400278522,1916.0710227674458,1879.7482759175061,1712.0452635267034,181.46647579209468,187.1525331747167,166.9075771877079,333.6522649769237,336.243062265817,333.234530723232
31045,103.59886994519391,93.08237824049249,56.43807070545265,390.3626566023605,380.53087317471966,331.6728567224552,1755.7533391920838,1722.6124809037242,1569.6582639491542,124.65144576099138,126.93194686126859,117.58491622937103,207.08297797646415,205.2380596390473,206.69422844089286
31047,120.68962516179833,108.78473024998034,66.20851353917041,489.1908053348044,479.4050601514931,425.42318603980783,1928.766199340524,1893.5812010254253,1740.232740844093,159.72578775531173,165.347671002916,148.43711825019795,291.71773143812663,301.21849194754805,306.76422016604863
31049,138.2340536087858,124.77127741478007,82.494154697107,460.68161362615075,445.91288758761755,394.51299952431225,1877.132173928118,1841.3541620237381,1705.1964639073624,122.17122109689963,126.78393231234779,116.27216016980579,222.49297888402535,230.20435688606557,237.17269702443747
31051,80.11200393340457,69.52102098283568,36.32594409566936,481.39990226316866,476.0337669314228,416.3438864944461,1907.8699374921223,1870.2037928574925,1704.2777708035196,179.54774626264455,183.89141640520748,165.69750937537484,325.0773831726936,328.74321925468746,324.7764924183497
31053,80.0929597586967,70.34502708412587,36.00637227007486,500.5149067535788,496.5046838099156,431.3472709341928,1961.1030625518317,1927.4877383854473,1760.0534862614368,198.78837241415172,202.77667510979063,178.53305739549427,336.45925671097194,336.60102429081087,345.6202537977926
31055,81.9025679130971,73.13496048777465,37.51883527541144,513.5359622354077,510.2671753162449,443.5382055380977,1986.893301027519,1954.7567056148407,1787.9227834766214,202.0483297136859,208.54425314051977,185.78480901088213,350.04067317278725,351.3253666901418,363.014676813826
31057,145.3894829928857,131.08192607697723,85.08695402895465,508.2515610001806,492.1987800339599,435.87563118482905,1956.200021072705,1925.2975578886744,1779.3193546613136,116.85427655164207,119.55357603290697,110.52222057328261,231.60300259637933,242.11601512518695,245.0447423428136
31059,116.07766042575228,99.89740646242407,56.70848468916995,542.7060376617447,536.5493924324333,472.7184303868906,2024.1472004872514,1998.311607582842,1839.9992117031888,188.11695914540442,188.5614528392237,174.28142795494793,338.9333260151401,340.9194895905022,346.0793504642646
31061,155.14997329219173,135.80014937043723,84.61044268867353,550.1673308420271,540.2002566386035,481.78954895814314,2043.244788625574,2016.7248830176043,1868.974901708567,166.49250326178628,168.7680390505098,155.6024445375942,313.5282455232561,321.41826297763424,324.5594298451141
31063,142.4419445118157,129.645610816286,83.46029454084568,502.58022897295115,491.3799561774613,437.79200762620985,1940.2301295301072,1905.9990311350398,1758.7359641838011,145.36910601301676,149.34748631577736,134.98433990773623,269.7809502810989,279.76047903231836,285.02290758312455
31065,178.71175571530515,164.3786303875902,109.6574717737507,547.746297973167,537.9580708700635,481.87677999188327,2012.0170093435925,1984.982388497249,1841.5000710820495,151.50010139901684,156.93392639236245,142.72999304735544,285.8832004627599,295.067743366323,297.91218873073564
31067,118.69534392088549,103.95319314557575,58.806925250677956,552.2546499168611,548.1539912250796,480.49214708822126,2029.6176482752526,1998.478952991396,1843.7405061479428,192.78166231399535,193.76029803264444,177.83379753686395,371.4743102825448,370.50017392100557,378.178774623363
31069,115.65941358996345,104.11773266900256,66.43131208497329,423.62014243388774,410.03355431353594,360.63039977424694,1824.891369511198,1791.9487061973493,1644.1226296158238,126.08065292876907,130.6862599113285,118.97210576171645,219.19626483077485,229.66490380211252,234.63975143877687
31071,72.93151387328055,63.72341480269296,33.203190449560516,433.15252977752425,424.1905171524794,371.70559448587335,1840.476565652018,1795.9782592585539,1628.8410893267571,170.04355815652707,172.23608919362306,157.2322514359121,301.45053296609404,308.88274693935045,310.48971765714674
31073,155.12423861026116,141.30300724937595,91.94803067120131,526.2547257056816,516.5628421602017,461.3387028877017,1977.4632878786128,1947.2279481549663,1799.852932626312,158.42204815171576,163.3732774073719,148.30683806279478,293.07264634228295,301.46428204084003,305.56627497704505
31075,90.02820677885421,79.67763006483037,47.013012858124,391.50317165019686,380.13122194474147,331.8845561302385,1764.6790968094106,1728.7557703758823,1570.5717620249386,130.12504992134623,132.7707009536127,124.14218356528436,234.21908856363515,243.17464012083587,248.34960868651234
31077,75.19346315523214,66.12447607438546,33.39487339019125,463.2528313295149,453.4729416569352,400.6396148032562,1883.1845665470846,1843.7476798108503,1676.503745154334,179.281177209519,178.90251212613788,158.72991658555287,309.98490256911333,315.24940222509935,317.04382809773097
31079,108.2069538288822,93.96518285948392,52.50958151583488,516.2372324147453,509.6216393560177,451.207883692042,1983.0845848688107,1955.7352855045312,1797.332222223554,178.71291896306533,181.24361079326428,167.79923160329776,309.1901666806059,312.38068911480616,319.7551058733518
31081,106.2834877094102,92.24956487625985,50.77158868071611,523.7027419560828,517.9300504881362,456.70739868174985,1992.2226388088882,1961.4274956703873,1803.0785924902787,183.95967613706756,187.87591783818786,173.15866808468587,318.0938047325584,317.26489886772686,326.6580648843145
31083,172.8329831799471,156.7158647865205,102.1707653204312,553.2726896753253,542.961709797308,486.18868670032435,2036.1971072178137,2009.3130889687532,1864.4792701256556,160.9133936954463,165.69147674310224,150.7923369563765,302.6209255541291,313.2971075743651,318.5194052003635
31085,132.60139971978623,120.14325989372983,76.38705105011795,486.9260003930075,475.09502080015216,420.6143994531857,1919.8073027953142,1885.2180504024152,1736.0412690081048,127.74037308333489,133.30868149890892,120.45915893807697,248.46773968562283,258.2195623619098,263.14770619859917
31087,149.00685808033023,134.67840301491648,87.74720629849675,509.76156868721444,497.07834760869656,442.43314666617397,1960.4882407639245,1929.1011194660946,1781.141795657199,126.15355659482638,129.881884294816,119.8436693119534,252.0813105703026,263.9886179864385,265.9863888150409
31089,81.47564143670081,70.40364252439645,37.62078525463309,430.96201621719536,423.34100145705486,370.2260203534994,1851.1681572925904,1809.6349676657132,1641.6972521086561,169.8089386197931,170.41252254632454,156.29325264901257,298.45566819530507,300.0139141619104,309.4297731636442
31091,86.7634667280269,76.91970287540866,44.08280986203099,394.339066423424,385.2000612410426,338.10947418628274,1776.5646245577038,1742.169507231005,1582.2002196817007,136.44493993314867,137.06147691289354,130.0226639556027,248.6106102010014,254.48048747546582,259.6823636073233
31093,89.00555662505687,78.1390180985941,40.98623166486313,489.9477120105239,482.492333222567,427.5065245642321,1937.7859403068674,1904.5118815390051,1740.418958567278,179.60804375062816,178.6055008358434,161.97747814341864,304.63602799881335,309.17693787204695,312.99556968059994
31095,120.18952788882446,103.72261016967973,59.3785091192746,548.0100168689128,542.330380310274,476.5687575689164,2031.834956595289,2006.7727269849736,1847.395435918655,190.89772349621282,191.99785776278372,176.986353351014,364.23731425597606,368.3164068288856,371.31212096901527
31097,115.07198348998875,102.83337015627419,57.535326157496556,551.0056187319562,549.0971465321131,480.573752257443,2026.4099631585862,1995.2879706658841,1841.062250333963,192.29923914908574,196.1195033954424,178.27672757851138,366.52473992014336,368.7644237237881,380.3195582854184
31099,133.1059370243946,115.62473414867347,70.41651569571661,528.4059119553988,520.7874093289167,462.7564968832776,2003.7392533416066,1977.192840780611,1824.0355159730193,171.23064917447138,174.61555056462856,159.23736279802552,314.7636313655497,322.7752021208747,324.37895046171343
31101,123.88813808438587,113.38347453996732,71.85658085975373,456.206898701029,445.7744585045319,393.44711830208524,1882.1857598226427,1848.2297872668155,1701.8959634843181,126.33049009435233,129.26256345232503,120.45770484345982,232.50580576635895,239.55446778416984,247.10446652393912
31103,100.1994699538196,87.44241072528423,50.19913838417198,416.2220735817676,411.53941332954065,358.1568092625178,1851.2031468412588,1814.5072013504164,1651.9670480304053,158.36197261140995,159.00310424476442,145.80825565305616,272.4135357793415,275.83912936009517,280.1182145887766
31105,70.127963873247,61.99841512194168,35.98231107008546,348.77054074778204,337.35997609436595,290.5097171819887,1669.9116427548045,1629.1687482613165,1487.705551511296,111.04445348772572,114.40716010766232,103.68207304062389,205.8543696283911,210.52118363938035,216.44006339660822
31107,87.63052100945535,75.01854624484824,40.70728715455813,462.15544020875785,453.83927666084946,397.38303770525914,1902.294191242372,1862.215935639252,1694.9287204046989,165.86970938161784,167.7155699563049,152.45497118081116,305.0685635155599,302.31065096564004,308.2805966811037
31109,106.3288295251845,93.52509476947456,51.8135946583066,531.8183142196801,528.4541035942689,463.18182670700526,2010.4562160741796,1977.4856677316943,1821.5195420793202,188.83142114652063,193.04993495111742,177.97484609070057,344.87204125739254,344.62004980539615,351.1707457329949
31111,103.29681893624142,95.15181366801622,57.74660713469274,447.3568188199579,437.91128479233447,387.21394824012594,1858.0916606762707,1821.3977256337917,1667.5327564417676,140.35402560840004,143.2846118224008,129.83802424474453,255.8504653494021,262.7301413168651,269.7187020026722
31113,79.71817768161236,71.79392763387644,40.401734167852204,408.4123009058256,400.43502793670604,350.67918188931094,1797.4359694487648,1759.6269943350076,1599.3423413070032,148.44409560293184,149.82046210363862,139.64667190420624,265.25247351718497,272.49585033805806,274.4480306367768
31115,76.98659722984594,68.0837628561261,36.00834415171911,422.2207813760186,413.0235657337783,361.7656599602037,1830.2135501766577,1786.649447661109,1621.3382607108902,165.42293598390194,166.9283325867836,151.87672695833106,293.86171305629586,302.6997433252151,303.6311148517429
31117,87.9691126526959,79.05802455621011,46.58217139226808,407.58380230183127,400.4484909111541,352.24796597912797,1795.7030345294254,1762.2364960972748,1603.5909442576237,136.84538368465792,138.93550763113066,130.3801179867284,249.70753957750185,253.04065266910067,259.8033668387557
31119,77.71948749862905,67.49833628448812,35.04565071757339,469.1217692079848,460.18949918484867,403.0381793593456,1896.327108983564,1856.933027627453,1690.266108878819,184.90142829393272,184.70335407195049,164.24488790697305,323.40936046899503,324.6645341373536,324.6900798179063
31121,96.320310856046,84.96060421783908,45.01609692052772,508.75389587455663,501.55398830674767,443.33009202707217,1965.3068889578105,1931.2782444777367,1770.7293922088695,184.16801743392597,186.56881022436423,170.93063277550112,314.3396770356552,312.01171069498423,320.12029765348484
31123,106.26433769117907,95.3841151233576,59.79323127125822,402.50264966805605,389.56528013914937,340.5552588573085,1798.6688693706092,1761.4791435813354,1618.3434250087819,122.03562827216906,124.11034170926257,113.62261917514839,205.27508568314443,211.14637835626104,217.36082236066568
31125,88.61271168318355,78.5192256962832,40.84212091478152,495.33668794169427,486.043465562392,429.8168235973035,1938.2758495786493,1900.4965640222836,1738.3574719267817,184.9490804503211,185.31697713120388,165.72312617785408,317.6387886199746,314.65148964062365,320.7954654199943
31127,113.9862296303083,102.74766573106197,56.93198126909861,567.0545915491097,565.7424487443602,495.7415367204002,2048.3177899412744,2019.8026152872924,1863.5431742396577,192.52530826593437,199.41257339838637,179.25157970719823,363.7194759254355,373.11102206778827,383.34921097864543
31129,131.89018018300908,113.72209874027939,66.77935232611848,551.4093653459071,543.4658397398589,481.0153928975913,2054.066518952352,2031.5177018708946,1875.0287679125609,179.41941503638282,184.68004451292916,168.6172328825263,332.26743366454514,335.9170104537576,341.8644973257422
31131,104.398669395443,93.05838364448019,51.328648409099344,537.8819408257484,535.641474387116,468.3723111261831,2011.3230362068043,1981.0660165284469,1822.9865725576394,197.3923554195788,202.690954726075,182.32516008502697,359.68362497746045,365.81511743636054,376.88472942820897
31133,127.92774626575947,114.57503318733534,65.19611855530025,574.7663478164285,571.562527734862,502.8323077431829,2059.3167411640698,2027.9969257939442,1875.634950198791,192.59133340756296,197.24199508398164,179.70199970203873,376.3467012128752,379.5714105353955,386.8846833960987
31135,131.16010753712462,120.13655864429691,76.93587560476865,478.2742021843525,466.27238490928767,411.5112688422021,1911.3089294140336,1876.8569635725755,1731.6160523763654,124.13327479893341,127.92255826395879,117.75954874817202,231.90203455868678,239.39868518210216,247.07279227659123
31137,146.22194171066215,131.9540128665064,83.38277900884705,527.6694470610678,518.033917562894,462.3618274398873,1991.4273518583698,1963.040556794207,1812.4719918301548,164.2636071643405,169.83877418029448,155.2198243600157,306.4672173123041,316.30356560593185,321.4016029802775
31139,76.26399307214442,64.71069868924147,33.89778770568433,459.0869060939584,450.66365880841494,393.91919397762103,1886.4474123896514,1847.3168863105461,1678.386688793957,178.68964342992598,178.19808468635966,159.82802936767033,315.40259813841425,315.87072171675703,317.31565568508364
31141,89.63637054764135,78.26426152822538,41.68332294721258,494.21043992055786,487.9235528994242,428.5632705871188,1941.2277947899534,1902.4243302932587,1740.811432355969,188.930449134929,189.5172240858969,168.5804088153379,325.021708272915,324.9795911326695,328.80984933390766
31143,101.35866928563121,89.3140926314571,47.86493925363013,517.1684523304659,510.80553661237553,450.27448111791847,1980.7025189356918,1944.093114868921,1785.7566740489178,188.38443142614025,189.78389468504264,172.57066265096086,326.5099436434572,323.9681344304075,328.06090196746936
31145,161.14100279442064,146.19213632379476,96.42636389334204,521.8051870699467,510.1288077514623,455.43585925501355,1973.111186571749,1943.7206308132209,1798.1245718255407,139.54619452923242,143.13275257245178,130.70287532723074,268.5621055897166,281.28773364822524,281.5024680728135
31147,126.91575031665279,114.43669512833318,64.39658630809762,594.8011152410097,592.1762065058576,522.2836948364572,2084.792154599344,2058.8415577093824,1903.7216529727625,196.73168379492085,202.54872466865908,183.37385418459505,373.293685266705,383.1731243442741,391.69155003075366
31149,82.54424038317904,72.05617670032053,39.340179660339516,413.66625734780865,407.11066216769086,354.9519453634298,1827.2338391979697,1783.7264778204185,1620.4309619842056,165.58416083106516,163.4695209127134,152.38681478280915,288.49834789498766,295.2834946153708,296.36436248345194
31151,114.26453239549684,98.96477966815891,55.43327091565019,543.0789382375092,537.7243023866323,473.35306907369613,2020.8727292162966,1992.390734832746,1834.615960116298,187.72547591139605,189.35155507561737,174.3469223966751,348.56066081048556,353.1071447475172,357.3838400803584
31153,88.70697389811862,79.06863600857778,41.83546542940428,522.2328351431836,519.133483034451,452.3996659857518,2000.554105152702,1967.440076368684,1804.2284088591646,202.96496932295108,210.5133147001286,188.68466392459123,355.2120372514038,356.5735643152133,369.59489369776884
31155,91.48344132990874,80.71544395308743,43.349482778566056,513.7728616005091,510.100818398634,444.7305366246188,1990.6012743458668,1956.4193480169736,1794.0496958059844,194.88441048771952,199.99234778428885,179.72205283331795,338.2793356738326,338.09459926969623,347.859617453141
31157,98.43174458732683,88.93080344489161,55.777495226623934,384.6357736348323,374.93896366575143,325.2585179952478,1763.876529528659,1726.5158265071514,1585.9413006525672,116.48465196662717,116.25715537233346,107.73090978384319,185.1390988599097,189.13633442336578,192.4510471271725
31159,109.58370962046592,95.12998005590818,52.78832026581839,534.8443938851949,530.3252300350566,466.85203304295027,2014.713995053749,1981.4878852752615,1824.4439728737555,183.9288771941515,187.45561422283765,173.2979624878206,337.0731252688665,337.33426869653624,338.9939717046351
31161,92.11139962134844,80.56648710591166,48.14822862678376,383.1181497312069,372.4516793078899,324.6042963109561,1744.4454188486131,1708.3974139172242,1553.4159208935948,127.35466603571759,129.9402897565273,120.30068985296607,223.28871009472633,228.50782867075154,230.07915006750733
31163,93.63751461089686,82.90451942364817,45.29834001766291,480.19113854238424,471.92203943543507,416.6842475690643,1922.5056563102894,1887.202678825719,1727.3792816002874,173.58390686209754,175.55598780522118,160.99677951558337,301.3204249285044,310.36636925832283,312.96145271665733
31165,85.01625850341262,77.00977227846629,46.40979870967971,355.50385885061905,346.06513718080373,299.00219473819743,1687.3764473427916,1653.4850607407498,1504.0994422513133,122.20595053245984,125.41712018709464,117.29643420331175,181.92399110590168,182.69000173781538,186.38682107239683
31167,76.60377353955755,66.13141215076259,33.895306654762486,475.61709183601715,469.7892732220912,410.33738554216177,1911.5132906189015,1872.7867513582987,1706.3272112780655,189.8840081448825,190.98257806530836,168.68321390680435,325.9344639027379,328.95396436721296,327.3549918002497
31169,123.96017501847425,106.58625011596284,61.51622927645368,547.4900308004025,540.7665852998654,476.3095495835158,2043.1214504965478,2021.0953743328184,1860.8326271407434,186.0285902375479,188.6938151806609,173.70559298719022,346.99385158756786,351.1451581155895,355.5666684608681
31171,82.23964782195287,72.82680524445746,41.04530845977662,400.46516158322663,392.7358914601464,343.9259422654344,1791.865090247702,1752.9744062269049,1593.3396863047108,149.81733752409045,149.19116504732753,140.5153277057951,264.67584979849005,271.26286997901,272.31982257073713
31173,69.53845951803456,60.195307179997826,29.82438556774514,482.0014812426349,477.38274903054196,414.16965409781477,1913.9608235339147,1877.5894062171071,1708.309162188867,187.96189133902635,192.96163265538326,170.53026658405383,335.6431710028618,335.5225236875259,337.17641212760793
31175,80.12748420872427,71.27701186182894,37.69646188240303,458.67797882335014,448.488256554524,395.68371758578496,1881.664626345136,1839.6592592096247,1677.6056194152516,172.2518118425476,174.02486329338788,158.6561817256807,300.90404167003805,311.18922085948924,310.36612737681173
31177,76.48548027276905,68.12699745384658,33.930447069596894,506.8036992437672,504.27392791887195,437.1551512175215,1972.8193359138252,1942.9158884588462,1773.3674337469577,200.50195072643433,205.40859894636918,181.81979003473842,345.06930135197604,345.09195978018613,355.27376522030926
31179,74.94676768642688,64.15463086584573,32.89025539494108,471.4292913458785,465.0885829353829,405.6733334100776,1901.0651963740643,1861.060354353302,1694.8568998681578,186.16314869320604,188.21685880006407,166.88132982339002,321.54917189550025,325.5888908467009,323.5313055981809
31181,143.101046496494,124.02190942455597,74.49508065644635,552.4383306929993,544.5351627654709,484.03427344713884,2052.883788324812,2028.9858468144353,1877.2509677626454,172.0252407219797,176.30633346575578,161.86931952293855,321.79224709570167,325.2629375548816,329.0667381362258
31183,71.00137000381187,61.449556185012774,31.35299019760121,440.1804735085232,431.733368127428,378.5438862252094,1847.3902143352448,1804.9849334826263,1635.0061421450598,176.44931070932702,178.57127269845358,159.54634958393828,310.74244798309314,316.5065366312772,321.17333229867364
31185,110.35018084979129,95.40286807333925,52.925644182429075,535.0054749277579,529.56906232285,467.33176465527487,2009.3108533220013,1977.020911095752,1820.4682957580803,186.1228537827819,188.69782780574195,174.5471649393706,329.99081783515413,330.0108064486986,333.1528284904398
38001,67.24019652667094,55.762537811942686,28.495472912974417,318.3359288808859,307.02084222576883,259.9409243140675,1646.9301229622845,1610.24317689371,1441.589888254247,109.95792263326351,116.55339318983647,107.64315188388453,197.3044652562798,197.73389763651218,208.90314748771857
38003,46.261163156208454,39.655055971495685,16.729563283755674,333.28087048099417,323.962952425407,272.464061371598,1618.0692908616043,1584.7903471446798,1407.0206124018164,120.51593420657412,123.23513467767916,118.36018198775893,262.319712507173,269.1787608954208,280.04687812165656
38005,30.415840145320686,25.86275225756982,9.035843341211102,286.9267176413212,282.03673198056856,231.17834805372587,1531.4368550426984,1494.6829450559976,1306.3741703317078,111.20356538898025,116.03084469550372,110.96399963404022,259.47552900429065,272.72388853025484,276.4794476132039
38007,67.02218261489496,54.759598142817616,27.63431932712273,315.9734408447947,302.4010898679529,253.6621553672299,1620.68981204776,1580.0773541168178,1416.8650246512939,109.30252785568591,114.79641989367755,103.19160649796224,188.69516058244753,199.45029369964848,210.5148019127426
38009,28.535849458534823,23.392272026637887,8.253209359962652,276.1208166739215,267.17844701583556,217.45747439900757,1488.046680574095,1452.8221820967206,1267.0625405581354,111.58948972376257,118.66128970427003,111.5732076820262,243.9272023818832,257.50614662229975,258.5002714384792
38011,73.3428662898111,61.06749348541439,32.24284051248462,319.1259636959154,308.08257739811324,262.77029466814895,1649.8833854482132,1607.8201235802253,1448.6030269407988,112.30814920043069,117.13245611522343,106.20020126785369,187.30486569395129,189.0150706078536,202.72196502092066
38013,31.374876546620506,24.6339009829499,8.846978790470155,272.56351791255025,261.23787219814903,213.2004999267985,1479.1377754894525,1437.3394805569314,1260.6672279207353,96.79349862499951,101.79249932914257,92.13289652770169,212.27322042327583,218.8775616039511,222.57414390420362
38015,46.83656063927345,38.363775670509725,16.94584974966958,304.562792979891,298.3329361878684,246.7276599837368,1588.1688690511787,1548.8831712225997,1372.1710319155657,109.53043219319402,112.4687695164527,105.6414223384688,222.56506332333984,233.31409493970654,243.26642418420587
38017,46.95351784334234,40.873257219794375,17.057861981330028,351.59089310283827,342.5375994383253,289.1979382135008,1654.9144133461,1621.8004004817608,1446.9413041775995,117.01818345359247,122.72120436892601,116.78581292494815,270.8329499644363,280.7470081867235,286.39352815784144
38019,19.446961119097118,15.831178665020408,4.998572627322255,264.9109194903867,258.46493644674695,211.56793285736848,1459.1893850561394,1421.1942690375286,1233.5487394309052,108.51148673443477,109.93027880338136,106.40247801734954,268.62181034509297,280.5629643061956,278.56069930703586
38021,60.408949931012486,51.18275252989601,23.86578543798182,354.9957898313528,347.43662258103757,293.93877143072876,1674.7701337183803,1640.5198481152936,1464.340830223537,130.48310085419936,129.5241637182395,123.36319685844903,259.85593205913585,263.88240321025285,273.7912776774168
38023,41.384870275906806,32.87733410882233,14.274868403323632,283.75277999617487,270.8314815574807,223.04253595632812,1520.371521838054,1475.670877277134,1307.2584291722183,96.4227091195713,97.9441933455292,86.19188829755225,196.5873302216909,206.05257491065368,205.55681765014893
38025,61.477237695228816,49.956487045329496,23.641648666820725,315.4336198572209,304.2373886083982,252.7057302240784,1612.2847137634865,1573.5009457741248,1406.529366630763,107.99476866347928,113.4132949977447,100.5407855489319,197.7241831236616,208.65426656559916,221.73756164867314
38027,34.22877546292845,29.195899557716643,10.944492173656773,296.4305587665753,292.14909318692986,241.14111196911117,1554.8046027984624,1518.628057576178,1334.4875504290058,111.09426319318179,111.5933442683449,107.23214347791262,253.9582366134435,266.55494781642653,271.21559933644534
38029,61.386546736720504,52.084972750246564,24.933217199240794,325.3452494058802,321.23246248327797,268.24502261776206,1652.0909970137934,1625.5407246886023,1445.5163607022355,112.40304678790793,113.3835998622556,107.54893740071414,227.98306339866184,231.78257003402797,245.18122889735554
38031,38.13352921390227,32.45146170571111,12.91329495582111,304.94049057393676,300.14960834317765,248.45963268582068,1575.3860918956584,1539.688044180417,1356.980046723274,114.24926840410694,114.74821321601607,110.69869514672757,254.42233193024913,263.3017211401169,269.27054176974394
38033,70.63392816982389,58.05167906799227,30.097448706470676,315.8000983334632,302.6085331706098,254.11699239864373,1626.0622676781459,1585.7567145937078,1425.9121856881577,108.07638881248633,113.0872145404823,102.93101800671946,185.50755165788624,193.66743946813222,206.93252837337292
38035,39.68736220817151,32.87430793724811,13.746680592175561,328.565299871958,321.7279335070898,268.67772263019435,1615.7220751583775,1579.13561766552,1400.0980961522657,111.06605802163719,113.40690284108337,109.41508410336944,267.07387356808294,279.6485015599101,284.3034524261369
38037,65.78013537324642,54.77779077520934,27.57066114846335,326.0158027403269,316.26566267347846,264.9449977107241,1651.9134450543195,1619.576047563712,1446.3187602160942,109.30611911713758,113.97097383784319,105.80173160034073,206.77179603650492,210.89937800777133,223.5714526856713
38039,36.677685552927265,31.097888490268293,12.302934299601151,308.5769482700574,302.4946935657627,251.43302420614526,1571.8357999660727,1537.200494649862,1356.0669221377411,113.69267923789081,115.05483610105657,110.35569704404267,260.40328512743554,267.6189527401801,275.8564403782824
38041,63.00648565655672,52.64950274602886,26.150467481508468,314.93133595108395,302.1797479283413,255.10794956715867,1628.795733266192,1590.4195560192961,1419.059625178666,110.9072640479161,117.3752936889766,106.5358531713727,199.27833025368096,200.537644106826,214.366687216872
38043,44.818896006516425,36.51855712061679,16.04506204535733,304.398803927902,299.2399695786636,247.87144854861836,1592.3683860630492,1552.2918106990758,1371.6883473442024,113.6754489832299,114.64534243502608,110.18744946588467,240.05937639565136,247.90653805680176,253.6203063466368
38045,55.50071879286706,46.86959235130978,21.25653180800527,344.4709611798588,335.41888523902213,283.73039498050485,1649.8844410177112,1617.1860927137654,1439.9818679140762,126.90126583486328,127.90954498984506,123.02364667836726,258.5799950204042,264.1328271019077,274.1659870373949
38047,50.47242914235439,41.87933525732272,18.822520687631958,313.1865295428821,308.8419637362069,257.81510234853624,1612.977989605622,1579.4355454108131,1400.7258934963572,120.02630414315979,120.09501820903718,114.35027051875969,242.92856442773183,246.7878534702175,258.5421259645369
38049,35.58199467734271,30.18088867828208,11.321126297147718,292.92676303126393,284.9018165837065,233.47277726151907,1546.3074145893959,1506.8903977821287,1322.430458013202,114.8043277885645,119.0140130310414,113.89385213807634,244.28845405945185,257.969944823859,261.70428581857885
38051,58.12118979642116,49.064488522336646,23.220518358559527,327.7829368864658,325.25557086586934,272.54642174528425,1649.1199054567292,1616.4712069341217,1438.6872557525924,121.47491477768793,123.71141060860745,117.34305806718297,244.89464135824954,243.36850478240376,257.8259674851855
38053,63.7008855494142,51.60751930649898,26.004176243446587,313.9610138081752,300.5663397021199,251.18244063365756,1607.1650857306502,1568.5522967254208,1404.5372405895255,101.77064113375408,103.15691741018816,92.04825175181217,187.35609464089427,197.82529299539624,204.61344736612608
38055,42.88530726726872,35.53245103887756,14.92115094509462,298.39569312503943,289.3855064186149,238.72504263455352,1559.638998463241,1515.9899405440779,1340.3960025655879,110.68064911550933,115.81346730264053,106.87793468893987,218.93523623974698,228.4385803951703,238.7331364707139
38057,55.4358937677654,45.58893915762953,20.69782700092186,315.88428211524496,305.55694551994014,253.1715726541328,1608.9750270656434,1567.7437883570312,1396.957118381319,110.71573826998979,115.9156148195614,104.97862958381127,206.92894470513392,219.17668883416118,227.68543069309263
38059,57.485601400433794,47.197226448858814,22.19980037876494,316.3886638097091,307.53671584822035,256.0421418376599,1621.5984552827554,1585.450706692544,1411.9795503708935,111.3650605761665,113.9134014532511,105.94374801081612,211.15914944836578,220.29493040288145,232.0774544431368
38061,40.88186555575964,33.17563174280644,13.332069866964776,285.62509549839666,277.15393408730796,225.70968684605282,1524.1747270166195,1485.2200461843686,1307.5048893387543,100.99966191896354,107.27121167807691,96.90717656778575,207.37679487762836,213.5868809812361,222.49427633721635
38063,30.769633070625623,25.40291537033228,9.424801984249537,294.8482600661095,289.4519667078757,238.5492030408348,1538.8824688090558,1503.8917793372386,1320.645489653968,109.27039586754445,111.13724092324257,106.22954350277612,257.0274668185752,269.4122373453061,273.9564451317159
38065,49.696454560857724,41.1776351101091,18.219209277098702,306.74198819411737,297.56673250514996,246.8116012108607,1590.871272651147,1550.6202547943724,1376.371004822284,111.73306071337774,114.93214100263535,106.67795189000235,212.12653960009288,223.13739289950763,232.3798785560394
38067,30.772099252661683,25.55626461144501,9.827427252384737,309.46795709389056,302.52398253326237,251.07359121498158,1571.2167751527318,1536.611380818915,1354.608244049219,111.34707463974219,112.63711735159538,108.25803106384271,271.4530273593015,282.15993661764577,281.76629544124455
38069,30.332160794902638,25.645905520080227,9.006278220254663,286.28135819904367,280.03736974216804,228.56270121719405,1527.074290127547,1489.4706116751554,1300.5899815037124,116.21130216741395,122.11859985437513,116.1904554824196,260.4804661496218,272.8344029622964,277.7353150923783
38071,26.953051493377995,22.24579871916178,7.713797925952889,283.0039322952522,277.71630538238367,227.32653117738363,1512.0903085694397,1476.4940078635914,1288.950905868864,104.95482478046078,109.79835592342226,103.86208134006843,260.72696698117596,272.5231622011506,273.09873063987163
38073,52.16854939687585,44.21601808108458,19.143584736301285,354.3053855777368,343.41063581705475,290.70712389497095,1661.3243608959142,1629.618273997695,1451.7289320678358,123.92285363815431,124.96300160794154,120.60764121941433,264.67845672153896,274.29864337128043,277.7646034112807
38075,31.128234414354516,25.312590605993492,8.873033424504966,281.8153869432669,271.3477856647304,221.15617870148344,1489.4123699510928,1450.671704917183,1270.5174074653926,102.10265905049631,110.53461873659182,100.71757944482817,225.48872567442635,237.49801316487302,240.11950262958038
38077,50.14733639600361,42.29684689408405,18.104708687890323,363.5550814735847,352.6603571755629,299.76148992194817,1687.3552872670298,1654.0445589619599,1478.5169071631658,126.62531163726894,129.03639265801252,121.94577904612704,274.4940210228431,279.2785359944428,285.33083859599986
38079,20.68473434848195,16.589218506851875,5.147302343532017,260.9650111460148,255.2469598009298,207.2468746654252,1447.4549783135099,1411.1524760028356,1221.259729122828,118.60299297838162,124.90403955190939,117.93240809550873,271.5032835642796,286.01945672272393,286.98444955403977
38081,53.0868834493078,44.51617283211401,20.004023406990562,357.2101521092594,346.4403310309171,294.3217785529476,1674.4183665907397,1641.3812771668338,1462.4363877709743,127.86022075498504,128.41782480720892,122.93737755900963,268.4448804663574,273.1630685766481,276.9471678606969
38083,33.03910470957269,27.403674510291403,10.603694136899732,282.97913174161624,276.6764935860666,226.40174932934596,1523.8610752696761,1479.9138351793179,1299.3026032663363,111.7617981740902,114.30453864292201,110.57962429765523,235.36526988516175,247.1336545911451,253.29543620281743
38085,69.6156107593666,58.53003968820981,29.511362070002445,333.09373327058694,325.5144204324206,273.44666918513906,1671.3865859842258,1645.2485538792469,1469.8494075442918,109.1859129596952,113.23782195180532,107.36334539750032,217.74587610373266,217.10021876878136,232.39294662742242
38087,70.00736194919514,58.30279630022778,29.98986633868362,315.49854887916234,303.1491465260764,256.2170856343472,1634.6542218362106,1592.835620142763,1431.6851199820403,112.25190340685398,118.2355228497267,106.3385524888809,188.56808656944855,193.11684976669932,208.6610338197567
38089,60.95701261760606,50.71173073249075,24.776151821285698,312.3392164562997,299.4767832703587,251.4100183622141,1615.2275818849082,1574.5879506995445,1405.976172360716,112.14597177909961,118.08063162308338,106.22627681544722,198.40790967043836,206.1565077562339,216.98448158303532
38091,38.77388067425304,32.94832154419103,13.432371125582998,322.19899203098896,315.00496464993614,263.3222619661507,1593.933475960569,1558.1712780139592,1380.0282948313347,113.32265553280868,115.51775215012499,111.40947837973188,264.48662728961347,273.23565711859504,281.61233418838515
38093,44.33887477099196,37.93657344818381,16.043955077194617,314.7532642369209,309.3544055432893,258.4032160322336,1599.3795553618663,1562.1733411580287,1381.865863978746,119.29945400564289,122.25537684825251,117.21359999042993,250.98670081347615,261.75476848281005,267.3450130874327
38095,22.05537962102138,17.941486591385836,5.7035719522878505,270.5859579872355,265.2265380331486,216.8290243198181,1475.4851989224903,1438.0045611180933,1247.4045067800052,111.00249934105173,116.26066431849031,110.03834568546145,270.5712590225534,284.751310816401,282.9494039940643
38097,42.87424218655146,36.511963244239766,15.679482200250357,343.53598979153924,335.42094493703473,282.39013538871967,1638.701977210684,1600.5114175176907,1427.0011789310552,115.11007762661856,117.83796923298755,113.48255090325215,276.8780157444391,284.65777354294676,294.082728281553
38099,33.28328245620282,27.784391570823892,10.978955494158411,309.0608988290479,303.7456870242562,251.19869727052907,1572.239428369933,1538.2531751614838,1356.6891491916206,107.78722946929675,110.99800792477728,106.25984377936433,263.9086288028671,276.1334771639693,275.29905530589986
38101,34.99537207401566,29.36151738084238,10.959124773421175,284.4651561110103,276.3207336795443,225.27209137134886,1513.2092533557454,1472.7198986890069,1294.1350853475174,107.99495732545851,112.59950367611866,106.23278830404372,220.99555143284138,233.49123861847846,240.08306225270434
38103,35.431290984421,29.938308068399454,11.487864529650448,292.6780653939671,287.8926371061697,236.2542646882927,1553.0477641737516,1512.9416133587729,1330.5542176391773,113.94608105691495,115.7152487285442,109.97731536019273,247.55568091935388,259.8343392041561,265.27093224172523
38105,52.69634580429137,43.28646746498396,20.278695567319254,298.2748798041126,286.27406272660374,237.058803463625,1564.1577299050475,1522.0868787821125,1352.7369293445238,95.88054661617727,98.0658377966532,85.48864193540948,188.2645987538209,198.49109760714086,201.5256537431871
39001,55.01463437815753,49.90917883744546,30.417440617433606,570.1998430925136,571.8435136189339,506.51946968242135,1945.3854681544678,1923.2133765499505,1787.3343658316976,220.71911412727894,224.5982626350639,213.81574911063203,411.56216705510326,400.71831180141294,390.6282628593619
39003,42.17556337600649,37.56475519527576,18.824117668801698,466.14111031150117,473.9041563513824,405.7070563214396,1846.3311249047085,1829.1523326052604,1669.995215429249,188.35599386073744,195.43289863673502,182.98949591855973,357.88556527621654,362.59652611661903,360.04019505193435
39005,29.907227198763536,25.978799489876366,13.179917683132112,432.4554355841736,435.0618056507989,372.2448759749532,1747.3499234873198,1736.5984143435064,1592.149499442417,192.77760103553192,199.3507455328169,187.3295695118868,388.41321457311017,398.40293437006187,393.2044928318984
39007,25.9068607877055,22.365272877157814,11.975370430929013,397.4545830375982,402.13667437817116,337.6984678063223,1705.4381542727929,1693.3497521018064,1560.281045388884,181.04634730519754,180.7095556629643,174.31605284467096,365.4611071205693,367.3348801255905,365.8989502957428
39009,50.98103965745968,47.62468522020275,29.88739527851097,543.167089630318,543.8469746164437,480.96740212861204,1886.973854886938,1872.041259837061,1740.6587260572924,202.5083245128151,206.1191039283317,196.38611428109544,401.25095087221234,394.43422193770436,390.06153371163555
39011,39.17809549642425,35.31083397146705,17.78834495343551,464.90022074960433,472.26667746291577,404.5242490108518,1835.51760089372,1818.0208902686768,1658.1529107684648,192.199983892411,199.96221715981733,186.47904960956924,362.89654938412804,364.4715243659965,362.6335161229191
39013,39.432489565878655,37.779883816156584,21.38256624975229,497.7993163920504,499.5484931077963,437.3070442255331,1789.345870926889,1778.68455333851,1645.4419993148986,206.59700217680694,214.59660760539742,203.50619344983045,401.4899354526203,403.26955560787144,396.6030702592053
39015,56.34101059459564,51.023886117000316,31.076430765806446,566.6684655039397,568.2269660229539,502.03418202646424,1953.2765122935955,1931.5243729053686,1794.050576834043,219.9968786477194,223.90495637502528,214.1545752450889,403.5445045286226,394.61616980454187,383.5466352875959
39017,52.022087803548814,46.94601662480464,26.27625179795266,550.0412346108722,552.4497829733737,483.21730676118085,1949.9242947559196,1928.6413479257021,1785.018683962306,214.1749353989012,222.55090224942882,209.51339777337952,380.3175079517369,378.85786706304896,366.9990817890367
39019,36.37660649288749,33.10088718460297,18.226931446946484,467.6312668112697,469.2585353437621,404.47862911202907,1755.6302176265883,1744.2017653906569,1609.1609314422965,191.21403830663382,197.90087996936762,186.60387508087896,376.01044473173295,380.33187813132355,377.47713236970077
39021,37.30146057303163,34.23017142926546,17.53551128023698,470.1514045507398,474.0102539254681,409.05878858288594,1820.898718711287,1803.4829271410679,1649.408105900088,202.8897769612883,209.8254542648824,197.1234877680139,378.62365248673626,379.13086181835905,376.647206326931
39023,40.65923160279973,37.70952344031888,19.862586083429427,494.1573998913292,496.741210938368,431.9640830865039,1858.117838410503,1838.6439169339633,1686.9532162397452,207.05272060868128,214.2174567925296,202.1342156545318,378.59810754062534,379.013883564083,374.31049319439074
39025,58.03910791793648,52.40093091100988,31.783657634131373,570.0672142058233,571.3097785491384,503.73695692905596,1968.9168176988958,1947.6807871648355,1809.326355735337,217.11516126894776,223.3901498068413,212.01706899194832,395.50468755829763,388.01382065059096,377.47863650969674
39027,45.11907144346933,41.645801071789364,23.677372702549945,526.4973517014804,528.1057006304121,461.9209610355392,1894.8963890920663,1874.3911657476165,1730.1235566841158,213.72926099118004,221.6604415354062,206.64075633930116,384.0234994533267,380.19544937078547,373.11956159627124
39029,34.813947675449676,31.07933576063375,17.270687189100848,451.2375754891018,453.0482186142884,388.33774412238944,1725.722244660786,1716.3251091740615,1580.5308732581448,184.79347625435182,190.87475558179673,180.42579389963495,372.7330019883353,378.36836057970737,377.1698582399208
39031,36.508159996865835,34.0290881538012,18.05490989254034,489.92037952680346,492.32886342398194,428.24600588415734,1808.6642885557526,1796.169169425709,1656.4463566076597,204.05036700613317,210.75477263057445,197.9797873159804,392.8413763810534,395.6055316815523,394.7645851730007
39033,35.95503491634361,31.185121106240427,15.646114779115337,441.77793946416176,444.78810858034865,381.41895061528453,1795.792435594209,1783.4825970830636,1633.0014062249127,188.02590563920847,197.53206530473477,184.40376296121093,376.3423106310447,383.0450612070184,381.67641432209837
39035,30.823367665159953,26.80956458735048,14.586471010649712,420.6549053370254,423.7576927115218,360.7539868730877,1753.2735222947317,1742.237360065355,1603.8396307135422,183.64642856775203,187.33807875815467,177.9673597383215,361.8715380225963,366.2294492639893,367.0203370376682
39037,38.09172450899551,34.40315981782608,17.591049808866494,478.44273421074894,482.23053532372677,415.5314570514348,1842.6099285439882,1820.7484576195645,1664.5336161150947,204.37833140514644,212.36888689827748,198.28005834862347,372.4580643645071,371.8593094824422,365.654402245281
39039,45.572919415688965,38.412121877097356,19.89269266774654,461.502862556794,470.8901194629533,401.9776255258061,1841.2997810046872,1822.8510645286601,1662.5394357718596,182.61954459570512,191.2542606978887,178.6694499830749,358.645423857596,366.7976590500915,364.22486781241093
39041,40.41753562526149,36.95150195352111,19.07993844230477,482.1746106954071,486.852687875493,420.25648815441275,1844.2037059869047,1828.2389021103882,1681.6762975306137,197.12804472395598,204.82511331195346,192.1627744421686,383.2785615942991,385.9871954914673,382.8917407647639
39043,35.39386793602927,30.147813406356864,15.32157858832883,431.7557906237786,437.54662377510687,370.4538940919573,1814.4728516338168,1803.69167168397,1654.982779045114,180.8687456729519,189.3920037798759,177.43143939145557,365.8196951083729,375.0680975513517,372.0984796624634
39045,42.46830710713564,39.5313114689781,22.125167332056378,519.6548809714324,521.0497060564952,456.7123987698889,1878.9070367934407,1862.4565807740069,1720.0428791285565,203.79607293144997,208.90432045097933,197.94830053525288,392.1818410665672,391.3146966705568,385.3690238651004
39047,43.81246318717409,40.64957490589944,22.76381697242161,518.1734073891269,518.9719125573437,454.5607001333864,1879.7511800897682,1860.1903964234748,1715.1821596053626,211.22492903355806,218.78572907584035,204.4314198517614,384.92104666722497,383.81937158682797,376.96103968678614
39049,44.310806860534946,41.03687787777966,21.893760648190213,509.2382009437838,512.2667016636299,446.8632555866808,1882.1284572636912,1865.020016477527,1720.0583803678478,200.60391311022346,207.05812065909367,196.40341829539284,387.79122397142413,388.2705481226861,383.31218011874756
39051,44.48235959511694,36.99835544575274,19.088841564142307,452.4497214916867,460.72782446676047,392.4002952818555,1811.3219374368011,1797.1305524288578,1640.024563144337,177.05311823846174,186.19729093588086,171.75188119248682,346.6850392439126,354.3679396430204,353.56575001453876
39053,54.33052897387307,50.292137165827945,30.794383590367353,575.6266140060446,577.3483201488395,512.9484904838196,1950.0680069989285,1930.680139713901,1799.3062290499784,202.9494817893974,205.1338022358056,197.29912108155443,413.2400715827831,400.235416809856,394.5965600045496
39055,25.018115868968827,21.180678667676734,11.375657163098605,398.1873617479189,401.07809391471915,338.7696988730045,1693.5571510068626,1684.3170645852229,1545.5802920038768,184.7430212508617,185.7152522784175,178.49649808017446,362.8728364946887,366.04402687433077,366.7792025568618
39057,44.715104298967404,41.392113460307044,22.596717165339285,517.7790169001926,519.8125086199984,453.9471615341498,1895.1747986439684,1874.1472391382472,1725.4163167883514,210.45812707822307,218.48845313447873,205.18773151456398,376.71998264579895,377.075687659461,369.95990941778894
39059,41.10079598488163,39.079375384193995,22.191494436903273,503.91734176573834,505.7765405082017,443.18108437811986,1809.5476818335399,1797.9272847923396,1661.705994476788,203.9650308205821,210.95407579383067,200.2247989378731,393.1599387968463,395.428090080734,389.95109687303363
39061,58.15691235417499,52.235686786843736,31.00993993325843,570.7723955368335,572.7979050485208,503.78582550578875,1979.3400533276392,1959.1209821278212,1817.655544228713,217.10061697888554,225.56505855016235,211.66195031741034,389.67299440213316,385.73285716835693,374.11031005566696
39063,43.28829821451306,37.728803277202346,18.910117583889257,462.7609176121888,469.3978052757654,401.7597936987736,1853.9967943764416,1837.4480205395103,1681.632084634596,181.46040750632002,188.71790751134128,177.30764076006145,351.5565483121532,357.9189459432811,355.3669464320667
39065,40.851157173724665,36.40881255250423,18.25757471360118,462.0592447280389,467.9423246566888,401.2985574334213,1835.7185934950405,1821.2736830030426,1665.391194969477,188.91829854638445,196.34876881867217,184.09878082332347,360.8280329601407,364.11447091113024,361.96878828657475
39067,37.04420078154594,34.76265126876193,19.288993312119295,483.5955246639629,485.7645352752793,422.4843933161848,1770.7321420937103,1760.2893678039127,1624.860616718825,199.73131330443192,207.20922615083413,195.67317402157028,385.7330706931418,386.76552483446454,384.68655971130204
39069,46.549984140943685,39.14405504727936,20.259821098517776,463.2083405014338,470.72836653169634,402.5945200022497,1849.4213587454494,1832.936210286068,1673.8724712548296,178.92856367252077,187.79298353998476,174.19971558196744,349.140464687677,358.24962690021715,355.92146807661675
39071,47.73039746738915,43.81117736658209,25.693065976816676,539.5906971395037,540.2099268666041,474.870962907187,1903.2175429116899,1883.6838907094948,1741.6798977532205,216.96426689845438,222.70704448602388,210.29367973198913,391.75602960404814,384.50172342851977,375.56973411508113
39073,44.890897916421444,41.74504638523452,24.860354809454304,530.7142138531447,531.3708920898853,467.4587866519658,1880.370309012614,1865.398826639678,1726.92175172879,205.68318797294918,211.79516346348834,198.94122721270907,394.940818884899,393.52980594507954,385.53540557320974
39075,32.914226942656484,29.808454306068807,15.569880818952736,464.71606910530215,466.603912297455,402.04230339368377,1774.0322740064871,1763.2370249605515,1623.0186913080095,198.87368674943846,206.53526853082477,193.76940944274673,388.1099290816477,397.85181071413416,394.1079905109296
39077,32.068843531941795,27.416651711484327,13.742518816259281,424.9845534815486,429.50781693102255,364.0191295869258,1780.7002371161075,1769.106771429672,1619.5470588360893,183.96512169297796,192.5451100255488,179.91667232995547,375.43128559436934,385.1209169258881,382.07536187484357
39079,49.61590268221296,45.83947363382824,27.75832940637057,559.1221084744694,560.6423535961225,495.5246955585514,1920.8295786001004,1900.5430809168734,1766.3258592794264,210.48549058080033,214.28501843287046,205.0590292578191,404.9263096678921,394.45625323206707,389.07153772688434
39081,36.90428314277977,34.31624173907671,19.16627734587322,480.2374609154969,482.3654093810136,418.12130854833566,1766.7810481485715,1756.2291917157715,1621.9081435302658,196.4354899474203,202.9723610404044,191.07411699602352,382.4680089193458,385.43517907108514,383.0974043911925
39083,31.773552455124264,28.516255141972,14.416737815616765,462.2074173423847,465.8295974594219,400.23703059751176,1781.3236258903823,1767.480620262842,1624.166213369464,198.88274740733502,207.6295769907666,193.54374671908164,392.00981279558204,399.4564499230478,396.3934804107233
39085,25.288981617820024,21.632078720577358,11.715431849004087,397.25715942347483,399.9314781294721,337.394366763335,1712.8258618575705,1701.2107256055479,1566.329378551158,181.5068850393148,183.45290221325422,174.8504491301448,356.2041760229858,361.2345273390848,362.31412327098224
39087,53.09431765511425,48.80623114068389,29.448235004571735,587.2197049421432,590.7324475608348,525.8455233645452,1967.4167106871798,1945.1406382227738,1812.885755083157,209.5334691730865,211.07429319026056,201.80343778979994,413.1054108215487,403.1040696066019,396.2100879381035
39089,36.552446591134334,33.98726383042805,17.909368824098927,494.2187267837905,497.18516054357525,432.0958100568602,1834.370717025513,1817.6468678829697,1675.5814756715165,200.3985984218112,207.5802552497742,195.511497970988,391.4704526591447,393.82935344023156,391.8247673886491
39091,36.25957484345471,32.95584776804523,16.72262459742548,457.5572125815317,462.9181350760581,397.02377540352325,1808.797345604235,1792.6684201154935,1636.5341215899175,197.80609286945807,204.08253878761133,189.62472147757282,373.89487706533714,373.57980525484953,371.69181514919205
39093,32.38161814286989,27.771119384125967,14.42021337186308,426.53646910272,430.97828008204567,365.7961771346331,1779.755005363558,1767.3611293749705,1623.361733455718,182.8134555691235,188.1899756716866,178.3584685384054,372.2698685384615,379.663636319075,378.44190882773825
39095,43.49318408900793,36.61379085402929,18.60159262830781,452.17753446165864,457.64431118555257,389.4829219525298,1836.636408323439,1822.4043094402782,1668.1375429701445,172.66812232453344,181.92171333971322,167.8880783795997,336.43975415892373,345.3163126929554,345.42513074234455
39097,41.35538516968717,38.60555867013413,20.367743470733018,496.39975909409907,498.66166441618316,434.7470426479966,1858.260087284314,1839.7076164557322,1690.8895173477588,204.45762468573727,210.94200064560582,200.29992928062666,383.33054914020227,384.7636825046454,378.42616876436034
39099,34.73628722494223,30.613770808147155,17.07382320693913,440.2282614864125,442.6484401156532,378.4946957771791,1719.6816873815383,1709.244962195283,1574.739363152415,183.10317607997624,187.65807346351838,178.30774939119254,374.52289279345223,377.21515769279586,377.0183445855801
39101,41.59397851320013,37.15864071334748,18.95399680403036,465.15417543706496,469.29507576916023,404.4878877359708,1833.9878195199512,1819.7413276082293,1669.3384207662498,191.99155260396594,199.68384502649067,186.81085350565746,375.42372783444944,378.54465072105984,375.81137571275656
39103,30.6070521281574,26.492027982498364,13.806800394038527,425.65933375479534,428.082147508474,365.29696727172865,1751.209760598956,1739.2284867531478,1596.7488602403203,185.45750717834315,190.90674483745846,180.20568518855768,373.79060703053153,379.6277493133206,376.68345978407854
39105,53.76963493101257,49.89248913785157,31.5526500375269,554.5861715527469,555.3633379199875,492.65069267985166,1907.652042913402,1891.7128788468813,1760.96514997051,199.93097426531122,202.9142786154959,194.98435573463706,406.1284635645465,396.97145315226436,392.76474066900767
39107,39.65178972236392,35.69174840417366,17.99643903095174,467.63731036012706,474.73367474149507,406.696836873674,1842.9083493179428,1823.2813560832833,1663.0785173136378,196.56775299079226,203.19006392841203,190.27061125322894,366.5641547523372,369.94806857813865,366.36408772487687
39109,41.058624666243794,37.438625834656214,19.66139735456018,492.9541124816953,495.95807227530975,429.8578231941754,1867.475886357536,1847.8566783659212,1693.1514850789456,202.20306648332132,209.63847590650317,197.40206526375795,367.4891373322591,367.904236007021,363.19136790104324
39111,44.77716415018233,42.77967140582538,25.681045060995757,515.0469183276307,516.8939301508968,454.84288910107716,1819.205098794219,1808.5062417268157,1677.0574400970393,210.09745088320682,217.21055568130652,206.63704351245093,413.35508762030895,413.2063599861529,405.60130607550263
39113,46.77498882595596,42.902359035585846,23.05425091901215,524.6922667855054,527.1621759787947,459.74035920242403,1917.1410634203191,1896.1595855551145,1745.7391196598182,208.16789383323552,215.8216676814574,203.70657118908872,369.60686530592164,370.47267300457946,363.1441601024916
39115,47.67865991092204,45.311464098979066,27.81586991345255,528.1127090393999,529.4520620103625,466.84446906556315,1855.232779140877,1844.572884352753,1709.8680211912215,202.70942215578125,207.09727766018142,196.00387479727635,399.1522729966017,395.2371110493332,390.9075061762252
39117,32.83459418289408,29.299836288059886,14.523057430306022,450.99753126291824,454.67449055445303,390.39840628963117,1782.147108200515,1767.7017660141169,1620.8468492861375,194.62910921888124,203.16047166021548,189.85469417669952,387.81135528739344,392.97332271517354,389.44053157251295
39119,42.41040628439403,39.651396282230436,22.640432392557337,513.5842836969293,515.4542564428234,452.20461615389775,1843.0054511015728,1830.1207608530076,1691.982651513606,202.96947957954137,209.09435513102238,197.96431323679218,396.7078813779782,395.41300959391776,391.0607791852569
39121,45.60565441079188,43.415283561178725,26.23775479461953,516.5616698786044,518.5569424475268,456.2102045073642,1825.956309675835,1815.0674510416422,1681.9634265382788,204.83670225734846,210.6649344608213,200.31559863373008,401.45301733359554,400.2839778508456,394.43026858867756
39123,38.67670540284302,32.8028810196729,16.127682064864743,440.0543993207845,445.2444528413677,376.88577758599195,1841.802469658065,1829.2000729463266,1678.0343136435317,173.62078315822708,182.39427398639086,168.0737204043127,344.7918523434848,353.3922034253193,351.0795456553587
39125,45.99796899407808,39.54701926906942,20.49139964654419,467.4759444271601,477.17071770374025,407.9863034078133,1860.7695975085,1839.503922751787,1678.5844215075463,184.79116629361917,193.36647208560953,179.94377253558355,362.22686780117215,368.23447605922973,364.2607368441921
39127,43.607395036229896,40.59287396384018,23.68504658253142,522.6609749487574,524.42942330657,460.5549967470921,1866.2391440876108,1853.2342235430358,1713.9314065022772,202.2650013981675,207.06387125234,195.64283360155633,394.17758531047036,393.10552262538215,388.1024485959195
39129,47.491394286024644,44.71645309056576,25.113058572276362,531.1921826391443,532.3027777217384,467.69686431075877,1906.2287505756187,1887.5309912713597,1745.3556144520542,206.28785402455014,213.08423129618012,201.46605663017647,389.5545753663647,388.48089772295646,381.08522706004
39131,49.24576434015349,45.32310259882177,27.183596018645943,552.3016447104942,552.9784960497218,487.9863301503692,1911.3562811313254,1891.4282115422593,1755.0013531487516,215.48301448781118,221.325924762796,209.8572902521038,398.69638179437675,390.4683348787906,381.821559981106
39133,31.731252873434347,27.513713924253075,15.015016771390856,429.5564973735133,432.2463278503407,369.04500947747476,1730.1100216851391,1720.291161382615,1582.8716385757848,186.432673932409,190.49571060963893,182.129669366364,368.14380052242393,372.2806695799394,371.37866515270696
39135,42.05926308841511,37.76225419966031,19.84967228245904,509.9474472381259,512.0587508477659,444.90018023943367,1886.3217269101756,1864.0854323214141,1712.0761845662728,211.55001167876094,220.56323738356863,206.8439775970027,372.67342255597043,375.3275140806169,366.28388239795186
39137,45.274396237283185,39.18322338755023,19.95538071408715,466.4962978325302,474.76371441589833,406.5273178518963,1855.259769648884,1837.6165979395123,1678.050246801246,184.57872518680378,191.1325891283509,179.20667195902723,355.47712723671367,362.4354539293539,358.69034928967983
39139,28.803129903802954,24.938414052808263,12.375333414252749,427.12404492713165,430.174834216213,367.695019061533,1739.63365758226,1728.4815783982554,1581.8299434249723,192.89275214165437,201.09036954658336,187.94111457309842,388.73167804615287,396.45288682178267,393.1653907994621
39141,48.21745875281417,44.66027783805865,26.375524700449766,540.3031527768032,540.3847988856878,475.93616198700073,1900.3818042538896,1882.236240887516,1742.9282492091431,212.28671724857008,219.0692434820156,205.34569576133822,393.3502664713488,387.4908706109716,379.500350184077
39143,39.62659321467403,33.78540035024851,16.77142828398649,446.2046120219018,450.7462630884794,382.7605644470783,1845.1144071251983,1833.0955491386194,1680.5783684514977,175.37350389495919,184.12077049262393,171.3578892147322,352.74621647383947,361.8404481126125,356.32022230718115
39145,51.837897448935585,47.360142801231476,28.720550896969776,573.9312262965516,575.9664342032303,511.02768046595867,1942.6547407453377,1920.68512915901,1785.9971057976243,218.14038191198514,222.33079413322093,211.7348758091501,411.43295934600354,399.4156969316246,391.23033114633785
39147,38.47744423945654,32.938596963762016,16.494256442623943,445.2444896815103,448.87931017217704,383.0917306167067,1828.5883557720958,1816.2607525169346,1662.0413067522509,179.31700830983021,189.367460968593,175.82049809616433,360.074858670341,369.2814166304697,365.1724721875943
39149,37.25361830318233,34.074811890199705,17.485490948240333,468.85640347438493,474.25682652463536,407.59640178934967,1831.9135413003999,1813.1816514710706,1656.0154399947696,196.72420290455702,203.8907146339509,190.87240478618415,364.8822785445806,364.6014433556378,363.9615101849116
39151,34.52781074340318,30.61673467171546,16.74948710814606,453.03903091965196,455.05817588361316,390.3576143322424,1755.5854981609682,1745.694955417886,1606.9321470070377,189.8947136809981,195.76328619584044,185.36703658313442,373.33216136159433,380.6270315112057,379.21568764621276
39153,32.12222610620246,27.80684570557825,14.96788562589821,433.41375815580625,435.63982099040715,372.5651449791863,1748.7337419861337,1737.3424987054373,1597.680303234863,187.20313826226487,191.9994361972482,182.30697212104337,369.98879203786635,374.1939459344016,371.4082255533159
39155,33.093124535877664,28.776605439267456,15.871951848620967,426.61564336549264,430.92694059134556,366.6957261423257,1718.5781790781887,1709.0515762728828,1573.6968043406778,182.4790782124854,184.43504011032414,177.2374290894926,375.475873230613,377.09847382190065,374.86319837945945
39157,36.94500794108312,34.30323503648299,18.625627206656123,480.7804985732097,482.2859388873236,418.31091159805675,1785.994595786673,1774.652217284632,1637.49239746545,198.65887306544556,205.39549298675797,194.72143228984908,383.0460495364703,387.905756062596,385.36493092326185
39159,40.80673120312249,37.55632471757003,19.408751226136165,475.1003950773496,479.540946268112,413.9838402693108,1838.0689309295844,1822.6836406181155,1671.969166574124,197.9308926210926,204.81344153965796,191.96056070593153,377.43317153891525,378.7404668771079,376.6840274220099
39161,43.36582938469843,38.20304964098243,19.458260518520984,468.48321189336247,477.36761696774454,408.4427324920247,1858.2839248934433,1838.0962292075005,1676.9366685093814,189.23522507950065,196.2758098361822,183.4318797682228,363.45077689620484,370.26023744466596,363.3345980748674
39163,48.229207105703935,44.297685351695556,27.22785281701395,543.409010500068,544.321875656712,479.7971807549141,1896.725307002495,1879.8077960908674,1745.3079538931481,206.72111489589946,212.02111081326234,201.0160155950562,400.3305787565456,393.53285606412794,387.12397263583625
39165,50.78228065078868,46.282984240605145,26.332071087598916,546.1191137257462,548.2631001736595,479.8340895736889,1939.6058689493843,1919.66304391806,1775.9213880315249,212.4066782519838,220.13770720612303,206.76117576799192,379.0152749337667,378.0213213693899,366.9164967376254
39167,50.72809798180357,48.310310978141146,30.739848306243783,532.7865446098692,534.2349038743005,472.1674506908588,1854.89851573006,1843.7988651635399,1712.6598735178486,204.88880094013598,209.49340389185363,199.67330307580255,405.94550335713063,399.6770742975353,396.13175818755445
39169,31.794757676668116,27.78751802472823,14.59075508117294,445.4909086842348,447.4549064860201,383.9074925258615,1756.9902657623102,1746.5668526740415,1605.015043721776,192.85393203881432,199.62662400121076,188.42049072610965,384.6539721590199,392.97660703702553,389.7346327790492
39171,41.62092535503329,34.8473524389784,17.681330331105464,448.56101307304726,458.7600281418395,389.98849117093584,1803.5906936191582,1787.6321222172514,1627.739865283835,182.71895817764647,192.866182839121,178.72211312547458,362.4695879307811,369.4933851723374,366.8834865699909
39173,43.29258098384886,36.583898490270506,18.59516530692352,457.799401135315,462.53196153444316,395.30650119040723,1851.3876033597357,1835.7648912634188,1680.8062157342392,174.95961047526697,183.81459051123338,170.75105703744802,343.6890650087145,352.8329669458228,350.28061133066296
39175,43.27868243399881,38.28146682586773,19.405558458260817,462.11523610602774,466.32715050118276,401.00213212826594,1846.4952715383156,1832.9380878671047,1680.0080891608432,185.69655788896824,194.7066378263617,182.56773651829627,363.17008295438086,368.6237857828678,367.16273154655426
46003,98.01417481268115,83.77336345686666,46.81972193707941,430.7844336730086,423.37496072294346,364.74470773551053,1875.2552709148888,1837.1288470038592,1669.1142137599115,152.95344922779992,156.63676820585187,147.60655912947152,267.19970597412134,264.2070677326119,270.02859296205776
46005,83.69549830391139,71.9380732363002,37.49466039926742,408.50272470348585,405.1796924237008,346.16379061697546,1841.4784916383044,1804.2178388115822,1633.2568365312297,140.7710778176068,147.26255817727272,140.03446533052352,267.51047395346285,266.45023962356396,268.55972916780695
46007,103.89434148086568,89.39873168287647,52.963451943243285,390.86046266138993,382.35550588617167,334.1179132197591,1780.711837657115,1747.5868628837584,1596.7850934809044,130.63488839581612,128.80158796549287,122.98607246117778,224.61245964342544,226.76700623911725,226.73333490734223
46009,97.91358336338882,83.24262288115082,46.221628206975375,469.94178468620504,464.9846921197669,406.1400404574815,1926.065813980745,1888.0894533497872,1721.5008585233143,156.01799722614422,158.64428614101854,146.4181079474382,292.7587957895761,293.002482360476,296.55067244934173
46011,53.06599534555552,48.01725746467425,21.20510394346534,385.5730237890666,383.12018824685913,324.44325031386876,1763.8010157942329,1726.7553977741532,1543.4778349509315,147.6301556801706,155.28402961840825,144.47339719069896,304.2582853752642,309.7964064373516,307.93237910995174
46013,64.68935609975532,55.33305464662804,26.528021690828673,366.33563537045484,359.0285490143992,305.72162818132006,1710.650811491112,1674.0305169596115,1497.8159543732397,134.55466409598196,135.4550234290974,128.12345318932802,265.44258525102254,266.7901444655864,276.70560828741344
46015,110.62520054257581,93.99441392359577,56.0621572026774,425.2063615382767,417.4822659619184,361.5541854100812,1875.7151623791947,1838.1254131095902,1675.104172817805,152.0327343421593,155.48371545364324,146.88868157525513,263.3032197351524,260.6340619580293,266.62586128516796
46017,112.91033179143645,94.01990891174871,56.526335977465706,413.8113309726963,407.6562304661925,351.21320086779747,1862.5702572578186,1825.6321508347987,1664.6413231934087,144.02999644722735,148.97782917589763,142.84523212075857,257.02669338478984,255.51556799660776,260.71310772264314
46019,90.10977046447613,79.13651434629698,44.4731928669067,348.9616682844236,341.48482442183297,293.25312378897326,1726.0233358192897,1692.812361984084,1537.419446126097,120.67291674867272,120.82176197312194,113.32689727682414,185.44374599305723,189.10952740049257,191.6556184436205
46021,76.92891491949419,66.48364959503809,33.942143904185585,350.36650955728265,347.8343906778755,294.02894591593224,1717.1552636399724,1687.7090591999709,1515.1064832455836,119.29464327853115,120.4339972018292,111.96851203061162,231.70931270399964,237.01794582126914,246.4582327332568
46023,104.82327040606133,90.00442905397617,51.00192870087894,448.5986026281562,442.92216887823577,385.0570307947365,1902.00659492981,1864.850347419189,1697.3461130869205,160.9518721192346,161.43220486661605,150.9136258761427,281.3311422647356,282.1387628787622,285.1003994333475
46025,53.6471379276778,46.0314356072919,20.89425230004818,361.9450940529026,359.08983892748165,303.6371974596435,1736.6153503912617,1699.6883566835284,1516.5796322818517,139.91071793805665,143.58562984538622,136.09683349256778,280.60762250090505,288.2822015263725,289.5023345808128
46027,95.18710260021959,81.50273768522774,44.67014688283386,488.0799374228019,483.1749427024238,424.089478046824,1930.5293958706218,1892.827347460851,1727.8150179213505,164.68885549151437,170.14595106079958,156.87899228901622,314.7015512357687,316.68409774440937,318.8501073322142
46029,47.696011763742135,41.644643386104676,17.432061309985276,355.3607545714665,351.55381148650923,297.15478810310606,1711.3265510579542,1676.444737271966,1490.8254894908857,138.14985605919964,143.02029330996726,133.8365793687291,282.162312418219,287.7516219802767,292.3408916824888
46031,80.5681463596066,69.85407896105336,37.5567785532206,348.1289105431215,340.5336271455793,289.2596794265234,1719.074431400495,1689.855668145102,1518.1596097750903,112.19363406017882,117.91799969791103,110.15367388495429,217.86309955758406,217.19164040772426,225.8075853052554
46033,88.04693461677611,76.6831490587405,45.007552579789106,343.6954124263496,335.96807393436353,290.37124658701117,1657.786639823665,1625.8216727032004,1468.6586845620266,126.0180232477486,127.25290799761333,118.65557589959924,198.72865261622272,200.2956972447629,201.7353838257661
46035,99.61641001801789,85.64761176082673,47.14428441677736,451.8833464481231,447.23275390812506,385.267178820078,1912.1620303333286,1873.5225791344674,1704.886076252356,151.57317715902875,155.5265462174015,146.25904268095832,275.54256166355015,274.0917601301755,276.7027664699682
46037,47.23395132887643,40.12521651381926,17.284138708153986,344.32945261475106,337.9498742859201,286.4970358317515,1677.1879519732574,1639.21599575508,1456.6450001408539,135.41186378536534,137.74854129671496,129.571959374732,275.0685579655404,278.7791060194765,285.3746284259755
46039,48.72505492046052,42.94506378259906,18.1330132185818,369.9157747169934,365.9185864553574,308.7982022480211,1726.3583337669436,1689.3986253028513,1506.3649072380117,145.63424049690113,152.59818086779197,142.62498836369758,297.37101449626533,304.4901339628026,305.21029049388915
46041,97.24238241337721,83.25557025703486,46.9158984328381,367.88478723482723,364.20858064943866,310.6425147932233,1780.2524932640258,1751.3117445493394,1584.9153866507472,121.48859483821843,123.26291483231046,116.07141648500215,218.4625919527818,221.5525900442874,226.09225308023036
46043,98.97944881001726,84.68220725522492,46.74719333905761,445.5545953636657,440.89605394921307,381.0880802431772,1896.2582291689682,1858.8449947560734,1688.9536569240408,155.40646510165874,159.4947580836247,147.9312566186478,278.44064115397947,275.9220508719073,280.50728836000957
46045,78.67291770418505,67.02033825796255,34.47014385590602,366.63822409643194,364.6729212302506,309.8285787112848,1740.0498601661234,1702.2797207286476,1532.3752721252933,133.05479882401906,134.65683682821933,124.94111101862866,249.70489933949221,251.5460328568473,261.6613902829195
46047,123.244001638846,110.25104443734138,69.64415912219678,403.5461623955172,394.30116554667194,345.3665652300209,1785.198378306556,1751.8740562078092,1603.434173690647,123.50207886011064,127.057802306546,116.59856179307091,196.64838971480987,194.59281625889952,196.59354697088628
46049,86.27338674315983,72.47058509171566,39.065149404393296,375.366438840911,372.7995737730774,318.45598511746766,1769.8382646775851,1732.8287243638867,1564.5325719886782,136.44697655305328,139.51548043943507,131.4328606128417,251.6435597469114,257.34257070648977,260.21031046744883
46051,50.64038511167189,44.23111339643164,18.819740558652228,367.2209634430757,361.9627355793214,306.6333871470343,1721.6751502840311,1688.2599641583136,1506.0802531021939,141.81404175109475,145.82799829136587,136.071110865462,286.7575689712643,290.478461227652,294.4924991481088
46053,104.13427334242488,89.69022533611567,51.84042761960576,424.5778426565481,417.8135977762844,364.31474615051593,1866.7413780887255,1828.166937400362,1663.6342012550576,161.117817447183,161.93433922142918,150.77893611802182,276.0625993651169,275.06163851854603,279.87474590498056
46055,115.64297460918542,100.8448867069098,60.00927443256734,391.6457817253617,387.74527816755756,334.837736587032,1825.7061198930273,1794.2640529566095,1640.9381636578291,126.5364543557022,130.71527364108042,124.3680642119543,207.26258943453882,209.62384579017316,211.497277576371
46057,50.79480843154839,45.72506451577239,19.75942042049724,368.9329414538572,366.4096861182229,310.43638166113345,1745.4510005482002,1709.515129257588,1524.9425726199484,139.28974865435467,147.72058415879775,138.467976604894,287.703663298484,293.0099687186515,296.89938439567703
46059,92.91166316964826,77.49800850053029,43.04002103165913,386.65884673885023,384.26832315614433,327.6762180781239,1803.6828967004785,1766.9142482686082,1600.47849435885,140.37663604027895,144.6132255268193,135.77769665009205,257.68611456757066,259.5902350648854,260.2761657583081
46061,95.19681700768798,82.53695543661253,44.48646304849085,461.01877831429374,458.22502975376375,395.00834228744975,1923.8004359184156,1883.6610299424215,1713.8559817718203,151.9793314107218,157.53433219804302,148.20003634768656,288.67031237628765,286.7828160505103,286.6853568617546
46063,75.47307804673832,63.81734014084965,34.14002564340017,322.6341953644759,314.76826783643014,268.46637233173874,1664.8046062517726,1625.7913307021768,1464.9226084373827,112.96132268523642,116.94430480173347,106.88495901195836,185.40696738387894,185.95113971159927,194.32395371286736
46065,125.71905628287155,105.18404658427589,64.97360284607377,406.9730181329008,404.33838263583857,349.3114296157843,1872.2931184883328,1840.753522984584,1686.3747136591678,135.52115555484727,138.5578749299413,132.7104004035492,242.930408854855,239.9328081617456,245.43581024574186
46067,95.21338663699683,81.06487055582934,44.30321945993099,464.1305533451847,461.06665510018854,399.7083141103684,1918.967979572563,1880.3598586364544,1712.3645240807666,150.60921153990543,155.59079527432917,144.7374566977744,288.3769703739707,286.95494944641496,290.2698256264045
46069,107.19806954716519,88.54297362138487,52.20717031551508,389.07292251412525,386.38248788075435,331.3428661347813,1821.5875689121997,1785.9093454585247,1626.397970740331,137.56156371459855,144.39913743180495,134.5487428723306,250.18257456993996,252.1238248049429,255.34465369449313
46071,123.12982967326825,105.91889647805837,64.95809615888405,409.66040596129153,401.403604531861,350.2678496265754,1839.416909239942,1810.715392007443,1659.7935509247425,128.7933642736661,129.66896911037725,124.02320753159344,212.85768018056518,215.7241983876364,216.02383636038394
46073,91.27391311355521,77.03472324125092,42.20150795432692,409.1282907088982,403.3943820927239,345.77197618306275,1841.4763938358706,1803.3225788832963,1634.3371689939208,145.37873001434482,151.58836445913474,144.55824115075015,261.34074079622746,259.0321854661748,262.6109123610207
46075,123.87229994874276,107.01539408442417,64.80060138630793,405.87108897556357,404.2744422996342,350.65457905906806,1863.9013216151711,1834.3626103845913,1679.9103207446067,134.09599445433412,136.38727534760324,131.32222423647278,230.8727595274319,233.79144449795658,233.49191986968307
46077,59.168380092369375,53.70451901886813,24.893745358178368,390.1321662643048,387.93603549527086,330.3193198415307,1793.0580484258176,1754.2818988611566,1574.4156608643325,144.4166719724788,150.6254133271793,142.90447038891523,288.57394272386637,291.2729102118672,291.112470273692
46079,58.09377463944689,52.23767658763545,24.179902849654816,399.9370984404576,398.05524442924974,338.0145587878043,1797.529511525426,1760.1273935181027,1578.006086092379,150.82022952892723,156.09542136573708,147.4334021386655,302.9653275899821,304.748911804092,302.95429307664756
46081,48.949124777838776,41.234960733226615,20.46964186324349,266.58231523445625,259.486365283335,219.4566223228688,1486.8526440862488,1454.3178385368617,1290.5810915401235,123.13746681534273,125.14697150212407,117.01069020234824,191.48206908654703,193.78947899375993,196.95892996656397
46083,75.79294824306062,65.60811264489682,33.30919113845738,454.9878204119307,452.0827313253277,390.9469372384024,1868.1224009688103,1831.0587099744832,1656.5420498649673,159.4080735346878,163.28272121949104,151.8784433031604,314.34010441907947,313.598061707478,322.74738434486363
46085,126.69664794018665,107.568770987381,66.83483814812412,421.15987310752996,415.1282849727988,360.6557301808044,1887.5819930763882,1853.390306971351,1698.2784675190942,143.12006510409554,145.6305508517871,139.11331567557704,249.84121292487234,249.7244175317716,253.4686769751958
46087,75.88006088764979,66.64634073602153,33.57573719821992,437.02319791701694,435.4568920459412,372.3681862552267,1868.0569455204818,1828.4208081526308,1653.6426819459855,152.44799253042174,159.09588746449654,149.24112708755484,297.01006328271126,297.0635484025919,299.1597773833991
46089,69.27007745254136,59.06194884647207,29.368960668873576,353.66095269448886,350.9694860700387,296.3490265531769,1702.9342099962814,1665.709354071812,1494.2175493899415,128.94000187574798,130.0246465206932,121.91229322320919,248.22745159600754,249.73640283833544,261.51354030130244
46091,47.97321063979542,40.49996842713594,17.777679565752408,344.9756798088108,335.18871819048303,284.5613047527075,1657.7619644013012,1622.9929548410669,1440.4343931459257,130.43004183329577,132.65665108712696,124.76298003627304,272.1835130181374,272.4248429046301,278.2299803131053
46093,99.67309945286377,85.97610226967008,50.216722086817676,368.3974952028223,359.8683466497456,309.5199649830608,1767.7574688822515,1737.53017797626,1583.4781998980575,126.37556916210315,130.438040847015,121.55013377858602,193.29551350426945,196.86690134959446,200.37225805157806
46095,124.17943849646899,106.72827733802805,65.11177318177182,414.617996595645,409.7417092689533,356.8978988844636,1867.6613835423443,1836.767525730464,1684.5529194621818,137.83989011309274,137.66363497284215,131.17945148519706,238.30008358724012,238.2867261198497,238.58134191867583
46097,76.31146085063578,67.6203298825201,33.92945660969215,427.230975979896,424.34228138026566,364.0112040379107,1863.725574665864,1823.0593010144178,1647.847088961229,149.522200997222,155.37049985295158,147.58657754601066,291.5448796032532,289.8072892781984,290.5813854842998
46099,61.65918016096303,54.114379904596646,25.908420827481955,416.5561627624476,415.02850922357595,351.7683981192917,1814.512315102098,1780.098997281732,1599.9310037584144,157.282510188389,161.8521693880308,151.0738707860356,309.71093386790943,310.33829799312787,317.4418883728821
46101,55.04927687047173,49.119422221152504,22.540281045291216,397.09417811082164,395.7240685036451,334.4991214205885,1781.2666608863321,1747.082939614779,1563.5324044184028,155.62391366078893,160.03604283894506,148.38321349992322,312.3413010576893,313.52936975794535,314.0757460409594
46103,92.82118761412148,79.96596791404711,46.847777434437596,351.72545814102534,342.1275844536438,295.3112021581091,1690.379917780268,1660.6670031324302,1504.9586068749686,125.95770681459017,127.09828178596051,121.71226439317074,199.38264195836373,200.1525542087862,202.94228273103943
46105,78.47079246899506,66.38655427931103,35.96220905271143,335.5419406972022,326.59623700834084,278.19194772785767,1700.025872876305,1668.0288071803031,1499.153963218921,115.67075576924981,122.15482721800693,112.26500505441167,199.92675710884777,197.05242961341492,204.763589219254
46107,97.22472411252309,81.5083332442169,45.23899609383806,370.49476094347705,368.4943072938315,314.8753415049106,1784.833100057774,1752.1941655252926,1589.5247708559136,129.1907689412922,131.33131320976003,124.1145081309832,238.44998034728155,240.04156852306315,244.8116581889884
46109,49.37136989354806,40.88925721345864,17.905639517133924,359.6530875881643,350.33765711137323,298.0448455049982,1695.0018636410132,1663.559456788315,1483.326409004637,133.8590406167327,137.1662809526076,126.8369180480775,279.1501877251938,280.2915157198577,285.51714891076733
46111,93.47050545567001,81.52404486774468,44.0395528912788,441.68253217096145,437.3946771339787,375.4838331870102,1898.658305102718,1859.562045748126,1691.1354096655905,147.01459955564584,152.95147790574572,146.1627984543183,273.1607176295086,270.47992398129975,272.6363476907357
46113,119.80588124642831,104.46651359042949,63.281829057344154,408.1960853025074,399.61658286111015,349.28062454240137,1800.3971374681485,1770.7717153248802,1621.2018391267654,125.52792605998425,124.89301239406484,118.54709243148031,211.2295766951097,213.57040383606736,211.63956029965138
46115,72.66357354128426,61.974815267390134,31.15303807099615,380.6523380367669,377.9757183397587,321.62994388938506,1771.2556206301174,1735.884625052088,1561.8547230902275,140.62753549393736,143.2060089019752,135.76841658349082,266.04965196186623,271.38211635097707,274.4015819108431
46117,121.50032041173839,103.6397803972894,63.09404676820068,398.1818754941912,395.61838867149,342.4211251884979,1853.701490154724,1823.735029000929,1669.2615018718134,128.94933584488388,133.0967952069348,125.57951836645961,224.10041986672587,223.7766391569371,228.37601904222456
46119,113.00539761014673,94.08276008024674,55.715561867900405,387.9137533952007,386.15435056478066,331.6203029354381,1832.4429216502929,1801.8847301781868,1642.5509805335648,131.41895690796207,134.61181611963502,127.39579732882244,238.24857326992372,236.92760281869315,242.37142490895772
46121,106.605258116396,91.25437954748705,54.17816188999416,398.5066186542464,391.9117240090744,340.53828518135447,1822.1499950019884,1786.7599466594656,1631.3573872584425,137.87342115889265,136.79215614632446,130.8452414403058,243.89440668754455,245.92632181948852,247.40040492627176
46123,113.95550312985942,97.6237093874885,58.99109948526516,416.3854856642124,410.42490582714674,358.29313951149277,1864.5931991355415,1830.3865503090044,1669.5684562297677,149.8112682574827,150.98839926907746,142.2722996136678,258.9977922980859,258.0424843553713,260.8585789329744
46125,83.62096381134441,71.55152934976493,37.72397792699569,458.38613497356755,455.8925915499084,394.2950717482164,1892.0093525345267,1852.735553399731,1682.263689043491,155.1038043334391,159.64802835259835,149.20645674752936,301.934554672225,300.83718954342885,306.977050508246
46127,83.62765932133057,72.43102275107269,38.359784618010515,482.4245125324319,476.6278084435473,417.00836645124554,1907.196524746195,1869.2795832280895,1701.958463996826,167.8194637260831,174.3207102789198,161.04267437496304,323.8085347603766,326.7810266863292,329.1775043355494
46129,83.92834682866933,72.19811523163409,37.8823078717057,357.46204621937574,355.2038570350127,301.98759475846725,1740.9160255952593,1710.1937794461144,1540.999443207563,123.22194107519377,124.28701469460188,115.28247608133381,235.07152633610403,237.95279070471648,245.0531624625374
46135,96.66052107662989,82.47925753349044,46.04271639131629,478.2965041033896,474.0089681367382,414.73017662038666,1931.5152559917813,1892.575422842976,1727.8773255437416,159.89584528039092,162.919713462576,150.7578282399542,302.2165293897511,303.15825818846105,305.3467688360598
46137,98.75915341704767,84.5296979885101,48.97954832121706,367.15603762174453,360.80185234907157,309.6337750079716,1779.5541903895723,1748.9355750329578,1588.7833253101169,122.62970501521404,127.25020171234283,119.27190728546123,204.04867315736277,207.46553436008293,211.55738044103137
55001,21.6106199028236,18.02314167216854,7.449697512194822,365.3366418597168,364.2452100120063,307.43961152444064,1632.386813008848,1612.4787394744787,1441.391713828392,177.14633313497433,183.8992886062021,169.1094348703001,388.8952785485868,393.95334414292256,394.54828814342557
55003,10.038489755191012,7.348284700825954,2.6901907708915678,260.6782384734433,255.59088608851033,209.65648536951167,1402.3104082034145,1380.8035695732647,1216.5171802455322,157.6129486447799,162.67322762668715,151.80347574944503,362.53844780836175,371.0335801677625,378.1242493146878
55005,20.97532950569549,17.300786058310948,6.979500618432536,354.9211507493412,353.1585652228876,295.8065404356328,1590.3672168322087,1569.2120643485284,1396.5932175266032,172.0448284358853,175.4134286917674,166.202664898378,376.5760055139416,388.2503593823838,396.7808120900023
55007,8.980262202672796,6.376791712405576,2.247622596836759,251.97078594402387,247.0314557877188,200.71149744428635,1397.078834334365,1373.9600610380128,1209.0894726376011,153.4818667269323,158.6519997319764,148.51374264657642,358.4865149001047,367.82843964301685,373.69716038747237
55009,13.893913834979202,12.014388001683308,4.1516340623216035,322.66746531231104,327.0176581049681,267.45505451531545,1616.236806795527,1593.7062416419462,1430.6285103625137,154.07795683588887,157.11987990225796,149.06754048527213,340.94117986064197,341.19373996099137,344.2847287212486
55011,30.355153306337844,26.558835664822283,11.347951181956173,400.3645185597944,401.86758566876404,341.405839203574,1720.175254914173,1705.1398139936823,1524.821351939749,179.16946184489152,184.45081092658435,171.83141784502965,385.26040453522046,401.0770857543489,400.4168637209766
55013,23.781036735574375,19.486434057220087,7.69212255560377,357.6001488967239,353.88686804421434,296.318127212333,1610.461604576601,1589.856703066666,1417.1951517802859,162.2671910412299,165.58415313303306,156.3810713029737,362.92485160252124,375.970610793486,386.6090606382432
55015,16.446193637840437,13.906600957742034,5.262474500659809,337.9074299125308,343.1515582955661,283.0177575704259,1666.1948764610297,1645.3048030811817,1478.54248710177,155.05893848353838,159.47766936909545,150.53840797624844,347.89286474511107,347.0776839837466,349.7792874415184
55017,21.757469876514683,18.064738069601994,7.577042633340535,360.8672882851759,360.02220857835545,302.83595503129766,1618.979825128596,1604.0141050466245,1429.0700303482288,177.1352005336955,179.8171168558435,168.44629826520043,390.26800736236396,400.94693730964366,400.65096905154644
55019,17.479641655580807,14.523066688964912,5.983591595555816,345.9574347311724,344.9042894954594,289.87098096531633,1586.036294309087,1570.5858107924967,1394.3442476837115,176.52917449694257,177.3570194639718,166.7398125798599,395.54076554555706,409.8096555321902,403.23060475086095
55021,24.62385810715924,20.20888417248127,8.672535490839294,377.2990130336528,379.48481493489334,318.2461229373239,1681.4674290451162,1656.473348959183,1487.4639744827832,176.8095887958134,181.87835901204295,168.36624799124687,387.1286953648275,391.59245960611855,393.7844377616333
55023,33.698919929057794,29.02963982710106,12.706819007717419,427.0592093405283,431.10158853120737,367.53685336926526,1768.8483117725045,1745.9782779470231,1571.7108479763385,187.68675940200933,194.74151322302117,179.17323060733105,389.8584304801769,398.8009840914516,400.4005047133856
55025,26.871006013392453,21.7958187094274,9.61557842773682,385.5332993780391,389.0373537972499,325.6968246639852,1701.5048859304613,1674.1268237318795,1506.3231039330262,184.3070509901175,187.3411097700843,174.2846112802172,394.9471949377862,396.51206281959196,399.3885304479052
55027,24.28637216576809,20.571855263896918,8.905021325605421,370.7385475171827,375.35356253122507,313.52492747622887,1723.1855532059622,1695.5957093253855,1533.584727271729,168.54737449303275,173.1478402641742,162.09356664868008,380.4481245399152,382.3539795516823,382.7601326977707
55029,11.934107057251154,9.765453073562973,3.529597234882187,301.2900243613344,304.7518304304699,247.78331476222223,1553.1872083532262,1533.2779675213485,1372.6420817054513,153.05126322674167,151.6410043048357,146.10790163704723,344.3628896990481,340.1411759345647,343.50346207069003
55031,11.563628611138576,8.275713093128571,2.960866791926755,280.56340775453134,276.42272652556113,224.4056150582349,1462.1998188632533,1436.332832392363,1265.745005731668,153.99198556367773,162.38523721971842,151.9753801803309,363.0611366629237,374.31973254290983,380.9036746649346
55033,28.392416807094428,23.412306189635107,9.991229133668792,385.60276610801645,386.28458711100154,326.163522363607,1673.1020676437433,1656.125634757203,1481.633780849143,180.28377572971468,181.83354333011107,171.66104225292526,385.08009154428447,397.9487113408206,398.06881134645516
55035,24.55934139170101,20.892515335848532,8.983656936162848,377.09378919689584,376.75160876602683,319.0283324052329,1661.3111605182955,1648.3498368911871,1469.2233663940228,180.34052408385529,183.19275621390017,172.0912937505428,393.0086061866529,405.78537507501335,403.76558489252653
55037,7.972445517560608,5.655357202418526,2.1387043896389053,265.3627393295477,263.2039205794961,214.30448372595052,1357.122203945513,1333.560551205457,1180.869806716164,155.18355627791487,161.2955249305455,150.35034803138979,354.3469270781526,355.47831153808437,356.89913437730166
55039,19.530565805579776,16.37880009844539,6.505774062033689,353.1675636435549,357.1472759342256,296.58480533231403,1690.9134632499652,1667.163265926125,1500.2334459861759,160.25200009438055,165.4549633462861,156.0558395541585,356.91597331470405,363.8338473799232,364.7065330110894
55041,6.8508692681998244,4.672301943947079,1.8119234832959645,258.38266121759233,254.19411690762217,208.14635284368555,1319.8273879010562,1295.4621055392395,1144.396839297441,158.24802600026206,163.3102387085826,152.60124027280017,360.37145378804513,366.52238748434985,364.34509659471956
55043,32.067639482002065,27.139588820949758,11.616363240084196,427.65956650179396,431.6927181377141,365.69527389305233,1777.2477375616606,1753.5788859858217,1581.0187610212936,194.31917713282553,202.47209051645518,185.91835023583968,402.26929002715525,406.81550496833773,410.06867916363024
55045,29.723324671366328,24.46418033864665,10.92301026579203,400.59137796670575,405.206955426235,340.9808082773333,1731.6390794555712,1703.0098639124487,1537.5381374518429,194.9065326463552,195.92057289843342,182.78231619226173,400.2691637865071,403.38940470491156,403.98777992009826
55047,23.86317068628551,20.240534693180905,8.469820539416864,371.6224303225506,372.9933603196215,313.37088955575115,1685.0148777214804,1660.5237646650676,1494.4840984079701,170.82757109514222,174.04154869647806,163.20074339446597,373.93102998341027,377.83598571203174,382.5492041076914
55049,26.94134334218959,22.363411176242515,9.518832016733834,400.4445580272657,404.2998137338983,340.0661254151703,1714.1698342651957,1690.0087646614447,1518.3103795289887,187.98038321042117,193.21328957888508,179.25785012377824,401.93886766284925,402.67873898940854,406.69339854560565
55051,7.283720413358606,5.170372901377254,1.7257186757861462,247.28735505970903,240.57097036083474,196.78507079084378,1336.6119877570165,1316.160959420376,1154.2327768856362,161.34842714815193,166.60558624692536,155.03400361632993,367.34019558464024,373.71240226347925,379.1881673967752
55053,24.361383239355348,21.603376776809462,8.97417237508434,381.9897712539047,382.7978825847311,324.36328181683126,1674.4065918586803,1657.9170613413621,1479.3808587929611,175.0047600523533,180.24919240961285,168.32616145504386,388.5475178238743,400.5635361783668,398.4235116343956
55055,29.651845580705213,24.590516206123688,11.48437522726627,388.2321748679621,393.4831065235939,328.29003938779385,1751.3953946381157,1723.4341632838973,1563.6761097260041,180.11891075395306,181.98418219837055,170.30127061861876,386.4226976335453,388.55659161367777,393.4530860038195
55057,23.78275561196515,20.213873384514688,8.237116800049726,377.58254891543555,377.66337641670214,319.5072282556792,1658.4008089043539,1638.4499529869256,1465.5229228208764,178.18446219801282,184.8561810185526,170.6461300584725,392.8104977577092,399.79840016543096,398.72797402536736
55059,20.18432246905663,17.224473315278797,7.236352335197189,363.2592791049166,365.96568619514454,304.17333241598146,1757.570063453072,1728.1763659905926,1573.0921652670409,186.5467851812856,190.6877397238451,177.68426873460433,361.86780138132485,367.96959345332414,371.1145896302555
55061,12.288344373487465,10.400204530819124,3.5602925626417985,310.02049405520575,315.4496005344538,255.22801686565913,1593.0474677954546,1571.4981636638336,1410.4924882254595,152.54574092570263,154.60121346812198,148.45460988464316,335.72743900256484,336.3044067402801,339.22766998450817
55063,30.831695335572892,27.574769444733725,11.748620387530492,412.1427515299157,413.36884569565825,353.9235676651964,1743.652743557009,1724.2441753524886,1547.6836719851622,178.51521961138377,185.196594330324,172.68996152959548,388.77360405887816,400.1699108864729,398.08355278049766
55065,29.78539566627911,24.59736231794526,10.619092379204105,414.52243507726615,419.1586121816317,353.57132273418216,1749.8691655468288,1722.1855313331744,1554.5287159527966,196.27076501889977,199.86682748448285,184.06820353584902,404.9243793468928,409.16267223137993,408.2456649518168
55067,8.041498273663377,5.658792111391673,2.2749749061886253,273.11336630965945,269.31885491702,222.34107051838814,1364.478934919215,1344.9793402685034,1188.0762832711264,168.61147290219975,170.1514887995205,159.6029243321031,371.78540741550813,378.29134261967454,376.6159236913221
55069,8.882850439098679,6.852555120264012,2.52432683448057,281.6897006221093,277.5487999160663,228.09437264831746,1393.114460767936,1375.4012045647974,1213.0975325624274,169.98834062552908,172.8303324406427,162.0141689490789,379.9131836720247,397.1455037650135,393.1713403862216
55071,13.141447527795302,11.255244338623825,3.9373536150315056,319.4312215923577,326.2094073171062,264.8146842023636,1642.6633124189036,1619.376088559242,1458.0862219873818,152.69695970174155,157.10589087030246,148.408562120643,336.052353051517,334.1944453821066,337.7353430673606
55073,12.32984188118088,9.759195015270993,3.7525148969832878,310.5019638588223,307.77565284519676,256.10450902751893,1479.111232154049,1463.5937417186772,1295.5180414092565,176.23911894895875,177.29874268140634,166.81618584342831,389.2833180732323,402.5540073874668,396.2840534677194
55075,11.143009350976978,8.912952337465281,3.3766380502420468,293.62275832394903,293.0851208266989,242.4732525106824,1481.2595623761958,1459.6623482390864,1299.9105784062572,159.69037515493707,159.15769257259223,149.88787055795282,350.99770546020943,351.16896094472986,349.08666992561837
55077,24.203334279474657,20.384035178569484,8.62220924907174,374.36158882436257,373.19585732593634,315.22941690385835,1666.5848158158776,1643.8634904146318,1476.3758829709946,176.54014286372689,180.38841568275222,167.7435482660688,381.64304531784694,386.49859565235073,390.8222338356563
55078,12.809340732990208,9.677874832231968,3.843744928491733,306.28894859361463,303.76809599543975,253.46795291977833,1477.962420877088,1457.9570838900454,1298.5075071790366,167.46501285722644,169.66937574945445,158.35066893460595,360.8964929325736,365.4823164435501,365.49360992117084
55079,21.771880067614724,18.27898697500935,7.7956428798572075,363.3548750482674,368.64552758910145,306.3171616941301,1748.9847171284314,1723.485958209068,1568.185568754361,177.81086895030882,181.0025006982033,168.20183371006652,357.9849843885672,363.0993500944472,363.2386927397887
55081,24.078891289934454,21.12180963208113,8.50612523396877,384.92722421580845,385.23005065263925,327.07012800167973,1675.0102604364406,1655.2111931511004,1478.606069028309,177.4860650526777,183.86116925738276,171.2990411886842,390.8503034967663,401.00020368915216,398.55402578215103
55083,12.772330739231377,10.252059828925308,3.787811101340837,307.4628570180708,308.6104811784084,255.98583000423187,1515.5856547201472,1500.7084815780736,1335.8230664016198,161.99512936742795,163.10425236429313,153.62489595207325,350.68008893364333,352.01890082705324,353.83819810117177
55085,6.8830335698025165,5.078881840116393,1.8687376117834558,257.87392936027095,252.7156836466147,205.86042002398887,1322.7093782758684,1300.730537655562,1144.2323451730185,165.38302640013669,169.3166574902853,158.63806426184874,372.3896759336068,385.07755549433955,382.0608913586439
55087,17.822798173629256,14.93324216823016,5.854869104454288,341.9879535657079,343.52100960114683,286.0929113590935,1627.5719900421534,1607.6992337334314,1442.0779088615125,160.95759454823605,163.91957114996507,154.30150048349736,353.44224561787934,355.41309922633013,358.38496858175915
55089,22.267468219304924,18.760576710547465,7.8591503124703355,363.896794750196,371.77838499814743,309.14409965510833,1729.9121291349118,1705.454563097886,1547.9416221003426,167.71213608983007,172.75716947330594,159.8328150579511,353.31184269937614,354.7281886576998,356.44820663633055
55091,32.008611235304855,27.11692962358514,11.961541737173679,401.53179687061663,402.9815513521563,341.7895199988994,1718.2191771519745,1703.277591717632,1524.941421912346,179.59091536686498,184.7970089012746,172.9031742849558,385.0186608140215,399.98609958199745,398.19686201762914
55093,34.486080251409206,28.473890604015242,12.614454913760142,404.4654687827324,405.240775520526,344.21105568550286,1722.8296571278293,1706.1655903956387,1529.4105053911774,178.56044422732128,181.4202544292827,170.37571725244294,380.97301901154543,392.51827847870555,391.05505771848823
55095,26.683539348738226,22.03011528979915,9.174448327391584,373.2145338188187,371.488010108388,312.42314716574884,1642.9562018996069,1621.3950444801999,1447.06042392425,167.5039808277549,172.78442087230428,162.01777994772118,367.5457635564473,379.6887058386528,389.42265422854865
55097,15.917368774502929,13.199155094788939,5.31692796336918,333.60016773380096,330.8720002052253,277.1506050573772,1548.5738830528467,1531.334873377286,1363.9015619317752,175.07121005430474,178.32468874025855,166.31052559905086,382.79925392040707,391.90977831000976,389.31040651940765
55099,9.102322815091057,6.812385820289459,2.5117269076831,275.05719568958887,271.1032165718606,222.42892272568128,1401.5146070484413,1383.0306626496517,1217.5759281907253,166.23759817965131,168.46055197770914,159.6636785342206,379.67220108730083,397.6735193052367,396.12087439522486
55101,20.37986264615616,17.2979492978937,7.203144907731416,360.9069196878977,363.9116812794331,302.39703225527217,1751.298632448293,1722.88811623428,1566.7825549297656,183.1726312539211,187.0965220039617,174.50052891459978,362.7490072220879,366.6142253705142,369.43882789409406
55103,26.483772309314656,22.420475395111566,9.41677082980399,399.4593250275915,402.6953619098748,340.7829380725675,1706.2411281295858,1683.3062369877903,1507.9962160759205,184.11702241520737,190.3390269823166,175.9565156098137,396.98423946787193,403.03337699256844,405.13506065908433
55105,31.636761042803222,25.678203900796216,11.850109728153836,398.17888556601815,402.3979485882187,337.692976992653,1745.975628929232,1716.4574387852645,1556.9382314602167,191.4240329768779,192.46127871549848,179.84945077309956,391.88743603726573,392.6206855911365,397.20791867723966
55107,15.962428049457618,12.864678786991295,5.239035032603963,324.6620445692348,322.1638995411446,268.5288281373544,1531.197969238558,1512.3520657048678,1343.9133169870865,169.396587188772,171.9498643048382,161.6205548177789,381.81347022737333,393.63051933311596,397.472243864975
55109,31.312249086024128,25.515341770829334,10.990156659560052,392.0689342134386,393.03316965872057,331.8627487605258,1690.3752748308038,1673.3285805532264,1496.7782229913232,176.45993634678297,177.4979045736448,167.81380473956892,376.2922994217524,390.742574250061,391.09931518209567
55111,23.928087142115224,19.82582658158177,8.282553363993754,383.3270036510879,384.86444322929117,324.0167617066339,1670.471522502739,1647.6606295977977,1474.3423550263853,182.83980736764073,188.1919726038248,173.7240338756709,397.0014545592767,399.6358039078136,402.7946403797017
55113,12.67441198022659,9.722094414092963,3.6415344259207414,293.30573010738686,289.61381594091864,239.16728040420602,1466.964308606854,1446.5628317329724,1278.3499190016703,163.6524687782157,166.26125265836106,156.63926375309185,370.68415846189936,379.52944110771307,389.9672549022837
55115,14.432658296494523,11.34188306935393,4.495243964819497,318.7262972640048,317.2402774895419,264.4077132430895,1521.225520264226,1502.9871976057384,1340.7352986447054,168.21069741756628,169.6973763913948,159.24497400098375,362.97721166638667,368.7993707248922,368.2321656716674
55117,15.129562895478117,12.825639646333002,4.75642823270071,331.3580248718914,338.64083241760875,277.4521303471405,1677.5770945628603,1656.6147748706237,1491.4145173714926,156.84449333713354,163.42647092495497,152.99510259474215,342.81940976125225,343.04727650799657,344.7898889154517
55119,11.93400900232821,9.292360997215354,3.5476142617472832,307.0710162260304,304.09425537991103,251.9092519395519,1481.7304553517392,1465.8239763623512,1295.4649902955125,169.40403602000777,172.5620931600797,162.00668542584756,389.4132238093616,407.3280796221203,402.6237029278572
55121,28.216978927096267,25.519792448446385,10.764183745987797,398.1029270590303,399.2910013293971,339.64994633094307,1714.9416949388099,1699.6532411569156,1519.6595245069036,176.28907388052133,182.6982102918768,169.90342782112003,385.24071631815633,399.0299026157549,400.07975077627503
55123,27.74621444312142,24.027197951160908,10.203074524992385,403.33239280124195,405.37582700989407,345.29091028692983,1716.1073683548632,1692.91344117452,1517.309016920021,183.3049494212476,189.19501790524913,175.07508805515812,391.98008169424827,400.4960101300159,400.5475983290059
55125,5.876305348374872,4.111462972343479,1.4058242616907821,241.8114856340746,236.25976983291312,190.94062267473956,1287.1709309882463,1262.5986840006244,1107.3264317454664,161.90083937334998,167.44029148184327,155.7869797578201,367.0658782943835,376.98686443829723,376.5187165135368
55127,26.602739821103864,21.640650143896792,9.98871662745081,381.47160589849193,385.6304616981136,321.4715777594006,1745.3003385505185,1717.7131840860031,1559.4854501015138,185.76779690941953,189.9859070616963,176.10369305319892,376.92410194865136,380.4873343012238,384.43541368578224
55129,17.05224439389429,13.47822200154856,5.100377422074516,327.200642267817,323.7560185167778,269.40331222804934,1537.0538043928775,1516.5990284211769,1344.228274381003,162.61380052692851,166.53620402542805,157.1120924918804,367.5690851473917,379.74152749559164,387.7593308174077
55131,18.975621189235767,15.590675825016572,6.2037817347917,346.4851234967611,352.6547074983635,291.9966377304603,1705.2403641927933,1679.825424340946,1515.9820471927565,166.73464457955038,171.71857867417748,159.75548283052012,361.75093883256966,364.3669352929563,364.0356654203715
55133,22.468561296200914,18.643637106113754,8.074382538671262,362.6620093063626,365.99965540311416,304.00962862575886,1738.4261745620872,1710.7742984419158,1549.1451307886027,177.0100524022578,181.35882686441823,167.82641434411806,368.3627984711758,373.15868757578943,374.0067410072933
55135,18.588888150892572,15.332423527089528,6.453101418435648,343.0047759405768,342.303268181217,285.942558141438,1590.607666393415,1571.1160216253415,1407.7274160421634,169.2659231751568,171.91621753677046,161.80197627179072,367.879404300871,373.1078468074929,373.48860217060354
55137,20.837451522473906,17.62528465672002,7.254684490801357,357.21995945196875,356.39217924613564,299.27247101422165,1632.1277723604267,1610.7587453219621,1443.7085692582746,173.2188239774559,177.87894835934824,164.08358490712078,376.3514180089811,379.8224022466019,384.71616266091735
55139,22.041007965798684,18.432969402895402,7.5911275095506925,361.1959094883201,362.51746142389646,303.20882349385676,1686.7558107367927,1661.6669684608125,1497.4536974982482,163.53528162979566,166.35312145761523,156.5492747967179,359.7442269233196,361.3879624937606,364.9254965814562
55141,18.631313802698607,15.559620984288447,6.313939899908613,348.6427353245891,348.23271684562553,292.3947798741191,1591.0029305943794,1574.4355247242634,1401.4113173400233,176.5578826510911,181.0754150382925,167.80558568753474,391.9192766434693,402.3120907107208,397.68388800279916
